Copyright 1986-2022 Xilinx, Inc. All Rights Reserved. Copyright 2022-2024 Advanced Micro Devices, Inc. All Rights Reserved.
------------------------------------------------------------------------------------------------------------------------------------------------------------------------------------------------------------------
| Tool Version : Vivado v.2024.2 (win64) Build 5239630 Fri Nov 08 22:35:27 MST 2024
| Date         : Thu Oct 23 10:00:27 2025
| Host         : DESKTOP-38PF9T6 running 64-bit major release  (build 9200)
| Command      : report_timing_summary -max_paths 10 -report_unconstrained -file microIO_timing_summary_routed.rpt -pb microIO_timing_summary_routed.pb -rpx microIO_timing_summary_routed.rpx -warn_on_violation
| Design       : microIO
| Device       : 7z010i-clg400
| Speed File   : -1L  PRODUCTION 1.12 2019-11-22
| Design State : Routed
------------------------------------------------------------------------------------------------------------------------------------------------------------------------------------------------------------------

Timing Summary Report

------------------------------------------------------------------------------------------------
| Timer Settings
| --------------
------------------------------------------------------------------------------------------------

  Enable Multi Corner Analysis               :  Yes
  Enable Pessimism Removal                   :  Yes
  Pessimism Removal Resolution               :  Nearest Common Node
  Enable Input Delay Default Clock           :  No
  Enable Preset / Clear Arcs                 :  No
  Disable Flight Delays                      :  No
  Ignore I/O Paths                           :  No
  Timing Early Launch at Borrowing Latches   :  No
  Borrow Time for Max Delay Exceptions       :  Yes
  Merge Timing Exceptions                    :  Yes
  Inter-SLR Compensation                     :  Conservative

  Corner  Analyze    Analyze    
  Name    Max Paths  Min Paths  
  ------  ---------  ---------  
  Slow    Yes        Yes        
  Fast    Yes        Yes        


------------------------------------------------------------------------------------------------
| Report Methodology
| ------------------
------------------------------------------------------------------------------------------------

Rule       Severity  Description                    Violations  
---------  --------  -----------------------------  ----------  
TIMING-18  Warning   Missing input or output delay  35          

Note: This report is based on the most recent report_methodology run and may not be up-to-date. Run report_methodology on the current design for the latest report.



check_timing report

Table of Contents
-----------------
1. checking no_clock (0)
2. checking constant_clock (0)
3. checking pulse_width_clock (0)
4. checking unconstrained_internal_endpoints (0)
5. checking no_input_delay (18)
6. checking no_output_delay (17)
7. checking multiple_clock (0)
8. checking generated_clocks (0)
9. checking loops (0)
10. checking partial_input_delay (0)
11. checking partial_output_delay (0)
12. checking latch_loops (0)

1. checking no_clock (0)
------------------------
 There are 0 register/latch pins with no clock.


2. checking constant_clock (0)
------------------------------
 There are 0 register/latch pins with constant_clock.


3. checking pulse_width_clock (0)
---------------------------------
 There are 0 register/latch pins which need pulse_width check


4. checking unconstrained_internal_endpoints (0)
------------------------------------------------
 There are 0 pins that are not constrained for maximum delay.

 There are 0 pins that are not constrained for maximum delay due to constant clock.


5. checking no_input_delay (18)
-------------------------------
 There are 18 input ports with no input delay specified. (HIGH)

 There are 0 input ports with no input delay but user has a false path constraint.


6. checking no_output_delay (17)
--------------------------------
 There are 17 ports with no output delay specified. (HIGH)

 There are 0 ports with no output delay but user has a false path constraint

 There are 0 ports with no output delay but with a timing clock defined on it or propagating through it


7. checking multiple_clock (0)
------------------------------
 There are 0 register/latch pins with multiple clocks.


8. checking generated_clocks (0)
--------------------------------
 There are 0 generated clocks that are not connected to a clock source.


9. checking loops (0)
---------------------
 There are 0 combinational loops in the design.


10. checking partial_input_delay (0)
------------------------------------
 There are 0 input ports with partial input delay specified.


11. checking partial_output_delay (0)
-------------------------------------
 There are 0 ports with partial output delay specified.


12. checking latch_loops (0)
----------------------------
 There are 0 combinational latch loops in the design through latch input



------------------------------------------------------------------------------------------------
| Design Timing Summary
| ---------------------
------------------------------------------------------------------------------------------------

    WNS(ns)      TNS(ns)  TNS Failing Endpoints  TNS Total Endpoints      WHS(ns)      THS(ns)  THS Failing Endpoints  THS Total Endpoints     WPWS(ns)     TPWS(ns)  TPWS Failing Endpoints  TPWS Total Endpoints  
    -------      -------  ---------------------  -------------------      -------      -------  ---------------------  -------------------     --------     --------  ----------------------  --------------------  
      0.143        0.000                      0                  268        0.167        0.000                      0                  268        5.000        0.000                       0                   155  


All user specified timing constraints are met.


------------------------------------------------------------------------------------------------
| Clock Summary
| -------------
------------------------------------------------------------------------------------------------

Clock        Waveform(ns)       Period(ns)      Frequency(MHz)
-----        ------------       ----------      --------------
sys_clk_pin  {0.000 5.500}      11.000          90.909          


------------------------------------------------------------------------------------------------
| Intra Clock Table
| -----------------
------------------------------------------------------------------------------------------------

Clock             WNS(ns)      TNS(ns)  TNS Failing Endpoints  TNS Total Endpoints      WHS(ns)      THS(ns)  THS Failing Endpoints  THS Total Endpoints     WPWS(ns)     TPWS(ns)  TPWS Failing Endpoints  TPWS Total Endpoints  
-----             -------      -------  ---------------------  -------------------      -------      -------  ---------------------  -------------------     --------     --------  ----------------------  --------------------  
sys_clk_pin         0.143        0.000                      0                  268        0.167        0.000                      0                  268        5.000        0.000                       0                   155  


------------------------------------------------------------------------------------------------
| Inter Clock Table
| -----------------
------------------------------------------------------------------------------------------------

From Clock    To Clock          WNS(ns)      TNS(ns)  TNS Failing Endpoints  TNS Total Endpoints      WHS(ns)      THS(ns)  THS Failing Endpoints  THS Total Endpoints  
----------    --------          -------      -------  ---------------------  -------------------      -------      -------  ---------------------  -------------------  


------------------------------------------------------------------------------------------------
| Other Path Groups Table
| -----------------------
------------------------------------------------------------------------------------------------

Path Group    From Clock    To Clock          WNS(ns)      TNS(ns)  TNS Failing Endpoints  TNS Total Endpoints      WHS(ns)      THS(ns)  THS Failing Endpoints  THS Total Endpoints  
----------    ----------    --------          -------      -------  ---------------------  -------------------      -------      -------  ---------------------  -------------------  


------------------------------------------------------------------------------------------------
| User Ignored Path Table
| -----------------------
------------------------------------------------------------------------------------------------

Path Group    From Clock    To Clock    
----------    ----------    --------    


------------------------------------------------------------------------------------------------
| Unconstrained Path Table
| ------------------------
------------------------------------------------------------------------------------------------

Path Group    From Clock    To Clock    
----------    ----------    --------    
(none)        sys_clk_pin                 
(none)                      sys_clk_pin   


------------------------------------------------------------------------------------------------
| Timing Details
| --------------
------------------------------------------------------------------------------------------------


---------------------------------------------------------------------------------------------------
From Clock:  sys_clk_pin
  To Clock:  sys_clk_pin

Setup :            0  Failing Endpoints,  Worst Slack        0.143ns,  Total Violation        0.000ns
Hold  :            0  Failing Endpoints,  Worst Slack        0.167ns,  Total Violation        0.000ns
PW    :            0  Failing Endpoints,  Worst Slack        5.000ns,  Total Violation        0.000ns
---------------------------------------------------------------------------------------------------


Max Delay Paths
--------------------------------------------------------------------------------------
Slack (MET) :             0.143ns  (required time - arrival time)
  Source:                 <hidden>
                            (rising edge-triggered cell RAMB18E1 clocked by sys_clk_pin  {rise@0.000ns fall@5.500ns period=11.000ns})
  Destination:            aluInst/zero_q_reg/D
                            (rising edge-triggered cell FDRE clocked by sys_clk_pin  {rise@0.000ns fall@5.500ns period=11.000ns})
  Path Group:             sys_clk_pin
  Path Type:              Setup (Max at Slow Process Corner)
  Requirement:            11.000ns  (sys_clk_pin rise@11.000ns - sys_clk_pin rise@0.000ns)
  Data Path Delay:        10.829ns  (logic 5.153ns (47.587%)  route 5.676ns (52.413%))
  Logic Levels:           10  (CARRY4=4 LUT2=1 LUT3=1 LUT4=2 LUT5=1 LUT6=1)
  Clock Path Skew:        -0.023ns (DCD - SCD + CPR)
    Destination Clock Delay (DCD):    4.959ns = ( 15.959 - 11.000 ) 
    Source Clock Delay      (SCD):    5.374ns
    Clock Pessimism Removal (CPR):    0.391ns
  Clock Uncertainty:      0.035ns  ((TSJ^2 + TIJ^2)^1/2 + DJ) / 2 + PE
    Total System Jitter     (TSJ):    0.071ns
    Total Input Jitter      (TIJ):    0.000ns
    Discrete Jitter          (DJ):    0.000ns
    Phase Error              (PE):    0.000ns

    Location             Delay type                Incr(ns)  Path(ns)    Netlist Resource(s)
  -------------------------------------------------------------------    -------------------
                         (clock sys_clk_pin rise edge)
                                                      0.000     0.000 r  
    L16                                               0.000     0.000 r  clk (IN)
                         net (fo=0)                   0.000     0.000    clk
    L16                  IBUF (Prop_ibuf_I_O)         1.491     1.491 r  clk_IBUF_inst/O
                         net (fo=1, routed)           2.076     3.567    clk_IBUF
    BUFGCTRL_X0Y16       BUFG (Prop_bufg_I_O)         0.101     3.668 r  clk_IBUF_BUFG_inst/O
                         net (fo=154, routed)         1.705     5.374    <hidden>
    RAMB18_X2Y10         RAMB18E1                                     r  <hidden>
  -------------------------------------------------------------------    -------------------
    RAMB18_X2Y10         RAMB18E1 (Prop_ramb18e1_CLKARDCLK_DOADO[0])
                                                      2.454     7.828 r  <hidden>
                         net (fo=6, routed)           1.121     8.948    pcInst/portWr_reg[15][0]
    SLICE_X37Y25         LUT3 (Prop_lut3_I2_O)        0.154     9.102 r  pcInst/portWr[0]_i_1/O
                         net (fo=17, routed)          0.571     9.673    aluInst/plAddr[0]
    SLICE_X36Y26         CARRY4 (Prop_carry4_CYINIT_CO[3])
                                                      0.783    10.456 r  aluInst/acc_q_reg[3]_i_3/CO[3]
                         net (fo=1, routed)           0.000    10.456    aluInst/acc_q_reg[3]_i_3_n_0
    SLICE_X36Y27         CARRY4 (Prop_carry4_CI_CO[3])
                                                      0.114    10.570 r  aluInst/acc_q_reg[7]_i_4/CO[3]
                         net (fo=1, routed)           0.000    10.570    aluInst/acc_q_reg[7]_i_4_n_0
    SLICE_X36Y28         CARRY4 (Prop_carry4_CI_O[3])
                                                      0.313    10.883 f  aluInst/acc_q_reg[11]_i_3/O[3]
                         net (fo=3, routed)           0.669    11.552    aluInst/acc_q_reg[11]_0[3]
    SLICE_X38Y28         LUT2 (Prop_lut2_I0_O)        0.306    11.858 r  aluInst/i__carry__0_i_7__1/O
                         net (fo=1, routed)           0.000    11.858    aluInst/i__carry__0_i_7__1_n_0
    SLICE_X38Y28         CARRY4 (Prop_carry4_S[1]_CO[3])
                                                      0.533    12.391 r  aluInst/acc_d5_inferred__3/i__carry__0/CO[3]
                         net (fo=2, routed)           0.769    13.160    aluInst/acc_d518_in
    SLICE_X38Y31         LUT5 (Prop_lut5_I1_O)        0.124    13.284 r  aluInst/acc_q[13]_i_4/O
                         net (fo=15, routed)          1.026    14.310    pcInst/acc_q_reg[0]
    SLICE_X33Y29         LUT6 (Prop_lut6_I2_O)        0.124    14.434 f  pcInst/acc_q[1]_i_1/O
                         net (fo=2, routed)           0.651    15.085    pcInst/acc_d[1]
    SLICE_X33Y29         LUT4 (Prop_lut4_I0_O)        0.124    15.209 f  pcInst/zero_q_i_2/O
                         net (fo=1, routed)           0.870    16.078    pcInst/zero_q_i_2_n_0
    SLICE_X37Y30         LUT4 (Prop_lut4_I0_O)        0.124    16.202 r  pcInst/zero_q_i_1/O
                         net (fo=1, routed)           0.000    16.202    aluInst/zero_d
    SLICE_X37Y30         FDRE                                         r  aluInst/zero_q_reg/D
  -------------------------------------------------------------------    -------------------

                         (clock sys_clk_pin rise edge)
                                                     11.000    11.000 r  
    L16                                               0.000    11.000 r  clk (IN)
                         net (fo=0)                   0.000    11.000    clk
    L16                  IBUF (Prop_ibuf_I_O)         1.421    12.421 r  clk_IBUF_inst/O
                         net (fo=1, routed)           1.880    14.301    clk_IBUF
    BUFGCTRL_X0Y16       BUFG (Prop_bufg_I_O)         0.091    14.392 r  clk_IBUF_BUFG_inst/O
                         net (fo=154, routed)         1.567    15.959    aluInst/CLK
    SLICE_X37Y30         FDRE                                         r  aluInst/zero_q_reg/C
                         clock pessimism              0.391    16.350    
                         clock uncertainty           -0.035    16.315    
    SLICE_X37Y30         FDRE (Setup_fdre_C_D)        0.031    16.346    aluInst/zero_q_reg
  -------------------------------------------------------------------
                         required time                         16.346    
                         arrival time                         -16.202    
  -------------------------------------------------------------------
                         slack                                  0.143    

Slack (MET) :             1.137ns  (required time - arrival time)
  Source:                 <hidden>
                            (rising edge-triggered cell RAMB18E1 clocked by sys_clk_pin  {rise@0.000ns fall@5.500ns period=11.000ns})
  Destination:            aluInst/acc_q_reg[4]/D
                            (rising edge-triggered cell FDRE clocked by sys_clk_pin  {rise@0.000ns fall@5.500ns period=11.000ns})
  Path Group:             sys_clk_pin
  Path Type:              Setup (Max at Slow Process Corner)
  Requirement:            11.000ns  (sys_clk_pin rise@11.000ns - sys_clk_pin rise@0.000ns)
  Data Path Delay:        9.648ns  (logic 4.918ns (50.972%)  route 4.730ns (49.028%))
  Logic Levels:           10  (CARRY4=4 LUT2=1 LUT3=1 LUT4=1 LUT6=3)
  Clock Path Skew:        -0.098ns (DCD - SCD + CPR)
    Destination Clock Delay (DCD):    4.884ns = ( 15.884 - 11.000 ) 
    Source Clock Delay      (SCD):    5.374ns
    Clock Pessimism Removal (CPR):    0.391ns
  Clock Uncertainty:      0.035ns  ((TSJ^2 + TIJ^2)^1/2 + DJ) / 2 + PE
    Total System Jitter     (TSJ):    0.071ns
    Total Input Jitter      (TIJ):    0.000ns
    Discrete Jitter          (DJ):    0.000ns
    Phase Error              (PE):    0.000ns

    Location             Delay type                Incr(ns)  Path(ns)    Netlist Resource(s)
  -------------------------------------------------------------------    -------------------
                         (clock sys_clk_pin rise edge)
                                                      0.000     0.000 r  
    L16                                               0.000     0.000 r  clk (IN)
                         net (fo=0)                   0.000     0.000    clk
    L16                  IBUF (Prop_ibuf_I_O)         1.491     1.491 r  clk_IBUF_inst/O
                         net (fo=1, routed)           2.076     3.567    clk_IBUF
    BUFGCTRL_X0Y16       BUFG (Prop_bufg_I_O)         0.101     3.668 r  clk_IBUF_BUFG_inst/O
                         net (fo=154, routed)         1.705     5.374    <hidden>
    RAMB18_X2Y10         RAMB18E1                                     r  <hidden>
  -------------------------------------------------------------------    -------------------
    RAMB18_X2Y10         RAMB18E1 (Prop_ramb18e1_CLKARDCLK_DOADO[0])
                                                      2.454     7.828 f  <hidden>
                         net (fo=6, routed)           0.819     8.647    pcInst/portWr_reg[15][0]
    SLICE_X34Y25         LUT3 (Prop_lut3_I0_O)        0.124     8.771 r  pcInst/res_carry_i_1/O
                         net (fo=1, routed)           0.190     8.961    aluInst/acc_q[0]_i_4
    SLICE_X35Y25         CARRY4 (Prop_carry4_CYINIT_CO[3])
                                                      0.580     9.541 r  aluInst/res_carry/CO[3]
                         net (fo=1, routed)           0.000     9.541    aluInst/res_carry_n_0
    SLICE_X35Y26         CARRY4 (Prop_carry4_CI_CO[3])
                                                      0.114     9.655 r  aluInst/res_carry__0/CO[3]
                         net (fo=1, routed)           0.000     9.655    aluInst/res_carry__0_n_0
    SLICE_X35Y27         CARRY4 (Prop_carry4_CI_O[1])
                                                      0.334     9.989 f  aluInst/res_carry__1/O[1]
                         net (fo=3, routed)           0.683    10.672    aluInst/p_0_in[9]
    SLICE_X34Y27         LUT2 (Prop_lut2_I0_O)        0.303    10.975 r  aluInst/i__carry__0_i_8/O
                         net (fo=1, routed)           0.000    10.975    aluInst/i__carry__0_i_8_n_0
    SLICE_X34Y27         CARRY4 (Prop_carry4_S[0]_CO[3])
                                                      0.513    11.488 f  aluInst/acc_d5_inferred__0/i__carry__0/CO[3]
                         net (fo=1, routed)           0.617    12.105    aluInst/acc_d515_in
    SLICE_X34Y28         LUT4 (Prop_lut4_I2_O)        0.124    12.229 f  aluInst/acc_q[14]_i_28/O
                         net (fo=16, routed)          0.643    12.872    pcInst/acc_q[14]_i_3_0
    SLICE_X37Y28         LUT6 (Prop_lut6_I0_O)        0.124    12.996 r  pcInst/acc_q[4]_i_4/O
                         net (fo=1, routed)           0.803    13.799    pcInst/acc_q[4]_i_4_n_0
    SLICE_X33Y29         LUT6 (Prop_lut6_I0_O)        0.124    13.923 f  pcInst/acc_q[4]_i_2/O
                         net (fo=1, routed)           0.403    14.326    pcInst/acc_q[4]_i_2_n_0
    SLICE_X33Y29         LUT6 (Prop_lut6_I0_O)        0.124    14.450 r  pcInst/acc_q[4]_i_1/O
                         net (fo=2, routed)           0.572    15.022    aluInst/acc_d[4]
    SLICE_X33Y29         FDRE                                         r  aluInst/acc_q_reg[4]/D
  -------------------------------------------------------------------    -------------------

                         (clock sys_clk_pin rise edge)
                                                     11.000    11.000 r  
    L16                                               0.000    11.000 r  clk (IN)
                         net (fo=0)                   0.000    11.000    clk
    L16                  IBUF (Prop_ibuf_I_O)         1.421    12.421 r  clk_IBUF_inst/O
                         net (fo=1, routed)           1.880    14.301    clk_IBUF
    BUFGCTRL_X0Y16       BUFG (Prop_bufg_I_O)         0.091    14.392 r  clk_IBUF_BUFG_inst/O
                         net (fo=154, routed)         1.492    15.884    aluInst/CLK
    SLICE_X33Y29         FDRE                                         r  aluInst/acc_q_reg[4]/C
                         clock pessimism              0.391    16.275    
                         clock uncertainty           -0.035    16.240    
    SLICE_X33Y29         FDRE (Setup_fdre_C_D)       -0.081    16.159    aluInst/acc_q_reg[4]
  -------------------------------------------------------------------
                         required time                         16.159    
                         arrival time                         -15.022    
  -------------------------------------------------------------------
                         slack                                  1.137    

Slack (MET) :             1.175ns  (required time - arrival time)
  Source:                 <hidden>
                            (rising edge-triggered cell RAMB18E1 clocked by sys_clk_pin  {rise@0.000ns fall@5.500ns period=11.000ns})
  Destination:            aluInst/acc_q_reg[10]/D
                            (rising edge-triggered cell FDRE clocked by sys_clk_pin  {rise@0.000ns fall@5.500ns period=11.000ns})
  Path Group:             sys_clk_pin
  Path Type:              Setup (Max at Slow Process Corner)
  Requirement:            11.000ns  (sys_clk_pin rise@11.000ns - sys_clk_pin rise@0.000ns)
  Data Path Delay:        9.699ns  (logic 3.555ns (36.654%)  route 6.144ns (63.346%))
  Logic Levels:           7  (LUT3=1 LUT4=1 LUT5=2 LUT6=3)
  Clock Path Skew:        -0.023ns (DCD - SCD + CPR)
    Destination Clock Delay (DCD):    4.959ns = ( 15.959 - 11.000 ) 
    Source Clock Delay      (SCD):    5.374ns
    Clock Pessimism Removal (CPR):    0.391ns
  Clock Uncertainty:      0.035ns  ((TSJ^2 + TIJ^2)^1/2 + DJ) / 2 + PE
    Total System Jitter     (TSJ):    0.071ns
    Total Input Jitter      (TIJ):    0.000ns
    Discrete Jitter          (DJ):    0.000ns
    Phase Error              (PE):    0.000ns

    Location             Delay type                Incr(ns)  Path(ns)    Netlist Resource(s)
  -------------------------------------------------------------------    -------------------
                         (clock sys_clk_pin rise edge)
                                                      0.000     0.000 r  
    L16                                               0.000     0.000 r  clk (IN)
                         net (fo=0)                   0.000     0.000    clk
    L16                  IBUF (Prop_ibuf_I_O)         1.491     1.491 r  clk_IBUF_inst/O
                         net (fo=1, routed)           2.076     3.567    clk_IBUF
    BUFGCTRL_X0Y16       BUFG (Prop_bufg_I_O)         0.101     3.668 r  clk_IBUF_BUFG_inst/O
                         net (fo=154, routed)         1.705     5.374    <hidden>
    RAMB18_X2Y10         RAMB18E1                                     r  <hidden>
  -------------------------------------------------------------------    -------------------
    RAMB18_X2Y10         RAMB18E1 (Prop_ramb18e1_CLKARDCLK_DOADO[0])
                                                      2.454     7.828 r  <hidden>
                         net (fo=6, routed)           1.121     8.948    pcInst/portWr_reg[15][0]
    SLICE_X37Y25         LUT3 (Prop_lut3_I2_O)        0.154     9.102 r  pcInst/portWr[0]_i_1/O
                         net (fo=17, routed)          0.928    10.030    pcInst/plAddr[0]
    SLICE_X34Y25         LUT6 (Prop_lut6_I3_O)        0.327    10.357 f  pcInst/acc_q[14]_i_35/O
                         net (fo=3, routed)           0.374    10.732    pcInst/acc_q[14]_i_35_n_0
    SLICE_X34Y25         LUT5 (Prop_lut5_I3_O)        0.124    10.856 f  pcInst/acc_q[13]_i_19/O
                         net (fo=37, routed)          0.821    11.676    pcInst/acc_q[14]_i_34_0
    SLICE_X34Y28         LUT4 (Prop_lut4_I2_O)        0.124    11.800 r  pcInst/acc_q[14]_i_19/O
                         net (fo=29, routed)          1.294    13.095    pcInst/acc_q[14]_i_19_n_0
    SLICE_X42Y29         LUT5 (Prop_lut5_I0_O)        0.124    13.219 r  pcInst/acc_q[10]_i_6/O
                         net (fo=1, routed)           0.850    14.069    pcInst/acc_q[10]_i_6_n_0
    SLICE_X42Y29         LUT6 (Prop_lut6_I2_O)        0.124    14.193 f  pcInst/acc_q[10]_i_2/O
                         net (fo=1, routed)           0.415    14.608    pcInst/acc_q[10]_i_2_n_0
    SLICE_X39Y29         LUT6 (Prop_lut6_I0_O)        0.124    14.732 r  pcInst/acc_q[10]_i_1/O
                         net (fo=2, routed)           0.341    15.073    aluInst/acc_d[10]
    SLICE_X39Y30         FDRE                                         r  aluInst/acc_q_reg[10]/D
  -------------------------------------------------------------------    -------------------

                         (clock sys_clk_pin rise edge)
                                                     11.000    11.000 r  
    L16                                               0.000    11.000 r  clk (IN)
                         net (fo=0)                   0.000    11.000    clk
    L16                  IBUF (Prop_ibuf_I_O)         1.421    12.421 r  clk_IBUF_inst/O
                         net (fo=1, routed)           1.880    14.301    clk_IBUF
    BUFGCTRL_X0Y16       BUFG (Prop_bufg_I_O)         0.091    14.392 r  clk_IBUF_BUFG_inst/O
                         net (fo=154, routed)         1.567    15.959    aluInst/CLK
    SLICE_X39Y30         FDRE                                         r  aluInst/acc_q_reg[10]/C
                         clock pessimism              0.391    16.350    
                         clock uncertainty           -0.035    16.315    
    SLICE_X39Y30         FDRE (Setup_fdre_C_D)       -0.067    16.248    aluInst/acc_q_reg[10]
  -------------------------------------------------------------------
                         required time                         16.248    
                         arrival time                         -15.073    
  -------------------------------------------------------------------
                         slack                                  1.175    

Slack (MET) :             1.197ns  (required time - arrival time)
  Source:                 <hidden>
                            (rising edge-triggered cell RAMB18E1 clocked by sys_clk_pin  {rise@0.000ns fall@5.500ns period=11.000ns})
  Destination:            aluInst/acc_q_reg[9]/D
                            (rising edge-triggered cell FDRE clocked by sys_clk_pin  {rise@0.000ns fall@5.500ns period=11.000ns})
  Path Group:             sys_clk_pin
  Path Type:              Setup (Max at Slow Process Corner)
  Requirement:            11.000ns  (sys_clk_pin rise@11.000ns - sys_clk_pin rise@0.000ns)
  Data Path Delay:        9.622ns  (logic 3.555ns (36.946%)  route 6.067ns (63.054%))
  Logic Levels:           7  (LUT3=1 LUT5=1 LUT6=5)
  Clock Path Skew:        -0.064ns (DCD - SCD + CPR)
    Destination Clock Delay (DCD):    4.884ns = ( 15.884 - 11.000 ) 
    Source Clock Delay      (SCD):    5.374ns
    Clock Pessimism Removal (CPR):    0.425ns
  Clock Uncertainty:      0.035ns  ((TSJ^2 + TIJ^2)^1/2 + DJ) / 2 + PE
    Total System Jitter     (TSJ):    0.071ns
    Total Input Jitter      (TIJ):    0.000ns
    Discrete Jitter          (DJ):    0.000ns
    Phase Error              (PE):    0.000ns

    Location             Delay type                Incr(ns)  Path(ns)    Netlist Resource(s)
  -------------------------------------------------------------------    -------------------
                         (clock sys_clk_pin rise edge)
                                                      0.000     0.000 r  
    L16                                               0.000     0.000 r  clk (IN)
                         net (fo=0)                   0.000     0.000    clk
    L16                  IBUF (Prop_ibuf_I_O)         1.491     1.491 r  clk_IBUF_inst/O
                         net (fo=1, routed)           2.076     3.567    clk_IBUF
    BUFGCTRL_X0Y16       BUFG (Prop_bufg_I_O)         0.101     3.668 r  clk_IBUF_BUFG_inst/O
                         net (fo=154, routed)         1.705     5.374    <hidden>
    RAMB18_X2Y10         RAMB18E1                                     r  <hidden>
  -------------------------------------------------------------------    -------------------
    RAMB18_X2Y10         RAMB18E1 (Prop_ramb18e1_CLKARDCLK_DOADO[0])
                                                      2.454     7.828 r  <hidden>
                         net (fo=6, routed)           1.121     8.948    pcInst/portWr_reg[15][0]
    SLICE_X37Y25         LUT3 (Prop_lut3_I2_O)        0.154     9.102 r  pcInst/portWr[0]_i_1/O
                         net (fo=17, routed)          0.928    10.030    pcInst/plAddr[0]
    SLICE_X34Y25         LUT6 (Prop_lut6_I3_O)        0.327    10.357 f  pcInst/acc_q[14]_i_35/O
                         net (fo=3, routed)           0.908    11.265    pcInst/acc_q[14]_i_35_n_0
    SLICE_X38Y26         LUT5 (Prop_lut5_I1_O)        0.124    11.389 f  pcInst/acc_q[14]_i_17/O
                         net (fo=3, routed)           0.449    11.838    pcInst/acc_q[14]_i_17_n_0
    SLICE_X38Y26         LUT6 (Prop_lut6_I5_O)        0.124    11.962 r  pcInst/acc_q[14]_i_16/O
                         net (fo=16, routed)          0.837    12.799    pcInst/acc_q[14]_i_16_n_0
    SLICE_X34Y30         LUT6 (Prop_lut6_I2_O)        0.124    12.923 f  pcInst/acc_q[9]_i_5/O
                         net (fo=1, routed)           0.842    13.766    pcInst/acc_q[9]_i_5_n_0
    SLICE_X34Y30         LUT6 (Prop_lut6_I1_O)        0.124    13.890 f  pcInst/acc_q[9]_i_2/O
                         net (fo=1, routed)           0.452    14.342    pcInst/acc_q[9]_i_2_n_0
    SLICE_X34Y30         LUT6 (Prop_lut6_I0_O)        0.124    14.466 r  pcInst/acc_q[9]_i_1/O
                         net (fo=2, routed)           0.531    14.996    aluInst/acc_d[9]
    SLICE_X35Y30         FDRE                                         r  aluInst/acc_q_reg[9]/D
  -------------------------------------------------------------------    -------------------

                         (clock sys_clk_pin rise edge)
                                                     11.000    11.000 r  
    L16                                               0.000    11.000 r  clk (IN)
                         net (fo=0)                   0.000    11.000    clk
    L16                  IBUF (Prop_ibuf_I_O)         1.421    12.421 r  clk_IBUF_inst/O
                         net (fo=1, routed)           1.880    14.301    clk_IBUF
    BUFGCTRL_X0Y16       BUFG (Prop_bufg_I_O)         0.091    14.392 r  clk_IBUF_BUFG_inst/O
                         net (fo=154, routed)         1.492    15.884    aluInst/CLK
    SLICE_X35Y30         FDRE                                         r  aluInst/acc_q_reg[9]/C
                         clock pessimism              0.425    16.309    
                         clock uncertainty           -0.035    16.274    
    SLICE_X35Y30         FDRE (Setup_fdre_C_D)       -0.081    16.193    aluInst/acc_q_reg[9]
  -------------------------------------------------------------------
                         required time                         16.193    
                         arrival time                         -14.996    
  -------------------------------------------------------------------
                         slack                                  1.197    

Slack (MET) :             1.230ns  (required time - arrival time)
  Source:                 <hidden>
                            (rising edge-triggered cell RAMB18E1 clocked by sys_clk_pin  {rise@0.000ns fall@5.500ns period=11.000ns})
  Destination:            aluInst/acc_q_reg[8]/D
                            (rising edge-triggered cell FDRE clocked by sys_clk_pin  {rise@0.000ns fall@5.500ns period=11.000ns})
  Path Group:             sys_clk_pin
  Path Type:              Setup (Max at Slow Process Corner)
  Requirement:            11.000ns  (sys_clk_pin rise@11.000ns - sys_clk_pin rise@0.000ns)
  Data Path Delay:        9.645ns  (logic 3.555ns (36.859%)  route 6.090ns (63.141%))
  Logic Levels:           7  (LUT3=1 LUT4=1 LUT5=2 LUT6=3)
  Clock Path Skew:        -0.022ns (DCD - SCD + CPR)
    Destination Clock Delay (DCD):    4.960ns = ( 15.960 - 11.000 ) 
    Source Clock Delay      (SCD):    5.374ns
    Clock Pessimism Removal (CPR):    0.391ns
  Clock Uncertainty:      0.035ns  ((TSJ^2 + TIJ^2)^1/2 + DJ) / 2 + PE
    Total System Jitter     (TSJ):    0.071ns
    Total Input Jitter      (TIJ):    0.000ns
    Discrete Jitter          (DJ):    0.000ns
    Phase Error              (PE):    0.000ns

    Location             Delay type                Incr(ns)  Path(ns)    Netlist Resource(s)
  -------------------------------------------------------------------    -------------------
                         (clock sys_clk_pin rise edge)
                                                      0.000     0.000 r  
    L16                                               0.000     0.000 r  clk (IN)
                         net (fo=0)                   0.000     0.000    clk
    L16                  IBUF (Prop_ibuf_I_O)         1.491     1.491 r  clk_IBUF_inst/O
                         net (fo=1, routed)           2.076     3.567    clk_IBUF
    BUFGCTRL_X0Y16       BUFG (Prop_bufg_I_O)         0.101     3.668 r  clk_IBUF_BUFG_inst/O
                         net (fo=154, routed)         1.705     5.374    <hidden>
    RAMB18_X2Y10         RAMB18E1                                     r  <hidden>
  -------------------------------------------------------------------    -------------------
    RAMB18_X2Y10         RAMB18E1 (Prop_ramb18e1_CLKARDCLK_DOADO[0])
                                                      2.454     7.828 r  <hidden>
                         net (fo=6, routed)           1.121     8.948    pcInst/portWr_reg[15][0]
    SLICE_X37Y25         LUT3 (Prop_lut3_I2_O)        0.154     9.102 r  pcInst/portWr[0]_i_1/O
                         net (fo=17, routed)          0.928    10.030    pcInst/plAddr[0]
    SLICE_X34Y25         LUT6 (Prop_lut6_I3_O)        0.327    10.357 f  pcInst/acc_q[14]_i_35/O
                         net (fo=3, routed)           0.374    10.732    pcInst/acc_q[14]_i_35_n_0
    SLICE_X34Y25         LUT5 (Prop_lut5_I3_O)        0.124    10.856 f  pcInst/acc_q[13]_i_19/O
                         net (fo=37, routed)          0.821    11.676    pcInst/acc_q[14]_i_34_0
    SLICE_X34Y28         LUT4 (Prop_lut4_I2_O)        0.124    11.800 r  pcInst/acc_q[14]_i_19/O
                         net (fo=29, routed)          1.236    13.036    pcInst/acc_q[14]_i_19_n_0
    SLICE_X41Y29         LUT5 (Prop_lut5_I0_O)        0.124    13.160 r  pcInst/acc_q[8]_i_6/O
                         net (fo=1, routed)           0.797    13.957    pcInst/acc_q[8]_i_6_n_0
    SLICE_X41Y30         LUT6 (Prop_lut6_I2_O)        0.124    14.081 f  pcInst/acc_q[8]_i_2/O
                         net (fo=1, routed)           0.282    14.364    pcInst/acc_q[8]_i_2_n_0
    SLICE_X43Y30         LUT6 (Prop_lut6_I0_O)        0.124    14.488 r  pcInst/acc_q[8]_i_1/O
                         net (fo=2, routed)           0.531    15.019    aluInst/acc_d[8]
    SLICE_X40Y30         FDRE                                         r  aluInst/acc_q_reg[8]/D
  -------------------------------------------------------------------    -------------------

                         (clock sys_clk_pin rise edge)
                                                     11.000    11.000 r  
    L16                                               0.000    11.000 r  clk (IN)
                         net (fo=0)                   0.000    11.000    clk
    L16                  IBUF (Prop_ibuf_I_O)         1.421    12.421 r  clk_IBUF_inst/O
                         net (fo=1, routed)           1.880    14.301    clk_IBUF
    BUFGCTRL_X0Y16       BUFG (Prop_bufg_I_O)         0.091    14.392 r  clk_IBUF_BUFG_inst/O
                         net (fo=154, routed)         1.568    15.960    aluInst/CLK
    SLICE_X40Y30         FDRE                                         r  aluInst/acc_q_reg[8]/C
                         clock pessimism              0.391    16.351    
                         clock uncertainty           -0.035    16.316    
    SLICE_X40Y30         FDRE (Setup_fdre_C_D)       -0.067    16.249    aluInst/acc_q_reg[8]
  -------------------------------------------------------------------
                         required time                         16.249    
                         arrival time                         -15.019    
  -------------------------------------------------------------------
                         slack                                  1.230    

Slack (MET) :             1.281ns  (required time - arrival time)
  Source:                 <hidden>
                            (rising edge-triggered cell RAMB18E1 clocked by sys_clk_pin  {rise@0.000ns fall@5.500ns period=11.000ns})
  Destination:            aluInst/acc_q_reg[6]/D
                            (rising edge-triggered cell FDRE clocked by sys_clk_pin  {rise@0.000ns fall@5.500ns period=11.000ns})
  Path Group:             sys_clk_pin
  Path Type:              Setup (Max at Slow Process Corner)
  Requirement:            11.000ns  (sys_clk_pin rise@11.000ns - sys_clk_pin rise@0.000ns)
  Data Path Delay:        9.627ns  (logic 4.918ns (51.087%)  route 4.709ns (48.913%))
  Logic Levels:           10  (CARRY4=4 LUT2=1 LUT3=1 LUT4=1 LUT6=3)
  Clock Path Skew:        -0.025ns (DCD - SCD + CPR)
    Destination Clock Delay (DCD):    4.957ns = ( 15.957 - 11.000 ) 
    Source Clock Delay      (SCD):    5.374ns
    Clock Pessimism Removal (CPR):    0.391ns
  Clock Uncertainty:      0.035ns  ((TSJ^2 + TIJ^2)^1/2 + DJ) / 2 + PE
    Total System Jitter     (TSJ):    0.071ns
    Total Input Jitter      (TIJ):    0.000ns
    Discrete Jitter          (DJ):    0.000ns
    Phase Error              (PE):    0.000ns

    Location             Delay type                Incr(ns)  Path(ns)    Netlist Resource(s)
  -------------------------------------------------------------------    -------------------
                         (clock sys_clk_pin rise edge)
                                                      0.000     0.000 r  
    L16                                               0.000     0.000 r  clk (IN)
                         net (fo=0)                   0.000     0.000    clk
    L16                  IBUF (Prop_ibuf_I_O)         1.491     1.491 r  clk_IBUF_inst/O
                         net (fo=1, routed)           2.076     3.567    clk_IBUF
    BUFGCTRL_X0Y16       BUFG (Prop_bufg_I_O)         0.101     3.668 r  clk_IBUF_BUFG_inst/O
                         net (fo=154, routed)         1.705     5.374    <hidden>
    RAMB18_X2Y10         RAMB18E1                                     r  <hidden>
  -------------------------------------------------------------------    -------------------
    RAMB18_X2Y10         RAMB18E1 (Prop_ramb18e1_CLKARDCLK_DOADO[0])
                                                      2.454     7.828 f  <hidden>
                         net (fo=6, routed)           0.819     8.647    pcInst/portWr_reg[15][0]
    SLICE_X34Y25         LUT3 (Prop_lut3_I0_O)        0.124     8.771 r  pcInst/res_carry_i_1/O
                         net (fo=1, routed)           0.190     8.961    aluInst/acc_q[0]_i_4
    SLICE_X35Y25         CARRY4 (Prop_carry4_CYINIT_CO[3])
                                                      0.580     9.541 r  aluInst/res_carry/CO[3]
                         net (fo=1, routed)           0.000     9.541    aluInst/res_carry_n_0
    SLICE_X35Y26         CARRY4 (Prop_carry4_CI_CO[3])
                                                      0.114     9.655 r  aluInst/res_carry__0/CO[3]
                         net (fo=1, routed)           0.000     9.655    aluInst/res_carry__0_n_0
    SLICE_X35Y27         CARRY4 (Prop_carry4_CI_O[1])
                                                      0.334     9.989 f  aluInst/res_carry__1/O[1]
                         net (fo=3, routed)           0.683    10.672    aluInst/p_0_in[9]
    SLICE_X34Y27         LUT2 (Prop_lut2_I0_O)        0.303    10.975 r  aluInst/i__carry__0_i_8/O
                         net (fo=1, routed)           0.000    10.975    aluInst/i__carry__0_i_8_n_0
    SLICE_X34Y27         CARRY4 (Prop_carry4_S[0]_CO[3])
                                                      0.513    11.488 f  aluInst/acc_d5_inferred__0/i__carry__0/CO[3]
                         net (fo=1, routed)           0.617    12.105    aluInst/acc_d515_in
    SLICE_X34Y28         LUT4 (Prop_lut4_I2_O)        0.124    12.229 f  aluInst/acc_q[14]_i_28/O
                         net (fo=16, routed)          0.748    12.977    pcInst/acc_q[14]_i_3_0
    SLICE_X41Y27         LUT6 (Prop_lut6_I0_O)        0.124    13.101 r  pcInst/acc_q[6]_i_4/O
                         net (fo=1, routed)           0.790    13.891    pcInst/acc_q[6]_i_4_n_0
    SLICE_X43Y27         LUT6 (Prop_lut6_I0_O)        0.124    14.015 f  pcInst/acc_q[6]_i_2/O
                         net (fo=1, routed)           0.302    14.316    pcInst/acc_q[6]_i_2_n_0
    SLICE_X39Y27         LUT6 (Prop_lut6_I0_O)        0.124    14.440 r  pcInst/acc_q[6]_i_1/O
                         net (fo=2, routed)           0.560    15.000    aluInst/acc_d[6]
    SLICE_X42Y27         FDRE                                         r  aluInst/acc_q_reg[6]/D
  -------------------------------------------------------------------    -------------------

                         (clock sys_clk_pin rise edge)
                                                     11.000    11.000 r  
    L16                                               0.000    11.000 r  clk (IN)
                         net (fo=0)                   0.000    11.000    clk
    L16                  IBUF (Prop_ibuf_I_O)         1.421    12.421 r  clk_IBUF_inst/O
                         net (fo=1, routed)           1.880    14.301    clk_IBUF
    BUFGCTRL_X0Y16       BUFG (Prop_bufg_I_O)         0.091    14.392 r  clk_IBUF_BUFG_inst/O
                         net (fo=154, routed)         1.565    15.957    aluInst/CLK
    SLICE_X42Y27         FDRE                                         r  aluInst/acc_q_reg[6]/C
                         clock pessimism              0.391    16.348    
                         clock uncertainty           -0.035    16.313    
    SLICE_X42Y27         FDRE (Setup_fdre_C_D)       -0.031    16.282    aluInst/acc_q_reg[6]
  -------------------------------------------------------------------
                         required time                         16.282    
                         arrival time                         -15.000    
  -------------------------------------------------------------------
                         slack                                  1.281    

Slack (MET) :             1.282ns  (required time - arrival time)
  Source:                 <hidden>
                            (rising edge-triggered cell RAMB18E1 clocked by sys_clk_pin  {rise@0.000ns fall@5.500ns period=11.000ns})
  Destination:            aluInst/acc_q_reg[0]/D
                            (rising edge-triggered cell FDRE clocked by sys_clk_pin  {rise@0.000ns fall@5.500ns period=11.000ns})
  Path Group:             sys_clk_pin
  Path Type:              Setup (Max at Slow Process Corner)
  Requirement:            11.000ns  (sys_clk_pin rise@11.000ns - sys_clk_pin rise@0.000ns)
  Data Path Delay:        9.589ns  (logic 3.555ns (37.073%)  route 6.034ns (62.927%))
  Logic Levels:           7  (LUT3=1 LUT4=1 LUT5=2 LUT6=3)
  Clock Path Skew:        -0.026ns (DCD - SCD + CPR)
    Destination Clock Delay (DCD):    4.956ns = ( 15.956 - 11.000 ) 
    Source Clock Delay      (SCD):    5.374ns
    Clock Pessimism Removal (CPR):    0.391ns
  Clock Uncertainty:      0.035ns  ((TSJ^2 + TIJ^2)^1/2 + DJ) / 2 + PE
    Total System Jitter     (TSJ):    0.071ns
    Total Input Jitter      (TIJ):    0.000ns
    Discrete Jitter          (DJ):    0.000ns
    Phase Error              (PE):    0.000ns

    Location             Delay type                Incr(ns)  Path(ns)    Netlist Resource(s)
  -------------------------------------------------------------------    -------------------
                         (clock sys_clk_pin rise edge)
                                                      0.000     0.000 r  
    L16                                               0.000     0.000 r  clk (IN)
                         net (fo=0)                   0.000     0.000    clk
    L16                  IBUF (Prop_ibuf_I_O)         1.491     1.491 r  clk_IBUF_inst/O
                         net (fo=1, routed)           2.076     3.567    clk_IBUF
    BUFGCTRL_X0Y16       BUFG (Prop_bufg_I_O)         0.101     3.668 r  clk_IBUF_BUFG_inst/O
                         net (fo=154, routed)         1.705     5.374    <hidden>
    RAMB18_X2Y10         RAMB18E1                                     r  <hidden>
  -------------------------------------------------------------------    -------------------
    RAMB18_X2Y10         RAMB18E1 (Prop_ramb18e1_CLKARDCLK_DOADO[0])
                                                      2.454     7.828 r  <hidden>
                         net (fo=6, routed)           1.121     8.948    pcInst/portWr_reg[15][0]
    SLICE_X37Y25         LUT3 (Prop_lut3_I2_O)        0.154     9.102 r  pcInst/portWr[0]_i_1/O
                         net (fo=17, routed)          0.928    10.030    pcInst/plAddr[0]
    SLICE_X34Y25         LUT6 (Prop_lut6_I3_O)        0.327    10.357 r  pcInst/acc_q[14]_i_35/O
                         net (fo=3, routed)           0.374    10.732    pcInst/acc_q[14]_i_35_n_0
    SLICE_X34Y25         LUT5 (Prop_lut5_I3_O)        0.124    10.856 r  pcInst/acc_q[13]_i_19/O
                         net (fo=37, routed)          0.821    11.676    pcInst/acc_q[14]_i_34_0
    SLICE_X34Y28         LUT4 (Prop_lut4_I2_O)        0.124    11.800 f  pcInst/acc_q[14]_i_19/O
                         net (fo=29, routed)          0.882    12.682    pcInst/acc_q[14]_i_19_n_0
    SLICE_X37Y28         LUT5 (Prop_lut5_I1_O)        0.124    12.806 r  pcInst/acc_q[0]_i_6/O
                         net (fo=1, routed)           1.003    13.809    pcInst/acc_q[0]_i_6_n_0
    SLICE_X39Y27         LUT6 (Prop_lut6_I2_O)        0.124    13.933 f  pcInst/acc_q[0]_i_2/O
                         net (fo=1, routed)           0.429    14.362    pcInst/acc_q[0]_i_2_n_0
    SLICE_X37Y28         LUT6 (Prop_lut6_I0_O)        0.124    14.486 r  pcInst/acc_q[0]_i_1/O
                         net (fo=2, routed)           0.477    14.963    aluInst/acc_d[0]
    SLICE_X39Y27         FDRE                                         r  aluInst/acc_q_reg[0]/D
  -------------------------------------------------------------------    -------------------

                         (clock sys_clk_pin rise edge)
                                                     11.000    11.000 r  
    L16                                               0.000    11.000 r  clk (IN)
                         net (fo=0)                   0.000    11.000    clk
    L16                  IBUF (Prop_ibuf_I_O)         1.421    12.421 r  clk_IBUF_inst/O
                         net (fo=1, routed)           1.880    14.301    clk_IBUF
    BUFGCTRL_X0Y16       BUFG (Prop_bufg_I_O)         0.091    14.392 r  clk_IBUF_BUFG_inst/O
                         net (fo=154, routed)         1.564    15.956    aluInst/CLK
    SLICE_X39Y27         FDRE                                         r  aluInst/acc_q_reg[0]/C
                         clock pessimism              0.391    16.347    
                         clock uncertainty           -0.035    16.312    
    SLICE_X39Y27         FDRE (Setup_fdre_C_D)       -0.067    16.245    aluInst/acc_q_reg[0]
  -------------------------------------------------------------------
                         required time                         16.245    
                         arrival time                         -14.963    
  -------------------------------------------------------------------
                         slack                                  1.282    

Slack (MET) :             1.348ns  (required time - arrival time)
  Source:                 <hidden>
                            (rising edge-triggered cell RAMB18E1 clocked by sys_clk_pin  {rise@0.000ns fall@5.500ns period=11.000ns})
  Destination:            aluInst/acc_q_reg[1]/D
                            (rising edge-triggered cell FDRE clocked by sys_clk_pin  {rise@0.000ns fall@5.500ns period=11.000ns})
  Path Group:             sys_clk_pin
  Path Type:              Setup (Max at Slow Process Corner)
  Requirement:            11.000ns  (sys_clk_pin rise@11.000ns - sys_clk_pin rise@0.000ns)
  Data Path Delay:        9.451ns  (logic 4.905ns (51.898%)  route 4.546ns (48.102%))
  Logic Levels:           8  (CARRY4=4 LUT2=1 LUT3=1 LUT5=1 LUT6=1)
  Clock Path Skew:        -0.098ns (DCD - SCD + CPR)
    Destination Clock Delay (DCD):    4.884ns = ( 15.884 - 11.000 ) 
    Source Clock Delay      (SCD):    5.374ns
    Clock Pessimism Removal (CPR):    0.391ns
  Clock Uncertainty:      0.035ns  ((TSJ^2 + TIJ^2)^1/2 + DJ) / 2 + PE
    Total System Jitter     (TSJ):    0.071ns
    Total Input Jitter      (TIJ):    0.000ns
    Discrete Jitter          (DJ):    0.000ns
    Phase Error              (PE):    0.000ns

    Location             Delay type                Incr(ns)  Path(ns)    Netlist Resource(s)
  -------------------------------------------------------------------    -------------------
                         (clock sys_clk_pin rise edge)
                                                      0.000     0.000 r  
    L16                                               0.000     0.000 r  clk (IN)
                         net (fo=0)                   0.000     0.000    clk
    L16                  IBUF (Prop_ibuf_I_O)         1.491     1.491 r  clk_IBUF_inst/O
                         net (fo=1, routed)           2.076     3.567    clk_IBUF
    BUFGCTRL_X0Y16       BUFG (Prop_bufg_I_O)         0.101     3.668 r  clk_IBUF_BUFG_inst/O
                         net (fo=154, routed)         1.705     5.374    <hidden>
    RAMB18_X2Y10         RAMB18E1                                     r  <hidden>
  -------------------------------------------------------------------    -------------------
    RAMB18_X2Y10         RAMB18E1 (Prop_ramb18e1_CLKARDCLK_DOADO[0])
                                                      2.454     7.828 r  <hidden>
                         net (fo=6, routed)           1.121     8.948    pcInst/portWr_reg[15][0]
    SLICE_X37Y25         LUT3 (Prop_lut3_I2_O)        0.154     9.102 r  pcInst/portWr[0]_i_1/O
                         net (fo=17, routed)          0.571     9.673    aluInst/plAddr[0]
    SLICE_X36Y26         CARRY4 (Prop_carry4_CYINIT_CO[3])
                                                      0.783    10.456 r  aluInst/acc_q_reg[3]_i_3/CO[3]
                         net (fo=1, routed)           0.000    10.456    aluInst/acc_q_reg[3]_i_3_n_0
    SLICE_X36Y27         CARRY4 (Prop_carry4_CI_CO[3])
                                                      0.114    10.570 r  aluInst/acc_q_reg[7]_i_4/CO[3]
                         net (fo=1, routed)           0.000    10.570    aluInst/acc_q_reg[7]_i_4_n_0
    SLICE_X36Y28         CARRY4 (Prop_carry4_CI_O[3])
                                                      0.313    10.883 f  aluInst/acc_q_reg[11]_i_3/O[3]
                         net (fo=3, routed)           0.669    11.552    aluInst/acc_q_reg[11]_0[3]
    SLICE_X38Y28         LUT2 (Prop_lut2_I0_O)        0.306    11.858 r  aluInst/i__carry__0_i_7__1/O
                         net (fo=1, routed)           0.000    11.858    aluInst/i__carry__0_i_7__1_n_0
    SLICE_X38Y28         CARRY4 (Prop_carry4_S[1]_CO[3])
                                                      0.533    12.391 f  aluInst/acc_d5_inferred__3/i__carry__0/CO[3]
                         net (fo=2, routed)           0.769    13.160    aluInst/acc_d518_in
    SLICE_X38Y31         LUT5 (Prop_lut5_I1_O)        0.124    13.284 f  aluInst/acc_q[13]_i_4/O
                         net (fo=15, routed)          1.026    14.310    pcInst/acc_q_reg[0]
    SLICE_X33Y29         LUT6 (Prop_lut6_I2_O)        0.124    14.434 r  pcInst/acc_q[1]_i_1/O
                         net (fo=2, routed)           0.391    14.825    aluInst/acc_d[1]
    SLICE_X33Y29         FDRE                                         r  aluInst/acc_q_reg[1]/D
  -------------------------------------------------------------------    -------------------

                         (clock sys_clk_pin rise edge)
                                                     11.000    11.000 r  
    L16                                               0.000    11.000 r  clk (IN)
                         net (fo=0)                   0.000    11.000    clk
    L16                  IBUF (Prop_ibuf_I_O)         1.421    12.421 r  clk_IBUF_inst/O
                         net (fo=1, routed)           1.880    14.301    clk_IBUF
    BUFGCTRL_X0Y16       BUFG (Prop_bufg_I_O)         0.091    14.392 r  clk_IBUF_BUFG_inst/O
                         net (fo=154, routed)         1.492    15.884    aluInst/CLK
    SLICE_X33Y29         FDRE                                         r  aluInst/acc_q_reg[1]/C
                         clock pessimism              0.391    16.275    
                         clock uncertainty           -0.035    16.240    
    SLICE_X33Y29         FDRE (Setup_fdre_C_D)       -0.067    16.173    aluInst/acc_q_reg[1]
  -------------------------------------------------------------------
                         required time                         16.173    
                         arrival time                         -14.825    
  -------------------------------------------------------------------
                         slack                                  1.348    

Slack (MET) :             1.369ns  (required time - arrival time)
  Source:                 <hidden>
                            (rising edge-triggered cell RAMB18E1 clocked by sys_clk_pin  {rise@0.000ns fall@5.500ns period=11.000ns})
  Destination:            aluInst/acc_q_reg[5]/D
                            (rising edge-triggered cell FDRE clocked by sys_clk_pin  {rise@0.000ns fall@5.500ns period=11.000ns})
  Path Group:             sys_clk_pin
  Path Type:              Setup (Max at Slow Process Corner)
  Requirement:            11.000ns  (sys_clk_pin rise@11.000ns - sys_clk_pin rise@0.000ns)
  Data Path Delay:        9.488ns  (logic 3.555ns (37.469%)  route 5.933ns (62.531%))
  Logic Levels:           7  (LUT3=1 LUT4=1 LUT5=2 LUT6=3)
  Clock Path Skew:        -0.026ns (DCD - SCD + CPR)
    Destination Clock Delay (DCD):    4.956ns = ( 15.956 - 11.000 ) 
    Source Clock Delay      (SCD):    5.374ns
    Clock Pessimism Removal (CPR):    0.391ns
  Clock Uncertainty:      0.035ns  ((TSJ^2 + TIJ^2)^1/2 + DJ) / 2 + PE
    Total System Jitter     (TSJ):    0.071ns
    Total Input Jitter      (TIJ):    0.000ns
    Discrete Jitter          (DJ):    0.000ns
    Phase Error              (PE):    0.000ns

    Location             Delay type                Incr(ns)  Path(ns)    Netlist Resource(s)
  -------------------------------------------------------------------    -------------------
                         (clock sys_clk_pin rise edge)
                                                      0.000     0.000 r  
    L16                                               0.000     0.000 r  clk (IN)
                         net (fo=0)                   0.000     0.000    clk
    L16                  IBUF (Prop_ibuf_I_O)         1.491     1.491 r  clk_IBUF_inst/O
                         net (fo=1, routed)           2.076     3.567    clk_IBUF
    BUFGCTRL_X0Y16       BUFG (Prop_bufg_I_O)         0.101     3.668 r  clk_IBUF_BUFG_inst/O
                         net (fo=154, routed)         1.705     5.374    <hidden>
    RAMB18_X2Y10         RAMB18E1                                     r  <hidden>
  -------------------------------------------------------------------    -------------------
    RAMB18_X2Y10         RAMB18E1 (Prop_ramb18e1_CLKARDCLK_DOADO[0])
                                                      2.454     7.828 r  <hidden>
                         net (fo=6, routed)           1.121     8.948    pcInst/portWr_reg[15][0]
    SLICE_X37Y25         LUT3 (Prop_lut3_I2_O)        0.154     9.102 r  pcInst/portWr[0]_i_1/O
                         net (fo=17, routed)          0.928    10.030    pcInst/plAddr[0]
    SLICE_X34Y25         LUT6 (Prop_lut6_I3_O)        0.327    10.357 f  pcInst/acc_q[14]_i_35/O
                         net (fo=3, routed)           0.374    10.732    pcInst/acc_q[14]_i_35_n_0
    SLICE_X34Y25         LUT5 (Prop_lut5_I3_O)        0.124    10.856 f  pcInst/acc_q[13]_i_19/O
                         net (fo=37, routed)          0.821    11.676    pcInst/acc_q[14]_i_34_0
    SLICE_X34Y28         LUT4 (Prop_lut4_I2_O)        0.124    11.800 r  pcInst/acc_q[14]_i_19/O
                         net (fo=29, routed)          1.178    12.979    pcInst/acc_q[14]_i_19_n_0
    SLICE_X41Y26         LUT5 (Prop_lut5_I0_O)        0.124    13.103 r  pcInst/acc_q[5]_i_6/O
                         net (fo=1, routed)           0.667    13.770    pcInst/acc_q[5]_i_6_n_0
    SLICE_X41Y26         LUT6 (Prop_lut6_I2_O)        0.124    13.894 f  pcInst/acc_q[5]_i_2/O
                         net (fo=1, routed)           0.303    14.197    pcInst/acc_q[5]_i_2_n_0
    SLICE_X40Y27         LUT6 (Prop_lut6_I0_O)        0.124    14.321 r  pcInst/acc_q[5]_i_1/O
                         net (fo=2, routed)           0.541    14.862    aluInst/acc_d[5]
    SLICE_X39Y27         FDRE                                         r  aluInst/acc_q_reg[5]/D
  -------------------------------------------------------------------    -------------------

                         (clock sys_clk_pin rise edge)
                                                     11.000    11.000 r  
    L16                                               0.000    11.000 r  clk (IN)
                         net (fo=0)                   0.000    11.000    clk
    L16                  IBUF (Prop_ibuf_I_O)         1.421    12.421 r  clk_IBUF_inst/O
                         net (fo=1, routed)           1.880    14.301    clk_IBUF
    BUFGCTRL_X0Y16       BUFG (Prop_bufg_I_O)         0.091    14.392 r  clk_IBUF_BUFG_inst/O
                         net (fo=154, routed)         1.564    15.956    aluInst/CLK
    SLICE_X39Y27         FDRE                                         r  aluInst/acc_q_reg[5]/C
                         clock pessimism              0.391    16.347    
                         clock uncertainty           -0.035    16.312    
    SLICE_X39Y27         FDRE (Setup_fdre_C_D)       -0.081    16.231    aluInst/acc_q_reg[5]
  -------------------------------------------------------------------
                         required time                         16.231    
                         arrival time                         -14.862    
  -------------------------------------------------------------------
                         slack                                  1.369    

Slack (MET) :             1.384ns  (required time - arrival time)
  Source:                 <hidden>
                            (rising edge-triggered cell RAMB18E1 clocked by sys_clk_pin  {rise@0.000ns fall@5.500ns period=11.000ns})
  Destination:            aluInst/acc_q_reg[2]/D
                            (rising edge-triggered cell FDRE clocked by sys_clk_pin  {rise@0.000ns fall@5.500ns period=11.000ns})
  Path Group:             sys_clk_pin
  Path Type:              Setup (Max at Slow Process Corner)
  Requirement:            11.000ns  (sys_clk_pin rise@11.000ns - sys_clk_pin rise@0.000ns)
  Data Path Delay:        9.450ns  (logic 4.905ns (51.907%)  route 4.545ns (48.093%))
  Logic Levels:           8  (CARRY4=4 LUT2=1 LUT3=1 LUT5=1 LUT6=1)
  Clock Path Skew:        -0.064ns (DCD - SCD + CPR)
    Destination Clock Delay (DCD):    4.884ns = ( 15.884 - 11.000 ) 
    Source Clock Delay      (SCD):    5.374ns
    Clock Pessimism Removal (CPR):    0.425ns
  Clock Uncertainty:      0.035ns  ((TSJ^2 + TIJ^2)^1/2 + DJ) / 2 + PE
    Total System Jitter     (TSJ):    0.071ns
    Total Input Jitter      (TIJ):    0.000ns
    Discrete Jitter          (DJ):    0.000ns
    Phase Error              (PE):    0.000ns

    Location             Delay type                Incr(ns)  Path(ns)    Netlist Resource(s)
  -------------------------------------------------------------------    -------------------
                         (clock sys_clk_pin rise edge)
                                                      0.000     0.000 r  
    L16                                               0.000     0.000 r  clk (IN)
                         net (fo=0)                   0.000     0.000    clk
    L16                  IBUF (Prop_ibuf_I_O)         1.491     1.491 r  clk_IBUF_inst/O
                         net (fo=1, routed)           2.076     3.567    clk_IBUF
    BUFGCTRL_X0Y16       BUFG (Prop_bufg_I_O)         0.101     3.668 r  clk_IBUF_BUFG_inst/O
                         net (fo=154, routed)         1.705     5.374    <hidden>
    RAMB18_X2Y10         RAMB18E1                                     r  <hidden>
  -------------------------------------------------------------------    -------------------
    RAMB18_X2Y10         RAMB18E1 (Prop_ramb18e1_CLKARDCLK_DOADO[0])
                                                      2.454     7.828 r  <hidden>
                         net (fo=6, routed)           1.121     8.948    pcInst/portWr_reg[15][0]
    SLICE_X37Y25         LUT3 (Prop_lut3_I2_O)        0.154     9.102 r  pcInst/portWr[0]_i_1/O
                         net (fo=17, routed)          0.571     9.673    aluInst/plAddr[0]
    SLICE_X36Y26         CARRY4 (Prop_carry4_CYINIT_CO[3])
                                                      0.783    10.456 r  aluInst/acc_q_reg[3]_i_3/CO[3]
                         net (fo=1, routed)           0.000    10.456    aluInst/acc_q_reg[3]_i_3_n_0
    SLICE_X36Y27         CARRY4 (Prop_carry4_CI_CO[3])
                                                      0.114    10.570 r  aluInst/acc_q_reg[7]_i_4/CO[3]
                         net (fo=1, routed)           0.000    10.570    aluInst/acc_q_reg[7]_i_4_n_0
    SLICE_X36Y28         CARRY4 (Prop_carry4_CI_O[3])
                                                      0.313    10.883 f  aluInst/acc_q_reg[11]_i_3/O[3]
                         net (fo=3, routed)           0.669    11.552    aluInst/acc_q_reg[11]_0[3]
    SLICE_X38Y28         LUT2 (Prop_lut2_I0_O)        0.306    11.858 r  aluInst/i__carry__0_i_7__1/O
                         net (fo=1, routed)           0.000    11.858    aluInst/i__carry__0_i_7__1_n_0
    SLICE_X38Y28         CARRY4 (Prop_carry4_S[1]_CO[3])
                                                      0.533    12.391 f  aluInst/acc_d5_inferred__3/i__carry__0/CO[3]
                         net (fo=2, routed)           0.769    13.160    aluInst/acc_d518_in
    SLICE_X38Y31         LUT5 (Prop_lut5_I1_O)        0.124    13.284 f  aluInst/acc_q[13]_i_4/O
                         net (fo=15, routed)          1.024    14.308    pcInst/acc_q_reg[0]
    SLICE_X35Y30         LUT6 (Prop_lut6_I2_O)        0.124    14.432 r  pcInst/acc_q[2]_i_1/O
                         net (fo=2, routed)           0.391    14.823    aluInst/acc_d[2]
    SLICE_X35Y30         FDRE                                         r  aluInst/acc_q_reg[2]/D
  -------------------------------------------------------------------    -------------------

                         (clock sys_clk_pin rise edge)
                                                     11.000    11.000 r  
    L16                                               0.000    11.000 r  clk (IN)
                         net (fo=0)                   0.000    11.000    clk
    L16                  IBUF (Prop_ibuf_I_O)         1.421    12.421 r  clk_IBUF_inst/O
                         net (fo=1, routed)           1.880    14.301    clk_IBUF
    BUFGCTRL_X0Y16       BUFG (Prop_bufg_I_O)         0.091    14.392 r  clk_IBUF_BUFG_inst/O
                         net (fo=154, routed)         1.492    15.884    aluInst/CLK
    SLICE_X35Y30         FDRE                                         r  aluInst/acc_q_reg[2]/C
                         clock pessimism              0.425    16.309    
                         clock uncertainty           -0.035    16.274    
    SLICE_X35Y30         FDRE (Setup_fdre_C_D)       -0.067    16.207    aluInst/acc_q_reg[2]
  -------------------------------------------------------------------
                         required time                         16.207    
                         arrival time                         -14.823    
  -------------------------------------------------------------------
                         slack                                  1.384    





Min Delay Paths
--------------------------------------------------------------------------------------
Slack (MET) :             0.167ns  (arrival time - required time)
  Source:                 uartInst/Uart_Rx/RxDataRegister/Out_S_reg[3]/C
                            (rising edge-triggered cell FDRE clocked by sys_clk_pin  {rise@0.000ns fall@5.500ns period=11.000ns})
  Destination:            uartInst/Uart_Rx/dataRx_s_reg[2]/D
                            (rising edge-triggered cell FDRE clocked by sys_clk_pin  {rise@0.000ns fall@5.500ns period=11.000ns})
  Path Group:             sys_clk_pin
  Path Type:              Hold (Min at Fast Process Corner)
  Requirement:            0.000ns  (sys_clk_pin rise@0.000ns - sys_clk_pin rise@0.000ns)
  Data Path Delay:        0.227ns  (logic 0.164ns (72.361%)  route 0.063ns (27.639%))
  Logic Levels:           0  
  Clock Path Skew:        0.013ns (DCD - SCD - CPR)
    Destination Clock Delay (DCD):    2.006ns
    Source Clock Delay      (SCD):    1.493ns
    Clock Pessimism Removal (CPR):    0.500ns

    Location             Delay type                Incr(ns)  Path(ns)    Netlist Resource(s)
  -------------------------------------------------------------------    -------------------
                         (clock sys_clk_pin rise edge)
                                                      0.000     0.000 r  
    L16                                               0.000     0.000 r  clk (IN)
                         net (fo=0)                   0.000     0.000    clk
    L16                  IBUF (Prop_ibuf_I_O)         0.259     0.259 r  clk_IBUF_inst/O
                         net (fo=1, routed)           0.627     0.886    clk_IBUF
    BUFGCTRL_X0Y16       BUFG (Prop_bufg_I_O)         0.026     0.912 r  clk_IBUF_BUFG_inst/O
                         net (fo=154, routed)         0.581     1.493    uartInst/Uart_Rx/RxDataRegister/CLK
    SLICE_X42Y24         FDRE                                         r  uartInst/Uart_Rx/RxDataRegister/Out_S_reg[3]/C
  -------------------------------------------------------------------    -------------------
    SLICE_X42Y24         FDRE (Prop_fdre_C_Q)         0.164     1.657 r  uartInst/Uart_Rx/RxDataRegister/Out_S_reg[3]/Q
                         net (fo=2, routed)           0.063     1.719    uartInst/Uart_Rx/Out_S[3]
    SLICE_X43Y24         FDRE                                         r  uartInst/Uart_Rx/dataRx_s_reg[2]/D
  -------------------------------------------------------------------    -------------------

                         (clock sys_clk_pin rise edge)
                                                      0.000     0.000 r  
    L16                                               0.000     0.000 r  clk (IN)
                         net (fo=0)                   0.000     0.000    clk
    L16                  IBUF (Prop_ibuf_I_O)         0.447     0.447 r  clk_IBUF_inst/O
                         net (fo=1, routed)           0.683     1.130    clk_IBUF
    BUFGCTRL_X0Y16       BUFG (Prop_bufg_I_O)         0.029     1.159 r  clk_IBUF_BUFG_inst/O
                         net (fo=154, routed)         0.847     2.006    uartInst/Uart_Rx/CLK
    SLICE_X43Y24         FDRE                                         r  uartInst/Uart_Rx/dataRx_s_reg[2]/C
                         clock pessimism             -0.500     1.506    
    SLICE_X43Y24         FDRE (Hold_fdre_C_D)         0.047     1.553    uartInst/Uart_Rx/dataRx_s_reg[2]
  -------------------------------------------------------------------
                         required time                         -1.553    
                         arrival time                           1.719    
  -------------------------------------------------------------------
                         slack                                  0.167    

Slack (MET) :             0.185ns  (arrival time - required time)
  Source:                 uartInst/Uart_Tx/TxDataRegister/Out_S_reg[0]/C
                            (rising edge-triggered cell FDRE clocked by sys_clk_pin  {rise@0.000ns fall@5.500ns period=11.000ns})
  Destination:            uartInst/Uart_Tx/TxDataRegister/Out_S_reg[1]/D
                            (rising edge-triggered cell FDRE clocked by sys_clk_pin  {rise@0.000ns fall@5.500ns period=11.000ns})
  Path Group:             sys_clk_pin
  Path Type:              Hold (Min at Fast Process Corner)
  Requirement:            0.000ns  (sys_clk_pin rise@0.000ns - sys_clk_pin rise@0.000ns)
  Data Path Delay:        0.305ns  (logic 0.246ns (80.588%)  route 0.059ns (19.412%))
  Logic Levels:           1  (LUT5=1)
  Clock Path Skew:        0.000ns (DCD - SCD - CPR)
    Destination Clock Delay (DCD):    1.977ns
    Source Clock Delay      (SCD):    1.464ns
    Clock Pessimism Removal (CPR):    0.513ns

    Location             Delay type                Incr(ns)  Path(ns)    Netlist Resource(s)
  -------------------------------------------------------------------    -------------------
                         (clock sys_clk_pin rise edge)
                                                      0.000     0.000 r  
    L16                                               0.000     0.000 r  clk (IN)
                         net (fo=0)                   0.000     0.000    clk
    L16                  IBUF (Prop_ibuf_I_O)         0.259     0.259 r  clk_IBUF_inst/O
                         net (fo=1, routed)           0.627     0.886    clk_IBUF
    BUFGCTRL_X0Y16       BUFG (Prop_bufg_I_O)         0.026     0.912 r  clk_IBUF_BUFG_inst/O
                         net (fo=154, routed)         0.552     1.464    uartInst/Uart_Tx/TxDataRegister/CLK
    SLICE_X34Y24         FDRE                                         r  uartInst/Uart_Tx/TxDataRegister/Out_S_reg[0]/C
  -------------------------------------------------------------------    -------------------
    SLICE_X34Y24         FDRE (Prop_fdre_C_Q)         0.148     1.612 r  uartInst/Uart_Tx/TxDataRegister/Out_S_reg[0]/Q
                         net (fo=1, routed)           0.059     1.671    pcInst/Out_S_reg[1]
    SLICE_X34Y24         LUT5 (Prop_lut5_I4_O)        0.098     1.769 r  pcInst/Out_S[1]_i_1/O
                         net (fo=1, routed)           0.000     1.769    uartInst/Uart_Tx/TxDataRegister/Out_S_reg[1]_1
    SLICE_X34Y24         FDRE                                         r  uartInst/Uart_Tx/TxDataRegister/Out_S_reg[1]/D
  -------------------------------------------------------------------    -------------------

                         (clock sys_clk_pin rise edge)
                                                      0.000     0.000 r  
    L16                                               0.000     0.000 r  clk (IN)
                         net (fo=0)                   0.000     0.000    clk
    L16                  IBUF (Prop_ibuf_I_O)         0.447     0.447 r  clk_IBUF_inst/O
                         net (fo=1, routed)           0.683     1.130    clk_IBUF
    BUFGCTRL_X0Y16       BUFG (Prop_bufg_I_O)         0.029     1.159 r  clk_IBUF_BUFG_inst/O
                         net (fo=154, routed)         0.818     1.977    uartInst/Uart_Tx/TxDataRegister/CLK
    SLICE_X34Y24         FDRE                                         r  uartInst/Uart_Tx/TxDataRegister/Out_S_reg[1]/C
                         clock pessimism             -0.513     1.464    
    SLICE_X34Y24         FDRE (Hold_fdre_C_D)         0.120     1.584    uartInst/Uart_Tx/TxDataRegister/Out_S_reg[1]
  -------------------------------------------------------------------
                         required time                         -1.584    
                         arrival time                           1.769    
  -------------------------------------------------------------------
                         slack                                  0.185    

Slack (MET) :             0.188ns  (arrival time - required time)
  Source:                 uartInst/Uart_Rx/RxDataRegister/Out_S_reg[1]/C
                            (rising edge-triggered cell FDRE clocked by sys_clk_pin  {rise@0.000ns fall@5.500ns period=11.000ns})
  Destination:            uartInst/Uart_Rx/dataRx_s_reg[0]/D
                            (rising edge-triggered cell FDRE clocked by sys_clk_pin  {rise@0.000ns fall@5.500ns period=11.000ns})
  Path Group:             sys_clk_pin
  Path Type:              Hold (Min at Fast Process Corner)
  Requirement:            0.000ns  (sys_clk_pin rise@0.000ns - sys_clk_pin rise@0.000ns)
  Data Path Delay:        0.247ns  (logic 0.141ns (57.075%)  route 0.106ns (42.925%))
  Logic Levels:           0  
  Clock Path Skew:        0.013ns (DCD - SCD - CPR)
    Destination Clock Delay (DCD):    2.006ns
    Source Clock Delay      (SCD):    1.493ns
    Clock Pessimism Removal (CPR):    0.500ns

    Location             Delay type                Incr(ns)  Path(ns)    Netlist Resource(s)
  -------------------------------------------------------------------    -------------------
                         (clock sys_clk_pin rise edge)
                                                      0.000     0.000 r  
    L16                                               0.000     0.000 r  clk (IN)
                         net (fo=0)                   0.000     0.000    clk
    L16                  IBUF (Prop_ibuf_I_O)         0.259     0.259 r  clk_IBUF_inst/O
                         net (fo=1, routed)           0.627     0.886    clk_IBUF
    BUFGCTRL_X0Y16       BUFG (Prop_bufg_I_O)         0.026     0.912 r  clk_IBUF_BUFG_inst/O
                         net (fo=154, routed)         0.581     1.493    uartInst/Uart_Rx/RxDataRegister/CLK
    SLICE_X41Y24         FDRE                                         r  uartInst/Uart_Rx/RxDataRegister/Out_S_reg[1]/C
  -------------------------------------------------------------------    -------------------
    SLICE_X41Y24         FDRE (Prop_fdre_C_Q)         0.141     1.634 r  uartInst/Uart_Rx/RxDataRegister/Out_S_reg[1]/Q
                         net (fo=2, routed)           0.106     1.740    uartInst/Uart_Rx/Out_S[1]
    SLICE_X43Y24         FDRE                                         r  uartInst/Uart_Rx/dataRx_s_reg[0]/D
  -------------------------------------------------------------------    -------------------

                         (clock sys_clk_pin rise edge)
                                                      0.000     0.000 r  
    L16                                               0.000     0.000 r  clk (IN)
                         net (fo=0)                   0.000     0.000    clk
    L16                  IBUF (Prop_ibuf_I_O)         0.447     0.447 r  clk_IBUF_inst/O
                         net (fo=1, routed)           0.683     1.130    clk_IBUF
    BUFGCTRL_X0Y16       BUFG (Prop_bufg_I_O)         0.029     1.159 r  clk_IBUF_BUFG_inst/O
                         net (fo=154, routed)         0.847     2.006    uartInst/Uart_Rx/CLK
    SLICE_X43Y24         FDRE                                         r  uartInst/Uart_Rx/dataRx_s_reg[0]/C
                         clock pessimism             -0.500     1.506    
    SLICE_X43Y24         FDRE (Hold_fdre_C_D)         0.046     1.552    uartInst/Uart_Rx/dataRx_s_reg[0]
  -------------------------------------------------------------------
                         required time                         -1.552    
                         arrival time                           1.740    
  -------------------------------------------------------------------
                         slack                                  0.188    

Slack (MET) :             0.195ns  (arrival time - required time)
  Source:                 ucInst/FSM_onehot_state_reg[13]/C
                            (rising edge-triggered cell FDRE clocked by sys_clk_pin  {rise@0.000ns fall@5.500ns period=11.000ns})
  Destination:            ucInst/FSM_onehot_state_reg[14]/D
                            (rising edge-triggered cell FDRE clocked by sys_clk_pin  {rise@0.000ns fall@5.500ns period=11.000ns})
  Path Group:             sys_clk_pin
  Path Type:              Hold (Min at Fast Process Corner)
  Requirement:            0.000ns  (sys_clk_pin rise@0.000ns - sys_clk_pin rise@0.000ns)
  Data Path Delay:        0.280ns  (logic 0.164ns (58.670%)  route 0.116ns (41.330%))
  Logic Levels:           0  
  Clock Path Skew:        0.033ns (DCD - SCD - CPR)
    Destination Clock Delay (DCD):    1.985ns
    Source Clock Delay      (SCD):    1.472ns
    Clock Pessimism Removal (CPR):    0.480ns

    Location             Delay type                Incr(ns)  Path(ns)    Netlist Resource(s)
  -------------------------------------------------------------------    -------------------
                         (clock sys_clk_pin rise edge)
                                                      0.000     0.000 r  
    L16                                               0.000     0.000 r  clk (IN)
                         net (fo=0)                   0.000     0.000    clk
    L16                  IBUF (Prop_ibuf_I_O)         0.259     0.259 r  clk_IBUF_inst/O
                         net (fo=1, routed)           0.627     0.886    clk_IBUF
    BUFGCTRL_X0Y16       BUFG (Prop_bufg_I_O)         0.026     0.912 r  clk_IBUF_BUFG_inst/O
                         net (fo=154, routed)         0.560     1.472    ucInst/CLK
    SLICE_X34Y33         FDRE                                         r  ucInst/FSM_onehot_state_reg[13]/C
  -------------------------------------------------------------------    -------------------
    SLICE_X34Y33         FDRE (Prop_fdre_C_Q)         0.164     1.636 r  ucInst/FSM_onehot_state_reg[13]/Q
                         net (fo=2, routed)           0.116     1.751    ucInst/ena
    SLICE_X32Y33         FDRE                                         r  ucInst/FSM_onehot_state_reg[14]/D
  -------------------------------------------------------------------    -------------------

                         (clock sys_clk_pin rise edge)
                                                      0.000     0.000 r  
    L16                                               0.000     0.000 r  clk (IN)
                         net (fo=0)                   0.000     0.000    clk
    L16                  IBUF (Prop_ibuf_I_O)         0.447     0.447 r  clk_IBUF_inst/O
                         net (fo=1, routed)           0.683     1.130    clk_IBUF
    BUFGCTRL_X0Y16       BUFG (Prop_bufg_I_O)         0.029     1.159 r  clk_IBUF_BUFG_inst/O
                         net (fo=154, routed)         0.826     1.985    ucInst/CLK
    SLICE_X32Y33         FDRE                                         r  ucInst/FSM_onehot_state_reg[14]/C
                         clock pessimism             -0.480     1.505    
    SLICE_X32Y33         FDRE (Hold_fdre_C_D)         0.052     1.557    ucInst/FSM_onehot_state_reg[14]
  -------------------------------------------------------------------
                         required time                         -1.557    
                         arrival time                           1.751    
  -------------------------------------------------------------------
                         slack                                  0.195    

Slack (MET) :             0.200ns  (arrival time - required time)
  Source:                 ucInst/FSM_onehot_state_reg[0]/C
                            (rising edge-triggered cell FDSE clocked by sys_clk_pin  {rise@0.000ns fall@5.500ns period=11.000ns})
  Destination:            ucInst/FSM_onehot_state_reg[1]/D
                            (rising edge-triggered cell FDRE clocked by sys_clk_pin  {rise@0.000ns fall@5.500ns period=11.000ns})
  Path Group:             sys_clk_pin
  Path Type:              Hold (Min at Fast Process Corner)
  Requirement:            0.000ns  (sys_clk_pin rise@0.000ns - sys_clk_pin rise@0.000ns)
  Data Path Delay:        0.320ns  (logic 0.246ns (76.992%)  route 0.074ns (23.008%))
  Logic Levels:           1  (LUT3=1)
  Clock Path Skew:        0.000ns (DCD - SCD - CPR)
    Destination Clock Delay (DCD):    1.985ns
    Source Clock Delay      (SCD):    1.472ns
    Clock Pessimism Removal (CPR):    0.513ns

    Location             Delay type                Incr(ns)  Path(ns)    Netlist Resource(s)
  -------------------------------------------------------------------    -------------------
                         (clock sys_clk_pin rise edge)
                                                      0.000     0.000 r  
    L16                                               0.000     0.000 r  clk (IN)
                         net (fo=0)                   0.000     0.000    clk
    L16                  IBUF (Prop_ibuf_I_O)         0.259     0.259 r  clk_IBUF_inst/O
                         net (fo=1, routed)           0.627     0.886    clk_IBUF
    BUFGCTRL_X0Y16       BUFG (Prop_bufg_I_O)         0.026     0.912 r  clk_IBUF_BUFG_inst/O
                         net (fo=154, routed)         0.560     1.472    ucInst/CLK
    SLICE_X32Y33         FDSE                                         r  ucInst/FSM_onehot_state_reg[0]/C
  -------------------------------------------------------------------    -------------------
    SLICE_X32Y33         FDSE (Prop_fdse_C_Q)         0.148     1.620 r  ucInst/FSM_onehot_state_reg[0]/Q
                         net (fo=2, routed)           0.074     1.693    ucInst/FSM_onehot_state_reg_n_0_[0]
    SLICE_X32Y33         LUT3 (Prop_lut3_I2_O)        0.098     1.791 r  ucInst/FSM_onehot_state[1]_i_1/O
                         net (fo=1, routed)           0.000     1.791    ucInst/FSM_onehot_state[1]_i_1_n_0
    SLICE_X32Y33         FDRE                                         r  ucInst/FSM_onehot_state_reg[1]/D
  -------------------------------------------------------------------    -------------------

                         (clock sys_clk_pin rise edge)
                                                      0.000     0.000 r  
    L16                                               0.000     0.000 r  clk (IN)
                         net (fo=0)                   0.000     0.000    clk
    L16                  IBUF (Prop_ibuf_I_O)         0.447     0.447 r  clk_IBUF_inst/O
                         net (fo=1, routed)           0.683     1.130    clk_IBUF
    BUFGCTRL_X0Y16       BUFG (Prop_bufg_I_O)         0.029     1.159 r  clk_IBUF_BUFG_inst/O
                         net (fo=154, routed)         0.826     1.985    ucInst/CLK
    SLICE_X32Y33         FDRE                                         r  ucInst/FSM_onehot_state_reg[1]/C
                         clock pessimism             -0.513     1.472    
    SLICE_X32Y33         FDRE (Hold_fdre_C_D)         0.120     1.592    ucInst/FSM_onehot_state_reg[1]
  -------------------------------------------------------------------
                         required time                         -1.592    
                         arrival time                           1.791    
  -------------------------------------------------------------------
                         slack                                  0.200    

Slack (MET) :             0.210ns  (arrival time - required time)
  Source:                 pcInst/cnt_inst/cnt_S_reg[1]/C
                            (rising edge-triggered cell FDRE clocked by sys_clk_pin  {rise@0.000ns fall@5.500ns period=11.000ns})
  Destination:            pcInst/cnt_inst/cnt_S_reg[3]/D
                            (rising edge-triggered cell FDRE clocked by sys_clk_pin  {rise@0.000ns fall@5.500ns period=11.000ns})
  Path Group:             sys_clk_pin
  Path Type:              Hold (Min at Fast Process Corner)
  Requirement:            0.000ns  (sys_clk_pin rise@0.000ns - sys_clk_pin rise@0.000ns)
  Data Path Delay:        0.314ns  (logic 0.209ns (66.475%)  route 0.105ns (33.525%))
  Logic Levels:           1  (LUT6=1)
  Clock Path Skew:        0.013ns (DCD - SCD - CPR)
    Destination Clock Delay (DCD):    1.976ns
    Source Clock Delay      (SCD):    1.464ns
    Clock Pessimism Removal (CPR):    0.499ns

    Location             Delay type                Incr(ns)  Path(ns)    Netlist Resource(s)
  -------------------------------------------------------------------    -------------------
                         (clock sys_clk_pin rise edge)
                                                      0.000     0.000 r  
    L16                                               0.000     0.000 r  clk (IN)
                         net (fo=0)                   0.000     0.000    clk
    L16                  IBUF (Prop_ibuf_I_O)         0.259     0.259 r  clk_IBUF_inst/O
                         net (fo=1, routed)           0.627     0.886    clk_IBUF
    BUFGCTRL_X0Y16       BUFG (Prop_bufg_I_O)         0.026     0.912 r  clk_IBUF_BUFG_inst/O
                         net (fo=154, routed)         0.552     1.464    pcInst/cnt_inst/CLK
    SLICE_X32Y24         FDRE                                         r  pcInst/cnt_inst/cnt_S_reg[1]/C
  -------------------------------------------------------------------    -------------------
    SLICE_X32Y24         FDRE (Prop_fdre_C_Q)         0.164     1.628 r  pcInst/cnt_inst/cnt_S_reg[1]/Q
                         net (fo=7, routed)           0.105     1.733    pcInst/cnt_inst/Q[1]
    SLICE_X33Y24         LUT6 (Prop_lut6_I1_O)        0.045     1.778 r  pcInst/cnt_inst/cnt_S[3]_i_1/O
                         net (fo=1, routed)           0.000     1.778    pcInst/cnt_inst/p_0_in__0[3]
    SLICE_X33Y24         FDRE                                         r  pcInst/cnt_inst/cnt_S_reg[3]/D
  -------------------------------------------------------------------    -------------------

                         (clock sys_clk_pin rise edge)
                                                      0.000     0.000 r  
    L16                                               0.000     0.000 r  clk (IN)
                         net (fo=0)                   0.000     0.000    clk
    L16                  IBUF (Prop_ibuf_I_O)         0.447     0.447 r  clk_IBUF_inst/O
                         net (fo=1, routed)           0.683     1.130    clk_IBUF
    BUFGCTRL_X0Y16       BUFG (Prop_bufg_I_O)         0.029     1.159 r  clk_IBUF_BUFG_inst/O
                         net (fo=154, routed)         0.817     1.976    pcInst/cnt_inst/CLK
    SLICE_X33Y24         FDRE                                         r  pcInst/cnt_inst/cnt_S_reg[3]/C
                         clock pessimism             -0.499     1.477    
    SLICE_X33Y24         FDRE (Hold_fdre_C_D)         0.091     1.568    pcInst/cnt_inst/cnt_S_reg[3]
  -------------------------------------------------------------------
                         required time                         -1.568    
                         arrival time                           1.778    
  -------------------------------------------------------------------
                         slack                                  0.210    

Slack (MET) :             0.218ns  (arrival time - required time)
  Source:                 uartInst/Uart_Rx/RxDataRegister/Out_S_reg[2]/C
                            (rising edge-triggered cell FDRE clocked by sys_clk_pin  {rise@0.000ns fall@5.500ns period=11.000ns})
  Destination:            uartInst/Uart_Rx/dataRx_s_reg[1]/D
                            (rising edge-triggered cell FDRE clocked by sys_clk_pin  {rise@0.000ns fall@5.500ns period=11.000ns})
  Path Group:             sys_clk_pin
  Path Type:              Hold (Min at Fast Process Corner)
  Requirement:            0.000ns  (sys_clk_pin rise@0.000ns - sys_clk_pin rise@0.000ns)
  Data Path Delay:        0.278ns  (logic 0.164ns (58.982%)  route 0.114ns (41.018%))
  Logic Levels:           0  
  Clock Path Skew:        0.013ns (DCD - SCD - CPR)
    Destination Clock Delay (DCD):    2.006ns
    Source Clock Delay      (SCD):    1.493ns
    Clock Pessimism Removal (CPR):    0.500ns

    Location             Delay type                Incr(ns)  Path(ns)    Netlist Resource(s)
  -------------------------------------------------------------------    -------------------
                         (clock sys_clk_pin rise edge)
                                                      0.000     0.000 r  
    L16                                               0.000     0.000 r  clk (IN)
                         net (fo=0)                   0.000     0.000    clk
    L16                  IBUF (Prop_ibuf_I_O)         0.259     0.259 r  clk_IBUF_inst/O
                         net (fo=1, routed)           0.627     0.886    clk_IBUF
    BUFGCTRL_X0Y16       BUFG (Prop_bufg_I_O)         0.026     0.912 r  clk_IBUF_BUFG_inst/O
                         net (fo=154, routed)         0.581     1.493    uartInst/Uart_Rx/RxDataRegister/CLK
    SLICE_X42Y24         FDRE                                         r  uartInst/Uart_Rx/RxDataRegister/Out_S_reg[2]/C
  -------------------------------------------------------------------    -------------------
    SLICE_X42Y24         FDRE (Prop_fdre_C_Q)         0.164     1.657 r  uartInst/Uart_Rx/RxDataRegister/Out_S_reg[2]/Q
                         net (fo=2, routed)           0.114     1.771    uartInst/Uart_Rx/Out_S[2]
    SLICE_X43Y24         FDRE                                         r  uartInst/Uart_Rx/dataRx_s_reg[1]/D
  -------------------------------------------------------------------    -------------------

                         (clock sys_clk_pin rise edge)
                                                      0.000     0.000 r  
    L16                                               0.000     0.000 r  clk (IN)
                         net (fo=0)                   0.000     0.000    clk
    L16                  IBUF (Prop_ibuf_I_O)         0.447     0.447 r  clk_IBUF_inst/O
                         net (fo=1, routed)           0.683     1.130    clk_IBUF
    BUFGCTRL_X0Y16       BUFG (Prop_bufg_I_O)         0.029     1.159 r  clk_IBUF_BUFG_inst/O
                         net (fo=154, routed)         0.847     2.006    uartInst/Uart_Rx/CLK
    SLICE_X43Y24         FDRE                                         r  uartInst/Uart_Rx/dataRx_s_reg[1]/C
                         clock pessimism             -0.500     1.506    
    SLICE_X43Y24         FDRE (Hold_fdre_C_D)         0.047     1.553    uartInst/Uart_Rx/dataRx_s_reg[1]
  -------------------------------------------------------------------
                         required time                         -1.553    
                         arrival time                           1.771    
  -------------------------------------------------------------------
                         slack                                  0.218    

Slack (MET) :             0.220ns  (arrival time - required time)
  Source:                 uartInst/Uart_Tx/TransmitingCounter_TxData/cnt_S_U_reg[0]/C
                            (rising edge-triggered cell FDRE clocked by sys_clk_pin  {rise@0.000ns fall@5.500ns period=11.000ns})
  Destination:            uartInst/Uart_Tx/TransmitingCounter_TxData/cnt_S_U_reg[5]/D
                            (rising edge-triggered cell FDRE clocked by sys_clk_pin  {rise@0.000ns fall@5.500ns period=11.000ns})
  Path Group:             sys_clk_pin
  Path Type:              Hold (Min at Fast Process Corner)
  Requirement:            0.000ns  (sys_clk_pin rise@0.000ns - sys_clk_pin rise@0.000ns)
  Data Path Delay:        0.348ns  (logic 0.186ns (53.405%)  route 0.162ns (46.595%))
  Logic Levels:           1  (LUT6=1)
  Clock Path Skew:        0.036ns (DCD - SCD - CPR)
    Destination Clock Delay (DCD):    2.012ns
    Source Clock Delay      (SCD):    1.496ns
    Clock Pessimism Removal (CPR):    0.480ns

    Location             Delay type                Incr(ns)  Path(ns)    Netlist Resource(s)
  -------------------------------------------------------------------    -------------------
                         (clock sys_clk_pin rise edge)
                                                      0.000     0.000 r  
    L16                                               0.000     0.000 r  clk (IN)
                         net (fo=0)                   0.000     0.000    clk
    L16                  IBUF (Prop_ibuf_I_O)         0.259     0.259 r  clk_IBUF_inst/O
                         net (fo=1, routed)           0.627     0.886    clk_IBUF
    BUFGCTRL_X0Y16       BUFG (Prop_bufg_I_O)         0.026     0.912 r  clk_IBUF_BUFG_inst/O
                         net (fo=154, routed)         0.584     1.496    uartInst/Uart_Tx/TransmitingCounter_TxData/CLK
    SLICE_X39Y19         FDRE                                         r  uartInst/Uart_Tx/TransmitingCounter_TxData/cnt_S_U_reg[0]/C
  -------------------------------------------------------------------    -------------------
    SLICE_X39Y19         FDRE (Prop_fdre_C_Q)         0.141     1.637 r  uartInst/Uart_Tx/TransmitingCounter_TxData/cnt_S_U_reg[0]/Q
                         net (fo=9, routed)           0.162     1.799    uartInst/Uart_Tx/TransmitingCounter_TxData/cnt_S_U_reg[0]
    SLICE_X40Y19         LUT6 (Prop_lut6_I2_O)        0.045     1.844 r  uartInst/Uart_Tx/TransmitingCounter_TxData/cnt_S_U[5]_i_1/O
                         net (fo=1, routed)           0.000     1.844    uartInst/Uart_Tx/TransmitingCounter_TxData/plusOp[5]
    SLICE_X40Y19         FDRE                                         r  uartInst/Uart_Tx/TransmitingCounter_TxData/cnt_S_U_reg[5]/D
  -------------------------------------------------------------------    -------------------

                         (clock sys_clk_pin rise edge)
                                                      0.000     0.000 r  
    L16                                               0.000     0.000 r  clk (IN)
                         net (fo=0)                   0.000     0.000    clk
    L16                  IBUF (Prop_ibuf_I_O)         0.447     0.447 r  clk_IBUF_inst/O
                         net (fo=1, routed)           0.683     1.130    clk_IBUF
    BUFGCTRL_X0Y16       BUFG (Prop_bufg_I_O)         0.029     1.159 r  clk_IBUF_BUFG_inst/O
                         net (fo=154, routed)         0.853     2.012    uartInst/Uart_Tx/TransmitingCounter_TxData/CLK
    SLICE_X40Y19         FDRE                                         r  uartInst/Uart_Tx/TransmitingCounter_TxData/cnt_S_U_reg[5]/C
                         clock pessimism             -0.480     1.532    
    SLICE_X40Y19         FDRE (Hold_fdre_C_D)         0.092     1.624    uartInst/Uart_Tx/TransmitingCounter_TxData/cnt_S_U_reg[5]
  -------------------------------------------------------------------
                         required time                         -1.624    
                         arrival time                           1.844    
  -------------------------------------------------------------------
                         slack                                  0.220    

Slack (MET) :             0.221ns  (arrival time - required time)
  Source:                 portIOInst/portRdReg_reg[11]/C
                            (rising edge-triggered cell FDRE clocked by sys_clk_pin  {rise@0.000ns fall@5.500ns period=11.000ns})
  Destination:            <hidden>
                            (rising edge-triggered cell RAMB18E1 clocked by sys_clk_pin  {rise@0.000ns fall@5.500ns period=11.000ns})
  Path Group:             sys_clk_pin
  Path Type:              Hold (Min at Fast Process Corner)
  Requirement:            0.000ns  (sys_clk_pin rise@0.000ns - sys_clk_pin rise@0.000ns)
  Data Path Delay:        0.567ns  (logic 0.186ns (32.808%)  route 0.381ns (67.192%))
  Logic Levels:           1  (LUT4=1)
  Clock Path Skew:        0.049ns (DCD - SCD - CPR)
    Destination Clock Delay (DCD):    2.023ns
    Source Clock Delay      (SCD):    1.494ns
    Clock Pessimism Removal (CPR):    0.480ns

    Location             Delay type                Incr(ns)  Path(ns)    Netlist Resource(s)
  -------------------------------------------------------------------    -------------------
                         (clock sys_clk_pin rise edge)
                                                      0.000     0.000 r  
    L16                                               0.000     0.000 r  clk (IN)
                         net (fo=0)                   0.000     0.000    clk
    L16                  IBUF (Prop_ibuf_I_O)         0.259     0.259 r  clk_IBUF_inst/O
                         net (fo=1, routed)           0.627     0.886    clk_IBUF
    BUFGCTRL_X0Y16       BUFG (Prop_bufg_I_O)         0.026     0.912 r  clk_IBUF_BUFG_inst/O
                         net (fo=154, routed)         0.582     1.494    portIOInst/CLK
    SLICE_X43Y26         FDRE                                         r  portIOInst/portRdReg_reg[11]/C
  -------------------------------------------------------------------    -------------------
    SLICE_X43Y26         FDRE (Prop_fdre_C_Q)         0.141     1.635 r  portIOInst/portRdReg_reg[11]/Q
                         net (fo=1, routed)           0.054     1.689    pcInst/ramMem_inst[11]
    SLICE_X42Y26         LUT4 (Prop_lut4_I0_O)        0.045     1.734 r  pcInst/ramMem_inst_i_5/O
                         net (fo=1, routed)           0.327     2.061    <hidden>
    RAMB18_X2Y10         RAMB18E1                                     r  <hidden>
  -------------------------------------------------------------------    -------------------

                         (clock sys_clk_pin rise edge)
                                                      0.000     0.000 r  
    L16                                               0.000     0.000 r  clk (IN)
                         net (fo=0)                   0.000     0.000    clk
    L16                  IBUF (Prop_ibuf_I_O)         0.447     0.447 r  clk_IBUF_inst/O
                         net (fo=1, routed)           0.683     1.130    clk_IBUF
    BUFGCTRL_X0Y16       BUFG (Prop_bufg_I_O)         0.029     1.159 r  clk_IBUF_BUFG_inst/O
                         net (fo=154, routed)         0.864     2.023    <hidden>
    RAMB18_X2Y10         RAMB18E1                                     r  <hidden>
                         clock pessimism             -0.480     1.543    
    RAMB18_X2Y10         RAMB18E1 (Hold_ramb18e1_CLKARDCLK_DIADI[11])
                                                      0.296     1.839    <hidden>
  -------------------------------------------------------------------
                         required time                         -1.839    
                         arrival time                           2.061    
  -------------------------------------------------------------------
                         slack                                  0.221    

Slack (MET) :             0.223ns  (arrival time - required time)
  Source:                 uartInst/Uart_Rx/dataRx_s_reg[3]/C
                            (rising edge-triggered cell FDRE clocked by sys_clk_pin  {rise@0.000ns fall@5.500ns period=11.000ns})
  Destination:            uartInst/Uart_Rx/dataRx_reg[3]/D
                            (rising edge-triggered cell FDRE clocked by sys_clk_pin  {rise@0.000ns fall@5.500ns period=11.000ns})
  Path Group:             sys_clk_pin
  Path Type:              Hold (Min at Fast Process Corner)
  Requirement:            0.000ns  (sys_clk_pin rise@0.000ns - sys_clk_pin rise@0.000ns)
  Data Path Delay:        0.322ns  (logic 0.141ns (43.754%)  route 0.181ns (56.246%))
  Logic Levels:           0  
  Clock Path Skew:        0.033ns (DCD - SCD - CPR)
    Destination Clock Delay (DCD):    2.006ns
    Source Clock Delay      (SCD):    1.493ns
    Clock Pessimism Removal (CPR):    0.480ns

    Location             Delay type                Incr(ns)  Path(ns)    Netlist Resource(s)
  -------------------------------------------------------------------    -------------------
                         (clock sys_clk_pin rise edge)
                                                      0.000     0.000 r  
    L16                                               0.000     0.000 r  clk (IN)
                         net (fo=0)                   0.000     0.000    clk
    L16                  IBUF (Prop_ibuf_I_O)         0.259     0.259 r  clk_IBUF_inst/O
                         net (fo=1, routed)           0.627     0.886    clk_IBUF
    BUFGCTRL_X0Y16       BUFG (Prop_bufg_I_O)         0.026     0.912 r  clk_IBUF_BUFG_inst/O
                         net (fo=154, routed)         0.581     1.493    uartInst/Uart_Rx/CLK
    SLICE_X43Y24         FDRE                                         r  uartInst/Uart_Rx/dataRx_s_reg[3]/C
  -------------------------------------------------------------------    -------------------
    SLICE_X43Y24         FDRE (Prop_fdre_C_Q)         0.141     1.634 r  uartInst/Uart_Rx/dataRx_s_reg[3]/Q
                         net (fo=1, routed)           0.181     1.815    uartInst/Uart_Rx/dataRx_s[3]
    SLICE_X41Y25         FDRE                                         r  uartInst/Uart_Rx/dataRx_reg[3]/D
  -------------------------------------------------------------------    -------------------

                         (clock sys_clk_pin rise edge)
                                                      0.000     0.000 r  
    L16                                               0.000     0.000 r  clk (IN)
                         net (fo=0)                   0.000     0.000    clk
    L16                  IBUF (Prop_ibuf_I_O)         0.447     0.447 r  clk_IBUF_inst/O
                         net (fo=1, routed)           0.683     1.130    clk_IBUF
    BUFGCTRL_X0Y16       BUFG (Prop_bufg_I_O)         0.029     1.159 r  clk_IBUF_BUFG_inst/O
                         net (fo=154, routed)         0.847     2.006    uartInst/Uart_Rx/CLK
    SLICE_X41Y25         FDRE                                         r  uartInst/Uart_Rx/dataRx_reg[3]/C
                         clock pessimism             -0.480     1.526    
    SLICE_X41Y25         FDRE (Hold_fdre_C_D)         0.066     1.592    uartInst/Uart_Rx/dataRx_reg[3]
  -------------------------------------------------------------------
                         required time                         -1.592    
                         arrival time                           1.815    
  -------------------------------------------------------------------
                         slack                                  0.223    





Pulse Width Checks
--------------------------------------------------------------------------------------
Clock Name:         sys_clk_pin
Waveform(ns):       { 0.000 5.500 }
Period(ns):         11.000
Sources:            { clk }

Check Type        Corner  Lib Pin             Reference Pin  Required(ns)  Actual(ns)  Slack(ns)  Location        Pin
Min Period        n/a     RAMB36E1/CLKARDCLK  n/a            2.576         11.000      8.424      RAMB36_X2Y6     <hidden>
Min Period        n/a     RAMB36E1/CLKBWRCLK  n/a            2.576         11.000      8.424      RAMB36_X2Y6     <hidden>
Min Period        n/a     RAMB18E1/CLKARDCLK  n/a            2.576         11.000      8.424      RAMB18_X2Y10    <hidden>
Min Period        n/a     RAMB18E1/CLKBWRCLK  n/a            2.576         11.000      8.424      RAMB18_X2Y10    <hidden>
Min Period        n/a     BUFG/I              n/a            2.155         11.000      8.845      BUFGCTRL_X0Y16  clk_IBUF_BUFG_inst/I
Min Period        n/a     FDRE/C              n/a            1.000         11.000      10.000     SLICE_X39Y27    aluInst/acc_q_reg[0]/C
Min Period        n/a     FDRE/C              n/a            1.000         11.000      10.000     SLICE_X39Y30    aluInst/acc_q_reg[10]/C
Min Period        n/a     FDRE/C              n/a            1.000         11.000      10.000     SLICE_X42Y28    aluInst/acc_q_reg[11]/C
Min Period        n/a     FDRE/C              n/a            1.000         11.000      10.000     SLICE_X33Y28    aluInst/acc_q_reg[12]/C
Min Period        n/a     FDRE/C              n/a            1.000         11.000      10.000     SLICE_X33Y28    aluInst/acc_q_reg[13]/C
Low Pulse Width   Slow    FDRE/C              n/a            0.500         5.500       5.000      SLICE_X39Y27    aluInst/acc_q_reg[0]/C
Low Pulse Width   Fast    FDRE/C              n/a            0.500         5.500       5.000      SLICE_X39Y27    aluInst/acc_q_reg[0]/C
Low Pulse Width   Slow    FDRE/C              n/a            0.500         5.500       5.000      SLICE_X39Y30    aluInst/acc_q_reg[10]/C
Low Pulse Width   Fast    FDRE/C              n/a            0.500         5.500       5.000      SLICE_X39Y30    aluInst/acc_q_reg[10]/C
Low Pulse Width   Slow    FDRE/C              n/a            0.500         5.500       5.000      SLICE_X42Y28    aluInst/acc_q_reg[11]/C
Low Pulse Width   Fast    FDRE/C              n/a            0.500         5.500       5.000      SLICE_X42Y28    aluInst/acc_q_reg[11]/C
Low Pulse Width   Slow    FDRE/C              n/a            0.500         5.500       5.000      SLICE_X33Y28    aluInst/acc_q_reg[12]/C
Low Pulse Width   Fast    FDRE/C              n/a            0.500         5.500       5.000      SLICE_X33Y28    aluInst/acc_q_reg[12]/C
Low Pulse Width   Slow    FDRE/C              n/a            0.500         5.500       5.000      SLICE_X33Y28    aluInst/acc_q_reg[13]/C
Low Pulse Width   Fast    FDRE/C              n/a            0.500         5.500       5.000      SLICE_X33Y28    aluInst/acc_q_reg[13]/C
High Pulse Width  Slow    FDRE/C              n/a            0.500         5.500       5.000      SLICE_X39Y27    aluInst/acc_q_reg[0]/C
High Pulse Width  Fast    FDRE/C              n/a            0.500         5.500       5.000      SLICE_X39Y27    aluInst/acc_q_reg[0]/C
High Pulse Width  Slow    FDRE/C              n/a            0.500         5.500       5.000      SLICE_X39Y30    aluInst/acc_q_reg[10]/C
High Pulse Width  Fast    FDRE/C              n/a            0.500         5.500       5.000      SLICE_X39Y30    aluInst/acc_q_reg[10]/C
High Pulse Width  Slow    FDRE/C              n/a            0.500         5.500       5.000      SLICE_X42Y28    aluInst/acc_q_reg[11]/C
High Pulse Width  Fast    FDRE/C              n/a            0.500         5.500       5.000      SLICE_X42Y28    aluInst/acc_q_reg[11]/C
High Pulse Width  Slow    FDRE/C              n/a            0.500         5.500       5.000      SLICE_X33Y28    aluInst/acc_q_reg[12]/C
High Pulse Width  Fast    FDRE/C              n/a            0.500         5.500       5.000      SLICE_X33Y28    aluInst/acc_q_reg[12]/C
High Pulse Width  Slow    FDRE/C              n/a            0.500         5.500       5.000      SLICE_X33Y28    aluInst/acc_q_reg[13]/C
High Pulse Width  Fast    FDRE/C              n/a            0.500         5.500       5.000      SLICE_X33Y28    aluInst/acc_q_reg[13]/C



--------------------------------------------------------------------------------------
Path Group:  (none)
From Clock:  sys_clk_pin
  To Clock:  

Max Delay            17 Endpoints
Min Delay            17 Endpoints
--------------------------------------------------------------------------------------


Max Delay Paths
--------------------------------------------------------------------------------------
Slack:                    inf
  Source:                 uartInst/Uart_Tx/state_reg[0]/C
                            (rising edge-triggered cell FDRE clocked by sys_clk_pin  {rise@0.000ns fall@5.500ns period=11.000ns})
  Destination:            uartTx
                            (output port)
  Path Group:             (none)
  Path Type:              Max at Slow Process Corner
  Data Path Delay:        7.560ns  (logic 4.148ns (54.860%)  route 3.413ns (45.140%))
  Logic Levels:           2  (LUT3=1 OBUF=1)
  Clock Uncertainty:      0.025ns  ((TSJ^2 + TIJ^2)^1/2 + DJ) / 2 + PE
    Total System Jitter     (TSJ):    0.050ns
    Total Input Jitter      (TIJ):    0.000ns
    Discrete Jitter          (DJ):    0.000ns
    Phase Error              (PE):    0.000ns

    Location             Delay type                Incr(ns)  Path(ns)    Netlist Resource(s)
  -------------------------------------------------------------------    -------------------
                         (clock sys_clk_pin rise edge)
                                                      0.000     0.000 r  
    L16                                               0.000     0.000 r  clk (IN)
                         net (fo=0)                   0.000     0.000    clk
    L16                  IBUF (Prop_ibuf_I_O)         1.491     1.491 r  clk_IBUF_inst/O
                         net (fo=1, routed)           2.076     3.567    clk_IBUF
    BUFGCTRL_X0Y16       BUFG (Prop_bufg_I_O)         0.101     3.668 r  clk_IBUF_BUFG_inst/O
                         net (fo=154, routed)         1.663     5.331    uartInst/Uart_Tx/CLK
    SLICE_X34Y21         FDRE                                         r  uartInst/Uart_Tx/state_reg[0]/C
  -------------------------------------------------------------------    -------------------
    SLICE_X34Y21         FDRE (Prop_fdre_C_Q)         0.518     5.849 f  uartInst/Uart_Tx/state_reg[0]/Q
                         net (fo=8, routed)           0.859     6.708    uartInst/Uart_Tx/TxDataRegister/uartTx[0]
    SLICE_X33Y21         LUT3 (Prop_lut3_I2_O)        0.124     6.832 r  uartInst/Uart_Tx/TxDataRegister/uartTx_OBUF_inst_i_1/O
                         net (fo=1, routed)           2.554     9.386    uartTx_OBUF
    P15                  OBUF (Prop_obuf_I_O)         3.506    12.892 r  uartTx_OBUF_inst/O
                         net (fo=0)                   0.000    12.892    uartTx
    P15                                                               r  uartTx (OUT)
  -------------------------------------------------------------------    -------------------

Slack:                    inf
  Source:                 portIOInst/portWr_reg[7]/C
                            (rising edge-triggered cell FDRE clocked by sys_clk_pin  {rise@0.000ns fall@5.500ns period=11.000ns})
  Destination:            portWr[7]
                            (output port)
  Path Group:             (none)
  Path Type:              Max at Slow Process Corner
  Data Path Delay:        6.393ns  (logic 3.982ns (62.292%)  route 2.411ns (37.708%))
  Logic Levels:           1  (OBUF=1)
  Clock Uncertainty:      0.025ns  ((TSJ^2 + TIJ^2)^1/2 + DJ) / 2 + PE
    Total System Jitter     (TSJ):    0.050ns
    Total Input Jitter      (TIJ):    0.000ns
    Discrete Jitter          (DJ):    0.000ns
    Phase Error              (PE):    0.000ns

    Location             Delay type                Incr(ns)  Path(ns)    Netlist Resource(s)
  -------------------------------------------------------------------    -------------------
                         (clock sys_clk_pin rise edge)
                                                      0.000     0.000 r  
    L16                                               0.000     0.000 r  clk (IN)
                         net (fo=0)                   0.000     0.000    clk
    L16                  IBUF (Prop_ibuf_I_O)         1.491     1.491 r  clk_IBUF_inst/O
                         net (fo=1, routed)           2.076     3.567    clk_IBUF
    BUFGCTRL_X0Y16       BUFG (Prop_bufg_I_O)         0.101     3.668 r  clk_IBUF_BUFG_inst/O
                         net (fo=154, routed)         1.739     5.407    portIOInst/CLK
    SLICE_X40Y23         FDRE                                         r  portIOInst/portWr_reg[7]/C
  -------------------------------------------------------------------    -------------------
    SLICE_X40Y23         FDRE (Prop_fdre_C_Q)         0.456     5.863 r  portIOInst/portWr_reg[7]/Q
                         net (fo=1, routed)           2.411     8.274    portWr_OBUF[7]
    W19                  OBUF (Prop_obuf_I_O)         3.526    11.800 r  portWr_OBUF[7]_inst/O
                         net (fo=0)                   0.000    11.800    portWr[7]
    W19                                                               r  portWr[7] (OUT)
  -------------------------------------------------------------------    -------------------

Slack:                    inf
  Source:                 portIOInst/portWr_reg[6]/C
                            (rising edge-triggered cell FDRE clocked by sys_clk_pin  {rise@0.000ns fall@5.500ns period=11.000ns})
  Destination:            portWr[6]
                            (output port)
  Path Group:             (none)
  Path Type:              Max at Slow Process Corner
  Data Path Delay:        6.259ns  (logic 3.984ns (63.643%)  route 2.276ns (36.357%))
  Logic Levels:           1  (OBUF=1)
  Clock Uncertainty:      0.025ns  ((TSJ^2 + TIJ^2)^1/2 + DJ) / 2 + PE
    Total System Jitter     (TSJ):    0.050ns
    Total Input Jitter      (TIJ):    0.000ns
    Discrete Jitter          (DJ):    0.000ns
    Phase Error              (PE):    0.000ns

    Location             Delay type                Incr(ns)  Path(ns)    Netlist Resource(s)
  -------------------------------------------------------------------    -------------------
                         (clock sys_clk_pin rise edge)
                                                      0.000     0.000 r  
    L16                                               0.000     0.000 r  clk (IN)
                         net (fo=0)                   0.000     0.000    clk
    L16                  IBUF (Prop_ibuf_I_O)         1.491     1.491 r  clk_IBUF_inst/O
                         net (fo=1, routed)           2.076     3.567    clk_IBUF
    BUFGCTRL_X0Y16       BUFG (Prop_bufg_I_O)         0.101     3.668 r  clk_IBUF_BUFG_inst/O
                         net (fo=154, routed)         1.739     5.407    portIOInst/CLK
    SLICE_X40Y23         FDRE                                         r  portIOInst/portWr_reg[6]/C
  -------------------------------------------------------------------    -------------------
    SLICE_X40Y23         FDRE (Prop_fdre_C_Q)         0.456     5.863 r  portIOInst/portWr_reg[6]/Q
                         net (fo=1, routed)           2.276     8.139    portWr_OBUF[6]
    W18                  OBUF (Prop_obuf_I_O)         3.528    11.667 r  portWr_OBUF[6]_inst/O
                         net (fo=0)                   0.000    11.667    portWr[6]
    W18                                                               r  portWr[6] (OUT)
  -------------------------------------------------------------------    -------------------

Slack:                    inf
  Source:                 portIOInst/portWr_reg[15]/C
                            (rising edge-triggered cell FDRE clocked by sys_clk_pin  {rise@0.000ns fall@5.500ns period=11.000ns})
  Destination:            portWr[15]
                            (output port)
  Path Group:             (none)
  Path Type:              Max at Slow Process Corner
  Data Path Delay:        6.259ns  (logic 3.983ns (63.640%)  route 2.276ns (36.360%))
  Logic Levels:           1  (OBUF=1)
  Clock Uncertainty:      0.025ns  ((TSJ^2 + TIJ^2)^1/2 + DJ) / 2 + PE
    Total System Jitter     (TSJ):    0.050ns
    Total Input Jitter      (TIJ):    0.000ns
    Discrete Jitter          (DJ):    0.000ns
    Phase Error              (PE):    0.000ns

    Location             Delay type                Incr(ns)  Path(ns)    Netlist Resource(s)
  -------------------------------------------------------------------    -------------------
                         (clock sys_clk_pin rise edge)
                                                      0.000     0.000 r  
    L16                                               0.000     0.000 r  clk (IN)
                         net (fo=0)                   0.000     0.000    clk
    L16                  IBUF (Prop_ibuf_I_O)         1.491     1.491 r  clk_IBUF_inst/O
                         net (fo=1, routed)           2.076     3.567    clk_IBUF
    BUFGCTRL_X0Y16       BUFG (Prop_bufg_I_O)         0.101     3.668 r  clk_IBUF_BUFG_inst/O
                         net (fo=154, routed)         1.737     5.405    portIOInst/CLK
    SLICE_X40Y24         FDRE                                         r  portIOInst/portWr_reg[15]/C
  -------------------------------------------------------------------    -------------------
    SLICE_X40Y24         FDRE (Prop_fdre_C_Q)         0.456     5.861 r  portIOInst/portWr_reg[15]/Q
                         net (fo=1, routed)           2.276     8.137    portWr_OBUF[15]
    V18                  OBUF (Prop_obuf_I_O)         3.527    11.664 r  portWr_OBUF[15]_inst/O
                         net (fo=0)                   0.000    11.664    portWr[15]
    V18                                                               r  portWr[15] (OUT)
  -------------------------------------------------------------------    -------------------

Slack:                    inf
  Source:                 portIOInst/portWr_reg[14]/C
                            (rising edge-triggered cell FDRE clocked by sys_clk_pin  {rise@0.000ns fall@5.500ns period=11.000ns})
  Destination:            portWr[14]
                            (output port)
  Path Group:             (none)
  Path Type:              Max at Slow Process Corner
  Data Path Delay:        6.111ns  (logic 3.987ns (65.233%)  route 2.125ns (34.767%))
  Logic Levels:           1  (OBUF=1)
  Clock Uncertainty:      0.025ns  ((TSJ^2 + TIJ^2)^1/2 + DJ) / 2 + PE
    Total System Jitter     (TSJ):    0.050ns
    Total Input Jitter      (TIJ):    0.000ns
    Discrete Jitter          (DJ):    0.000ns
    Phase Error              (PE):    0.000ns

    Location             Delay type                Incr(ns)  Path(ns)    Netlist Resource(s)
  -------------------------------------------------------------------    -------------------
                         (clock sys_clk_pin rise edge)
                                                      0.000     0.000 r  
    L16                                               0.000     0.000 r  clk (IN)
                         net (fo=0)                   0.000     0.000    clk
    L16                  IBUF (Prop_ibuf_I_O)         1.491     1.491 r  clk_IBUF_inst/O
                         net (fo=1, routed)           2.076     3.567    clk_IBUF
    BUFGCTRL_X0Y16       BUFG (Prop_bufg_I_O)         0.101     3.668 r  clk_IBUF_BUFG_inst/O
                         net (fo=154, routed)         1.737     5.405    portIOInst/CLK
    SLICE_X40Y24         FDRE                                         r  portIOInst/portWr_reg[14]/C
  -------------------------------------------------------------------    -------------------
    SLICE_X40Y24         FDRE (Prop_fdre_C_Q)         0.456     5.861 r  portIOInst/portWr_reg[14]/Q
                         net (fo=1, routed)           2.125     7.986    portWr_OBUF[14]
    V17                  OBUF (Prop_obuf_I_O)         3.531    11.516 r  portWr_OBUF[14]_inst/O
                         net (fo=0)                   0.000    11.516    portWr[14]
    V17                                                               r  portWr[14] (OUT)
  -------------------------------------------------------------------    -------------------

Slack:                    inf
  Source:                 portIOInst/portWr_reg[9]/C
                            (rising edge-triggered cell FDRE clocked by sys_clk_pin  {rise@0.000ns fall@5.500ns period=11.000ns})
  Destination:            portWr[9]
                            (output port)
  Path Group:             (none)
  Path Type:              Max at Slow Process Corner
  Data Path Delay:        6.061ns  (logic 4.022ns (66.363%)  route 2.039ns (33.637%))
  Logic Levels:           1  (OBUF=1)
  Clock Uncertainty:      0.025ns  ((TSJ^2 + TIJ^2)^1/2 + DJ) / 2 + PE
    Total System Jitter     (TSJ):    0.050ns
    Total Input Jitter      (TIJ):    0.000ns
    Discrete Jitter          (DJ):    0.000ns
    Phase Error              (PE):    0.000ns

    Location             Delay type                Incr(ns)  Path(ns)    Netlist Resource(s)
  -------------------------------------------------------------------    -------------------
                         (clock sys_clk_pin rise edge)
                                                      0.000     0.000 r  
    L16                                               0.000     0.000 r  clk (IN)
                         net (fo=0)                   0.000     0.000    clk
    L16                  IBUF (Prop_ibuf_I_O)         1.491     1.491 r  clk_IBUF_inst/O
                         net (fo=1, routed)           2.076     3.567    clk_IBUF
    BUFGCTRL_X0Y16       BUFG (Prop_bufg_I_O)         0.101     3.668 r  clk_IBUF_BUFG_inst/O
                         net (fo=154, routed)         1.746     5.414    portIOInst/CLK
    SLICE_X40Y31         FDRE                                         r  portIOInst/portWr_reg[9]/C
  -------------------------------------------------------------------    -------------------
    SLICE_X40Y31         FDRE (Prop_fdre_C_Q)         0.456     5.870 r  portIOInst/portWr_reg[9]/Q
                         net (fo=1, routed)           2.039     7.909    portWr_OBUF[9]
    T15                  OBUF (Prop_obuf_I_O)         3.566    11.475 r  portWr_OBUF[9]_inst/O
                         net (fo=0)                   0.000    11.475    portWr[9]
    T15                                                               r  portWr[9] (OUT)
  -------------------------------------------------------------------    -------------------

Slack:                    inf
  Source:                 portIOInst/portWr_reg[5]/C
                            (rising edge-triggered cell FDRE clocked by sys_clk_pin  {rise@0.000ns fall@5.500ns period=11.000ns})
  Destination:            portWr[5]
                            (output port)
  Path Group:             (none)
  Path Type:              Max at Slow Process Corner
  Data Path Delay:        6.045ns  (logic 4.002ns (66.211%)  route 2.042ns (33.789%))
  Logic Levels:           1  (OBUF=1)
  Clock Uncertainty:      0.025ns  ((TSJ^2 + TIJ^2)^1/2 + DJ) / 2 + PE
    Total System Jitter     (TSJ):    0.050ns
    Total Input Jitter      (TIJ):    0.000ns
    Discrete Jitter          (DJ):    0.000ns
    Phase Error              (PE):    0.000ns

    Location             Delay type                Incr(ns)  Path(ns)    Netlist Resource(s)
  -------------------------------------------------------------------    -------------------
                         (clock sys_clk_pin rise edge)
                                                      0.000     0.000 r  
    L16                                               0.000     0.000 r  clk (IN)
                         net (fo=0)                   0.000     0.000    clk
    L16                  IBUF (Prop_ibuf_I_O)         1.491     1.491 r  clk_IBUF_inst/O
                         net (fo=1, routed)           2.076     3.567    clk_IBUF
    BUFGCTRL_X0Y16       BUFG (Prop_bufg_I_O)         0.101     3.668 r  clk_IBUF_BUFG_inst/O
                         net (fo=154, routed)         1.739     5.407    portIOInst/CLK
    SLICE_X40Y23         FDRE                                         r  portIOInst/portWr_reg[5]/C
  -------------------------------------------------------------------    -------------------
    SLICE_X40Y23         FDRE (Prop_fdre_C_Q)         0.456     5.863 r  portIOInst/portWr_reg[5]/Q
                         net (fo=1, routed)           2.042     7.906    portWr_OBUF[5]
    Y19                  OBUF (Prop_obuf_I_O)         3.546    11.452 r  portWr_OBUF[5]_inst/O
                         net (fo=0)                   0.000    11.452    portWr[5]
    Y19                                                               r  portWr[5] (OUT)
  -------------------------------------------------------------------    -------------------

Slack:                    inf
  Source:                 portIOInst/portWr_reg[3]/C
                            (rising edge-triggered cell FDRE clocked by sys_clk_pin  {rise@0.000ns fall@5.500ns period=11.000ns})
  Destination:            portWr[3]
                            (output port)
  Path Group:             (none)
  Path Type:              Max at Slow Process Corner
  Data Path Delay:        6.045ns  (logic 4.141ns (68.501%)  route 1.904ns (31.499%))
  Logic Levels:           1  (OBUF=1)
  Clock Uncertainty:      0.025ns  ((TSJ^2 + TIJ^2)^1/2 + DJ) / 2 + PE
    Total System Jitter     (TSJ):    0.050ns
    Total Input Jitter      (TIJ):    0.000ns
    Discrete Jitter          (DJ):    0.000ns
    Phase Error              (PE):    0.000ns

    Location             Delay type                Incr(ns)  Path(ns)    Netlist Resource(s)
  -------------------------------------------------------------------    -------------------
                         (clock sys_clk_pin rise edge)
                                                      0.000     0.000 r  
    L16                                               0.000     0.000 r  clk (IN)
                         net (fo=0)                   0.000     0.000    clk
    L16                  IBUF (Prop_ibuf_I_O)         1.491     1.491 r  clk_IBUF_inst/O
                         net (fo=1, routed)           2.076     3.567    clk_IBUF
    BUFGCTRL_X0Y16       BUFG (Prop_bufg_I_O)         0.101     3.668 r  clk_IBUF_BUFG_inst/O
                         net (fo=154, routed)         1.737     5.405    portIOInst/CLK
    SLICE_X40Y24         FDRE                                         r  portIOInst/portWr_reg[3]/C
  -------------------------------------------------------------------    -------------------
    SLICE_X40Y24         FDRE (Prop_fdre_C_Q)         0.419     5.824 r  portIOInst/portWr_reg[3]/Q
                         net (fo=1, routed)           1.904     7.728    portWr_OBUF[3]
    W20                  OBUF (Prop_obuf_I_O)         3.722    11.450 r  portWr_OBUF[3]_inst/O
                         net (fo=0)                   0.000    11.450    portWr[3]
    W20                                                               r  portWr[3] (OUT)
  -------------------------------------------------------------------    -------------------

Slack:                    inf
  Source:                 portIOInst/portWr_reg[10]/C
                            (rising edge-triggered cell FDRE clocked by sys_clk_pin  {rise@0.000ns fall@5.500ns period=11.000ns})
  Destination:            portWr[10]
                            (output port)
  Path Group:             (none)
  Path Type:              Max at Slow Process Corner
  Data Path Delay:        5.945ns  (logic 4.028ns (67.753%)  route 1.917ns (32.247%))
  Logic Levels:           1  (OBUF=1)
  Clock Uncertainty:      0.025ns  ((TSJ^2 + TIJ^2)^1/2 + DJ) / 2 + PE
    Total System Jitter     (TSJ):    0.050ns
    Total Input Jitter      (TIJ):    0.000ns
    Discrete Jitter          (DJ):    0.000ns
    Phase Error              (PE):    0.000ns

    Location             Delay type                Incr(ns)  Path(ns)    Netlist Resource(s)
  -------------------------------------------------------------------    -------------------
                         (clock sys_clk_pin rise edge)
                                                      0.000     0.000 r  
    L16                                               0.000     0.000 r  clk (IN)
                         net (fo=0)                   0.000     0.000    clk
    L16                  IBUF (Prop_ibuf_I_O)         1.491     1.491 r  clk_IBUF_inst/O
                         net (fo=1, routed)           2.076     3.567    clk_IBUF
    BUFGCTRL_X0Y16       BUFG (Prop_bufg_I_O)         0.101     3.668 r  clk_IBUF_BUFG_inst/O
                         net (fo=154, routed)         1.746     5.414    portIOInst/CLK
    SLICE_X40Y31         FDRE                                         r  portIOInst/portWr_reg[10]/C
  -------------------------------------------------------------------    -------------------
    SLICE_X40Y31         FDRE (Prop_fdre_C_Q)         0.456     5.870 r  portIOInst/portWr_reg[10]/Q
                         net (fo=1, routed)           1.917     7.788    portWr_OBUF[10]
    P14                  OBUF (Prop_obuf_I_O)         3.572    11.360 r  portWr_OBUF[10]_inst/O
                         net (fo=0)                   0.000    11.360    portWr[10]
    P14                                                               r  portWr[10] (OUT)
  -------------------------------------------------------------------    -------------------

Slack:                    inf
  Source:                 portIOInst/portWr_reg[8]/C
                            (rising edge-triggered cell FDRE clocked by sys_clk_pin  {rise@0.000ns fall@5.500ns period=11.000ns})
  Destination:            portWr[8]
                            (output port)
  Path Group:             (none)
  Path Type:              Max at Slow Process Corner
  Data Path Delay:        5.936ns  (logic 4.019ns (67.713%)  route 1.916ns (32.287%))
  Logic Levels:           1  (OBUF=1)
  Clock Uncertainty:      0.025ns  ((TSJ^2 + TIJ^2)^1/2 + DJ) / 2 + PE
    Total System Jitter     (TSJ):    0.050ns
    Total Input Jitter      (TIJ):    0.000ns
    Discrete Jitter          (DJ):    0.000ns
    Phase Error              (PE):    0.000ns

    Location             Delay type                Incr(ns)  Path(ns)    Netlist Resource(s)
  -------------------------------------------------------------------    -------------------
                         (clock sys_clk_pin rise edge)
                                                      0.000     0.000 r  
    L16                                               0.000     0.000 r  clk (IN)
                         net (fo=0)                   0.000     0.000    clk
    L16                  IBUF (Prop_ibuf_I_O)         1.491     1.491 r  clk_IBUF_inst/O
                         net (fo=1, routed)           2.076     3.567    clk_IBUF
    BUFGCTRL_X0Y16       BUFG (Prop_bufg_I_O)         0.101     3.668 r  clk_IBUF_BUFG_inst/O
                         net (fo=154, routed)         1.746     5.414    portIOInst/CLK
    SLICE_X40Y31         FDRE                                         r  portIOInst/portWr_reg[8]/C
  -------------------------------------------------------------------    -------------------
    SLICE_X40Y31         FDRE (Prop_fdre_C_Q)         0.456     5.870 r  portIOInst/portWr_reg[8]/Q
                         net (fo=1, routed)           1.916     7.787    portWr_OBUF[8]
    T14                  OBUF (Prop_obuf_I_O)         3.563    11.350 r  portWr_OBUF[8]_inst/O
                         net (fo=0)                   0.000    11.350    portWr[8]
    T14                                                               r  portWr[8] (OUT)
  -------------------------------------------------------------------    -------------------





Min Delay Paths
--------------------------------------------------------------------------------------
Slack:                    inf
  Source:                 portIOInst/portWr_reg[0]/C
                            (rising edge-triggered cell FDRE clocked by sys_clk_pin  {rise@0.000ns fall@5.500ns period=11.000ns})
  Destination:            portWr[0]
                            (output port)
  Path Group:             (none)
  Path Type:              Min at Fast Process Corner
  Data Path Delay:        1.731ns  (logic 1.379ns (79.657%)  route 0.352ns (20.343%))
  Logic Levels:           1  (OBUF=1)
  Clock Uncertainty:      0.025ns  ((TSJ^2 + TIJ^2)^1/2 + DJ) / 2 + PE
    Total System Jitter     (TSJ):    0.050ns
    Total Input Jitter      (TIJ):    0.000ns
    Discrete Jitter          (DJ):    0.000ns
    Phase Error              (PE):    0.000ns

    Location             Delay type                Incr(ns)  Path(ns)    Netlist Resource(s)
  -------------------------------------------------------------------    -------------------
                         (clock sys_clk_pin rise edge)
                                                      0.000     0.000 r  
    L16                                               0.000     0.000 r  clk (IN)
                         net (fo=0)                   0.000     0.000    clk
    L16                  IBUF (Prop_ibuf_I_O)         0.259     0.259 r  clk_IBUF_inst/O
                         net (fo=1, routed)           0.627     0.886    clk_IBUF
    BUFGCTRL_X0Y16       BUFG (Prop_bufg_I_O)         0.026     0.912 r  clk_IBUF_BUFG_inst/O
                         net (fo=154, routed)         0.581     1.493    portIOInst/CLK
    SLICE_X40Y24         FDRE                                         r  portIOInst/portWr_reg[0]/C
  -------------------------------------------------------------------    -------------------
    SLICE_X40Y24         FDRE (Prop_fdre_C_Q)         0.141     1.634 r  portIOInst/portWr_reg[0]/Q
                         net (fo=1, routed)           0.352     1.986    portWr_OBUF[0]
    T20                  OBUF (Prop_obuf_I_O)         1.238     3.224 r  portWr_OBUF[0]_inst/O
                         net (fo=0)                   0.000     3.224    portWr[0]
    T20                                                               r  portWr[0] (OUT)
  -------------------------------------------------------------------    -------------------

Slack:                    inf
  Source:                 portIOInst/portWr_reg[2]/C
                            (rising edge-triggered cell FDRE clocked by sys_clk_pin  {rise@0.000ns fall@5.500ns period=11.000ns})
  Destination:            portWr[2]
                            (output port)
  Path Group:             (none)
  Path Type:              Min at Fast Process Corner
  Data Path Delay:        1.784ns  (logic 1.386ns (77.725%)  route 0.397ns (22.275%))
  Logic Levels:           1  (OBUF=1)
  Clock Uncertainty:      0.025ns  ((TSJ^2 + TIJ^2)^1/2 + DJ) / 2 + PE
    Total System Jitter     (TSJ):    0.050ns
    Total Input Jitter      (TIJ):    0.000ns
    Discrete Jitter          (DJ):    0.000ns
    Phase Error              (PE):    0.000ns

    Location             Delay type                Incr(ns)  Path(ns)    Netlist Resource(s)
  -------------------------------------------------------------------    -------------------
                         (clock sys_clk_pin rise edge)
                                                      0.000     0.000 r  
    L16                                               0.000     0.000 r  clk (IN)
                         net (fo=0)                   0.000     0.000    clk
    L16                  IBUF (Prop_ibuf_I_O)         0.259     0.259 r  clk_IBUF_inst/O
                         net (fo=1, routed)           0.627     0.886    clk_IBUF
    BUFGCTRL_X0Y16       BUFG (Prop_bufg_I_O)         0.026     0.912 r  clk_IBUF_BUFG_inst/O
                         net (fo=154, routed)         0.582     1.494    portIOInst/CLK
    SLICE_X41Y23         FDRE                                         r  portIOInst/portWr_reg[2]/C
  -------------------------------------------------------------------    -------------------
    SLICE_X41Y23         FDRE (Prop_fdre_C_Q)         0.141     1.635 r  portIOInst/portWr_reg[2]/Q
                         net (fo=1, routed)           0.397     2.032    portWr_OBUF[2]
    V20                  OBUF (Prop_obuf_I_O)         1.245     3.277 r  portWr_OBUF[2]_inst/O
                         net (fo=0)                   0.000     3.277    portWr[2]
    V20                                                               r  portWr[2] (OUT)
  -------------------------------------------------------------------    -------------------

Slack:                    inf
  Source:                 portIOInst/portWr_reg[1]/C
                            (rising edge-triggered cell FDRE clocked by sys_clk_pin  {rise@0.000ns fall@5.500ns period=11.000ns})
  Destination:            portWr[1]
                            (output port)
  Path Group:             (none)
  Path Type:              Min at Fast Process Corner
  Data Path Delay:        1.786ns  (logic 1.375ns (76.991%)  route 0.411ns (23.009%))
  Logic Levels:           1  (OBUF=1)
  Clock Uncertainty:      0.025ns  ((TSJ^2 + TIJ^2)^1/2 + DJ) / 2 + PE
    Total System Jitter     (TSJ):    0.050ns
    Total Input Jitter      (TIJ):    0.000ns
    Discrete Jitter          (DJ):    0.000ns
    Phase Error              (PE):    0.000ns

    Location             Delay type                Incr(ns)  Path(ns)    Netlist Resource(s)
  -------------------------------------------------------------------    -------------------
                         (clock sys_clk_pin rise edge)
                                                      0.000     0.000 r  
    L16                                               0.000     0.000 r  clk (IN)
                         net (fo=0)                   0.000     0.000    clk
    L16                  IBUF (Prop_ibuf_I_O)         0.259     0.259 r  clk_IBUF_inst/O
                         net (fo=1, routed)           0.627     0.886    clk_IBUF
    BUFGCTRL_X0Y16       BUFG (Prop_bufg_I_O)         0.026     0.912 r  clk_IBUF_BUFG_inst/O
                         net (fo=154, routed)         0.581     1.493    portIOInst/CLK
    SLICE_X40Y24         FDRE                                         r  portIOInst/portWr_reg[1]/C
  -------------------------------------------------------------------    -------------------
    SLICE_X40Y24         FDRE (Prop_fdre_C_Q)         0.141     1.634 r  portIOInst/portWr_reg[1]/Q
                         net (fo=1, routed)           0.411     2.045    portWr_OBUF[1]
    U20                  OBUF (Prop_obuf_I_O)         1.234     3.279 r  portWr_OBUF[1]_inst/O
                         net (fo=0)                   0.000     3.279    portWr[1]
    U20                                                               r  portWr[1] (OUT)
  -------------------------------------------------------------------    -------------------

Slack:                    inf
  Source:                 portIOInst/portWr_reg[13]/C
                            (rising edge-triggered cell FDRE clocked by sys_clk_pin  {rise@0.000ns fall@5.500ns period=11.000ns})
  Destination:            portWr[13]
                            (output port)
  Path Group:             (none)
  Path Type:              Min at Fast Process Corner
  Data Path Delay:        1.803ns  (logic 1.453ns (80.579%)  route 0.350ns (19.421%))
  Logic Levels:           1  (OBUF=1)
  Clock Uncertainty:      0.025ns  ((TSJ^2 + TIJ^2)^1/2 + DJ) / 2 + PE
    Total System Jitter     (TSJ):    0.050ns
    Total Input Jitter      (TIJ):    0.000ns
    Discrete Jitter          (DJ):    0.000ns
    Phase Error              (PE):    0.000ns

    Location             Delay type                Incr(ns)  Path(ns)    Netlist Resource(s)
  -------------------------------------------------------------------    -------------------
                         (clock sys_clk_pin rise edge)
                                                      0.000     0.000 r  
    L16                                               0.000     0.000 r  clk (IN)
                         net (fo=0)                   0.000     0.000    clk
    L16                  IBUF (Prop_ibuf_I_O)         0.259     0.259 r  clk_IBUF_inst/O
                         net (fo=1, routed)           0.627     0.886    clk_IBUF
    BUFGCTRL_X0Y16       BUFG (Prop_bufg_I_O)         0.026     0.912 r  clk_IBUF_BUFG_inst/O
                         net (fo=154, routed)         0.584     1.496    portIOInst/CLK
    SLICE_X40Y27         FDRE                                         r  portIOInst/portWr_reg[13]/C
  -------------------------------------------------------------------    -------------------
    SLICE_X40Y27         FDRE (Prop_fdre_C_Q)         0.141     1.637 r  portIOInst/portWr_reg[13]/Q
                         net (fo=1, routed)           0.350     1.987    portWr_OBUF[13]
    U15                  OBUF (Prop_obuf_I_O)         1.312     3.299 r  portWr_OBUF[13]_inst/O
                         net (fo=0)                   0.000     3.299    portWr[13]
    U15                                                               r  portWr[13] (OUT)
  -------------------------------------------------------------------    -------------------

Slack:                    inf
  Source:                 portIOInst/portWr_reg[4]/C
                            (rising edge-triggered cell FDRE clocked by sys_clk_pin  {rise@0.000ns fall@5.500ns period=11.000ns})
  Destination:            portWr[4]
                            (output port)
  Path Group:             (none)
  Path Type:              Min at Fast Process Corner
  Data Path Delay:        1.828ns  (logic 1.395ns (76.301%)  route 0.433ns (23.699%))
  Logic Levels:           1  (OBUF=1)
  Clock Uncertainty:      0.025ns  ((TSJ^2 + TIJ^2)^1/2 + DJ) / 2 + PE
    Total System Jitter     (TSJ):    0.050ns
    Total Input Jitter      (TIJ):    0.000ns
    Discrete Jitter          (DJ):    0.000ns
    Phase Error              (PE):    0.000ns

    Location             Delay type                Incr(ns)  Path(ns)    Netlist Resource(s)
  -------------------------------------------------------------------    -------------------
                         (clock sys_clk_pin rise edge)
                                                      0.000     0.000 r  
    L16                                               0.000     0.000 r  clk (IN)
                         net (fo=0)                   0.000     0.000    clk
    L16                  IBUF (Prop_ibuf_I_O)         0.259     0.259 r  clk_IBUF_inst/O
                         net (fo=1, routed)           0.627     0.886    clk_IBUF
    BUFGCTRL_X0Y16       BUFG (Prop_bufg_I_O)         0.026     0.912 r  clk_IBUF_BUFG_inst/O
                         net (fo=154, routed)         0.582     1.494    portIOInst/CLK
    SLICE_X40Y23         FDRE                                         r  portIOInst/portWr_reg[4]/C
  -------------------------------------------------------------------    -------------------
    SLICE_X40Y23         FDRE (Prop_fdre_C_Q)         0.141     1.635 r  portIOInst/portWr_reg[4]/Q
                         net (fo=1, routed)           0.433     2.068    portWr_OBUF[4]
    Y18                  OBUF (Prop_obuf_I_O)         1.254     3.322 r  portWr_OBUF[4]_inst/O
                         net (fo=0)                   0.000     3.322    portWr[4]
    Y18                                                               r  portWr[4] (OUT)
  -------------------------------------------------------------------    -------------------

Slack:                    inf
  Source:                 portIOInst/portWr_reg[11]/C
                            (rising edge-triggered cell FDRE clocked by sys_clk_pin  {rise@0.000ns fall@5.500ns period=11.000ns})
  Destination:            portWr[11]
                            (output port)
  Path Group:             (none)
  Path Type:              Min at Fast Process Corner
  Data Path Delay:        1.833ns  (logic 1.409ns (76.865%)  route 0.424ns (23.135%))
  Logic Levels:           1  (OBUF=1)
  Clock Uncertainty:      0.025ns  ((TSJ^2 + TIJ^2)^1/2 + DJ) / 2 + PE
    Total System Jitter     (TSJ):    0.050ns
    Total Input Jitter      (TIJ):    0.000ns
    Discrete Jitter          (DJ):    0.000ns
    Phase Error              (PE):    0.000ns

    Location             Delay type                Incr(ns)  Path(ns)    Netlist Resource(s)
  -------------------------------------------------------------------    -------------------
                         (clock sys_clk_pin rise edge)
                                                      0.000     0.000 r  
    L16                                               0.000     0.000 r  clk (IN)
                         net (fo=0)                   0.000     0.000    clk
    L16                  IBUF (Prop_ibuf_I_O)         0.259     0.259 r  clk_IBUF_inst/O
                         net (fo=1, routed)           0.627     0.886    clk_IBUF
    BUFGCTRL_X0Y16       BUFG (Prop_bufg_I_O)         0.026     0.912 r  clk_IBUF_BUFG_inst/O
                         net (fo=154, routed)         0.587     1.499    portIOInst/CLK
    SLICE_X40Y31         FDRE                                         r  portIOInst/portWr_reg[11]/C
  -------------------------------------------------------------------    -------------------
    SLICE_X40Y31         FDRE (Prop_fdre_C_Q)         0.141     1.640 r  portIOInst/portWr_reg[11]/Q
                         net (fo=1, routed)           0.424     2.064    portWr_OBUF[11]
    R14                  OBUF (Prop_obuf_I_O)         1.268     3.331 r  portWr_OBUF[11]_inst/O
                         net (fo=0)                   0.000     3.331    portWr[11]
    R14                                                               r  portWr[11] (OUT)
  -------------------------------------------------------------------    -------------------

Slack:                    inf
  Source:                 portIOInst/portWr_reg[12]/C
                            (rising edge-triggered cell FDRE clocked by sys_clk_pin  {rise@0.000ns fall@5.500ns period=11.000ns})
  Destination:            portWr[12]
                            (output port)
  Path Group:             (none)
  Path Type:              Min at Fast Process Corner
  Data Path Delay:        1.838ns  (logic 1.457ns (79.247%)  route 0.382ns (20.753%))
  Logic Levels:           1  (OBUF=1)
  Clock Uncertainty:      0.025ns  ((TSJ^2 + TIJ^2)^1/2 + DJ) / 2 + PE
    Total System Jitter     (TSJ):    0.050ns
    Total Input Jitter      (TIJ):    0.000ns
    Discrete Jitter          (DJ):    0.000ns
    Phase Error              (PE):    0.000ns

    Location             Delay type                Incr(ns)  Path(ns)    Netlist Resource(s)
  -------------------------------------------------------------------    -------------------
                         (clock sys_clk_pin rise edge)
                                                      0.000     0.000 r  
    L16                                               0.000     0.000 r  clk (IN)
                         net (fo=0)                   0.000     0.000    clk
    L16                  IBUF (Prop_ibuf_I_O)         0.259     0.259 r  clk_IBUF_inst/O
                         net (fo=1, routed)           0.627     0.886    clk_IBUF
    BUFGCTRL_X0Y16       BUFG (Prop_bufg_I_O)         0.026     0.912 r  clk_IBUF_BUFG_inst/O
                         net (fo=154, routed)         0.582     1.494    portIOInst/CLK
    SLICE_X37Y27         FDRE                                         r  portIOInst/portWr_reg[12]/C
  -------------------------------------------------------------------    -------------------
    SLICE_X37Y27         FDRE (Prop_fdre_C_Q)         0.141     1.635 r  portIOInst/portWr_reg[12]/Q
                         net (fo=1, routed)           0.382     2.016    portWr_OBUF[12]
    U14                  OBUF (Prop_obuf_I_O)         1.316     3.332 r  portWr_OBUF[12]_inst/O
                         net (fo=0)                   0.000     3.332    portWr[12]
    U14                                                               r  portWr[12] (OUT)
  -------------------------------------------------------------------    -------------------

Slack:                    inf
  Source:                 portIOInst/portWr_reg[8]/C
                            (rising edge-triggered cell FDRE clocked by sys_clk_pin  {rise@0.000ns fall@5.500ns period=11.000ns})
  Destination:            portWr[8]
                            (output port)
  Path Group:             (none)
  Path Type:              Min at Fast Process Corner
  Data Path Delay:        1.853ns  (logic 1.405ns (75.801%)  route 0.448ns (24.199%))
  Logic Levels:           1  (OBUF=1)
  Clock Uncertainty:      0.025ns  ((TSJ^2 + TIJ^2)^1/2 + DJ) / 2 + PE
    Total System Jitter     (TSJ):    0.050ns
    Total Input Jitter      (TIJ):    0.000ns
    Discrete Jitter          (DJ):    0.000ns
    Phase Error              (PE):    0.000ns

    Location             Delay type                Incr(ns)  Path(ns)    Netlist Resource(s)
  -------------------------------------------------------------------    -------------------
                         (clock sys_clk_pin rise edge)
                                                      0.000     0.000 r  
    L16                                               0.000     0.000 r  clk (IN)
                         net (fo=0)                   0.000     0.000    clk
    L16                  IBUF (Prop_ibuf_I_O)         0.259     0.259 r  clk_IBUF_inst/O
                         net (fo=1, routed)           0.627     0.886    clk_IBUF
    BUFGCTRL_X0Y16       BUFG (Prop_bufg_I_O)         0.026     0.912 r  clk_IBUF_BUFG_inst/O
                         net (fo=154, routed)         0.587     1.499    portIOInst/CLK
    SLICE_X40Y31         FDRE                                         r  portIOInst/portWr_reg[8]/C
  -------------------------------------------------------------------    -------------------
    SLICE_X40Y31         FDRE (Prop_fdre_C_Q)         0.141     1.640 r  portIOInst/portWr_reg[8]/Q
                         net (fo=1, routed)           0.448     2.088    portWr_OBUF[8]
    T14                  OBUF (Prop_obuf_I_O)         1.264     3.352 r  portWr_OBUF[8]_inst/O
                         net (fo=0)                   0.000     3.352    portWr[8]
    T14                                                               r  portWr[8] (OUT)
  -------------------------------------------------------------------    -------------------

Slack:                    inf
  Source:                 portIOInst/portWr_reg[3]/C
                            (rising edge-triggered cell FDRE clocked by sys_clk_pin  {rise@0.000ns fall@5.500ns period=11.000ns})
  Destination:            portWr[3]
                            (output port)
  Path Group:             (none)
  Path Type:              Min at Fast Process Corner
  Data Path Delay:        1.863ns  (logic 1.429ns (76.709%)  route 0.434ns (23.291%))
  Logic Levels:           1  (OBUF=1)
  Clock Uncertainty:      0.025ns  ((TSJ^2 + TIJ^2)^1/2 + DJ) / 2 + PE
    Total System Jitter     (TSJ):    0.050ns
    Total Input Jitter      (TIJ):    0.000ns
    Discrete Jitter          (DJ):    0.000ns
    Phase Error              (PE):    0.000ns

    Location             Delay type                Incr(ns)  Path(ns)    Netlist Resource(s)
  -------------------------------------------------------------------    -------------------
                         (clock sys_clk_pin rise edge)
                                                      0.000     0.000 r  
    L16                                               0.000     0.000 r  clk (IN)
                         net (fo=0)                   0.000     0.000    clk
    L16                  IBUF (Prop_ibuf_I_O)         0.259     0.259 r  clk_IBUF_inst/O
                         net (fo=1, routed)           0.627     0.886    clk_IBUF
    BUFGCTRL_X0Y16       BUFG (Prop_bufg_I_O)         0.026     0.912 r  clk_IBUF_BUFG_inst/O
                         net (fo=154, routed)         0.581     1.493    portIOInst/CLK
    SLICE_X40Y24         FDRE                                         r  portIOInst/portWr_reg[3]/C
  -------------------------------------------------------------------    -------------------
    SLICE_X40Y24         FDRE (Prop_fdre_C_Q)         0.128     1.621 r  portIOInst/portWr_reg[3]/Q
                         net (fo=1, routed)           0.434     2.055    portWr_OBUF[3]
    W20                  OBUF (Prop_obuf_I_O)         1.301     3.356 r  portWr_OBUF[3]_inst/O
                         net (fo=0)                   0.000     3.356    portWr[3]
    W20                                                               r  portWr[3] (OUT)
  -------------------------------------------------------------------    -------------------

Slack:                    inf
  Source:                 portIOInst/portWr_reg[10]/C
                            (rising edge-triggered cell FDRE clocked by sys_clk_pin  {rise@0.000ns fall@5.500ns period=11.000ns})
  Destination:            portWr[10]
                            (output port)
  Path Group:             (none)
  Path Type:              Min at Fast Process Corner
  Data Path Delay:        1.861ns  (logic 1.414ns (75.968%)  route 0.447ns (24.032%))
  Logic Levels:           1  (OBUF=1)
  Clock Uncertainty:      0.025ns  ((TSJ^2 + TIJ^2)^1/2 + DJ) / 2 + PE
    Total System Jitter     (TSJ):    0.050ns
    Total Input Jitter      (TIJ):    0.000ns
    Discrete Jitter          (DJ):    0.000ns
    Phase Error              (PE):    0.000ns

    Location             Delay type                Incr(ns)  Path(ns)    Netlist Resource(s)
  -------------------------------------------------------------------    -------------------
                         (clock sys_clk_pin rise edge)
                                                      0.000     0.000 r  
    L16                                               0.000     0.000 r  clk (IN)
                         net (fo=0)                   0.000     0.000    clk
    L16                  IBUF (Prop_ibuf_I_O)         0.259     0.259 r  clk_IBUF_inst/O
                         net (fo=1, routed)           0.627     0.886    clk_IBUF
    BUFGCTRL_X0Y16       BUFG (Prop_bufg_I_O)         0.026     0.912 r  clk_IBUF_BUFG_inst/O
                         net (fo=154, routed)         0.587     1.499    portIOInst/CLK
    SLICE_X40Y31         FDRE                                         r  portIOInst/portWr_reg[10]/C
  -------------------------------------------------------------------    -------------------
    SLICE_X40Y31         FDRE (Prop_fdre_C_Q)         0.141     1.640 r  portIOInst/portWr_reg[10]/Q
                         net (fo=1, routed)           0.447     2.087    portWr_OBUF[10]
    P14                  OBUF (Prop_obuf_I_O)         1.273     3.360 r  portWr_OBUF[10]_inst/O
                         net (fo=0)                   0.000     3.360    portWr[10]
    P14                                                               r  portWr[10] (OUT)
  -------------------------------------------------------------------    -------------------





--------------------------------------------------------------------------------------
Path Group:  (none)
From Clock:  
  To Clock:  sys_clk_pin

Max Delay           167 Endpoints
Min Delay           167 Endpoints
--------------------------------------------------------------------------------------


Max Delay Paths
--------------------------------------------------------------------------------------
Slack:                    inf
  Source:                 rst
                            (input port)
  Destination:            uartInst/Uart_Rx/RxBitsCounter/cnt_S_U_reg[0]/R
                            (rising edge-triggered cell FDRE clocked by sys_clk_pin  {rise@0.000ns fall@5.500ns period=11.000ns})
  Path Group:             (none)
  Path Type:              Setup (Max at Slow Process Corner)
  Data Path Delay:        7.968ns  (logic 1.576ns (19.784%)  route 6.391ns (80.216%))
  Logic Levels:           2  (IBUF=1 LUT6=1)
  Clock Path Skew:        4.957ns (DCD - SCD + CPR)
    Destination Clock Delay (DCD):    4.957ns
    Source Clock Delay      (SCD):    0.000ns
    Clock Pessimism Removal (CPR):    0.000ns
  Clock Uncertainty:      0.025ns  ((TSJ^2 + TIJ^2)^1/2 + DJ) / 2 + PE
    Total System Jitter     (TSJ):    0.050ns
    Total Input Jitter      (TIJ):    0.000ns
    Discrete Jitter          (DJ):    0.000ns
    Phase Error              (PE):    0.000ns

    Location             Delay type                Incr(ns)  Path(ns)    Netlist Resource(s)
  -------------------------------------------------------------------    -------------------
    G15                                               0.000     0.000 r  rst (IN)
                         net (fo=0)                   0.000     0.000    rst
    G15                  IBUF (Prop_ibuf_I_O)         1.452     1.452 r  rst_IBUF_inst/O
                         net (fo=131, routed)         5.590     7.042    uartInst/Uart_Rx/RxBitsCounter/rst_IBUF
    SLICE_X42Y22         LUT6 (Prop_lut6_I0_O)        0.124     7.166 r  uartInst/Uart_Rx/RxBitsCounter/cnt_S_U[3]_i_1__2/O
                         net (fo=4, routed)           0.802     7.968    uartInst/Uart_Rx/RxBitsCounter/cnt_S_U[3]_i_1__2_n_0
    SLICE_X42Y22         FDRE                                         r  uartInst/Uart_Rx/RxBitsCounter/cnt_S_U_reg[0]/R
  -------------------------------------------------------------------    -------------------

                         (clock sys_clk_pin rise edge)
                                                      0.000     0.000 r  
    L16                                               0.000     0.000 r  clk (IN)
                         net (fo=0)                   0.000     0.000    clk
    L16                  IBUF (Prop_ibuf_I_O)         1.421     1.421 r  clk_IBUF_inst/O
                         net (fo=1, routed)           1.880     3.301    clk_IBUF
    BUFGCTRL_X0Y16       BUFG (Prop_bufg_I_O)         0.091     3.392 r  clk_IBUF_BUFG_inst/O
                         net (fo=154, routed)         1.565     4.957    uartInst/Uart_Rx/RxBitsCounter/CLK
    SLICE_X42Y22         FDRE                                         r  uartInst/Uart_Rx/RxBitsCounter/cnt_S_U_reg[0]/C

Slack:                    inf
  Source:                 rst
                            (input port)
  Destination:            uartInst/Uart_Rx/RxBitsCounter/cnt_S_U_reg[1]/R
                            (rising edge-triggered cell FDRE clocked by sys_clk_pin  {rise@0.000ns fall@5.500ns period=11.000ns})
  Path Group:             (none)
  Path Type:              Setup (Max at Slow Process Corner)
  Data Path Delay:        7.968ns  (logic 1.576ns (19.784%)  route 6.391ns (80.216%))
  Logic Levels:           2  (IBUF=1 LUT6=1)
  Clock Path Skew:        4.957ns (DCD - SCD + CPR)
    Destination Clock Delay (DCD):    4.957ns
    Source Clock Delay      (SCD):    0.000ns
    Clock Pessimism Removal (CPR):    0.000ns
  Clock Uncertainty:      0.025ns  ((TSJ^2 + TIJ^2)^1/2 + DJ) / 2 + PE
    Total System Jitter     (TSJ):    0.050ns
    Total Input Jitter      (TIJ):    0.000ns
    Discrete Jitter          (DJ):    0.000ns
    Phase Error              (PE):    0.000ns

    Location             Delay type                Incr(ns)  Path(ns)    Netlist Resource(s)
  -------------------------------------------------------------------    -------------------
    G15                                               0.000     0.000 r  rst (IN)
                         net (fo=0)                   0.000     0.000    rst
    G15                  IBUF (Prop_ibuf_I_O)         1.452     1.452 r  rst_IBUF_inst/O
                         net (fo=131, routed)         5.590     7.042    uartInst/Uart_Rx/RxBitsCounter/rst_IBUF
    SLICE_X42Y22         LUT6 (Prop_lut6_I0_O)        0.124     7.166 r  uartInst/Uart_Rx/RxBitsCounter/cnt_S_U[3]_i_1__2/O
                         net (fo=4, routed)           0.802     7.968    uartInst/Uart_Rx/RxBitsCounter/cnt_S_U[3]_i_1__2_n_0
    SLICE_X42Y22         FDRE                                         r  uartInst/Uart_Rx/RxBitsCounter/cnt_S_U_reg[1]/R
  -------------------------------------------------------------------    -------------------

                         (clock sys_clk_pin rise edge)
                                                      0.000     0.000 r  
    L16                                               0.000     0.000 r  clk (IN)
                         net (fo=0)                   0.000     0.000    clk
    L16                  IBUF (Prop_ibuf_I_O)         1.421     1.421 r  clk_IBUF_inst/O
                         net (fo=1, routed)           1.880     3.301    clk_IBUF
    BUFGCTRL_X0Y16       BUFG (Prop_bufg_I_O)         0.091     3.392 r  clk_IBUF_BUFG_inst/O
                         net (fo=154, routed)         1.565     4.957    uartInst/Uart_Rx/RxBitsCounter/CLK
    SLICE_X42Y22         FDRE                                         r  uartInst/Uart_Rx/RxBitsCounter/cnt_S_U_reg[1]/C

Slack:                    inf
  Source:                 rst
                            (input port)
  Destination:            uartInst/Uart_Rx/RxBitsCounter/cnt_S_U_reg[2]/R
                            (rising edge-triggered cell FDRE clocked by sys_clk_pin  {rise@0.000ns fall@5.500ns period=11.000ns})
  Path Group:             (none)
  Path Type:              Setup (Max at Slow Process Corner)
  Data Path Delay:        7.968ns  (logic 1.576ns (19.784%)  route 6.391ns (80.216%))
  Logic Levels:           2  (IBUF=1 LUT6=1)
  Clock Path Skew:        4.957ns (DCD - SCD + CPR)
    Destination Clock Delay (DCD):    4.957ns
    Source Clock Delay      (SCD):    0.000ns
    Clock Pessimism Removal (CPR):    0.000ns
  Clock Uncertainty:      0.025ns  ((TSJ^2 + TIJ^2)^1/2 + DJ) / 2 + PE
    Total System Jitter     (TSJ):    0.050ns
    Total Input Jitter      (TIJ):    0.000ns
    Discrete Jitter          (DJ):    0.000ns
    Phase Error              (PE):    0.000ns

    Location             Delay type                Incr(ns)  Path(ns)    Netlist Resource(s)
  -------------------------------------------------------------------    -------------------
    G15                                               0.000     0.000 r  rst (IN)
                         net (fo=0)                   0.000     0.000    rst
    G15                  IBUF (Prop_ibuf_I_O)         1.452     1.452 r  rst_IBUF_inst/O
                         net (fo=131, routed)         5.590     7.042    uartInst/Uart_Rx/RxBitsCounter/rst_IBUF
    SLICE_X42Y22         LUT6 (Prop_lut6_I0_O)        0.124     7.166 r  uartInst/Uart_Rx/RxBitsCounter/cnt_S_U[3]_i_1__2/O
                         net (fo=4, routed)           0.802     7.968    uartInst/Uart_Rx/RxBitsCounter/cnt_S_U[3]_i_1__2_n_0
    SLICE_X42Y22         FDRE                                         r  uartInst/Uart_Rx/RxBitsCounter/cnt_S_U_reg[2]/R
  -------------------------------------------------------------------    -------------------

                         (clock sys_clk_pin rise edge)
                                                      0.000     0.000 r  
    L16                                               0.000     0.000 r  clk (IN)
                         net (fo=0)                   0.000     0.000    clk
    L16                  IBUF (Prop_ibuf_I_O)         1.421     1.421 r  clk_IBUF_inst/O
                         net (fo=1, routed)           1.880     3.301    clk_IBUF
    BUFGCTRL_X0Y16       BUFG (Prop_bufg_I_O)         0.091     3.392 r  clk_IBUF_BUFG_inst/O
                         net (fo=154, routed)         1.565     4.957    uartInst/Uart_Rx/RxBitsCounter/CLK
    SLICE_X42Y22         FDRE                                         r  uartInst/Uart_Rx/RxBitsCounter/cnt_S_U_reg[2]/C

Slack:                    inf
  Source:                 rst
                            (input port)
  Destination:            uartInst/Uart_Rx/RxBitsCounter/cnt_S_U_reg[3]/R
                            (rising edge-triggered cell FDRE clocked by sys_clk_pin  {rise@0.000ns fall@5.500ns period=11.000ns})
  Path Group:             (none)
  Path Type:              Setup (Max at Slow Process Corner)
  Data Path Delay:        7.968ns  (logic 1.576ns (19.784%)  route 6.391ns (80.216%))
  Logic Levels:           2  (IBUF=1 LUT6=1)
  Clock Path Skew:        4.957ns (DCD - SCD + CPR)
    Destination Clock Delay (DCD):    4.957ns
    Source Clock Delay      (SCD):    0.000ns
    Clock Pessimism Removal (CPR):    0.000ns
  Clock Uncertainty:      0.025ns  ((TSJ^2 + TIJ^2)^1/2 + DJ) / 2 + PE
    Total System Jitter     (TSJ):    0.050ns
    Total Input Jitter      (TIJ):    0.000ns
    Discrete Jitter          (DJ):    0.000ns
    Phase Error              (PE):    0.000ns

    Location             Delay type                Incr(ns)  Path(ns)    Netlist Resource(s)
  -------------------------------------------------------------------    -------------------
    G15                                               0.000     0.000 r  rst (IN)
                         net (fo=0)                   0.000     0.000    rst
    G15                  IBUF (Prop_ibuf_I_O)         1.452     1.452 r  rst_IBUF_inst/O
                         net (fo=131, routed)         5.590     7.042    uartInst/Uart_Rx/RxBitsCounter/rst_IBUF
    SLICE_X42Y22         LUT6 (Prop_lut6_I0_O)        0.124     7.166 r  uartInst/Uart_Rx/RxBitsCounter/cnt_S_U[3]_i_1__2/O
                         net (fo=4, routed)           0.802     7.968    uartInst/Uart_Rx/RxBitsCounter/cnt_S_U[3]_i_1__2_n_0
    SLICE_X42Y22         FDRE                                         r  uartInst/Uart_Rx/RxBitsCounter/cnt_S_U_reg[3]/R
  -------------------------------------------------------------------    -------------------

                         (clock sys_clk_pin rise edge)
                                                      0.000     0.000 r  
    L16                                               0.000     0.000 r  clk (IN)
                         net (fo=0)                   0.000     0.000    clk
    L16                  IBUF (Prop_ibuf_I_O)         1.421     1.421 r  clk_IBUF_inst/O
                         net (fo=1, routed)           1.880     3.301    clk_IBUF
    BUFGCTRL_X0Y16       BUFG (Prop_bufg_I_O)         0.091     3.392 r  clk_IBUF_BUFG_inst/O
                         net (fo=154, routed)         1.565     4.957    uartInst/Uart_Rx/RxBitsCounter/CLK
    SLICE_X42Y22         FDRE                                         r  uartInst/Uart_Rx/RxBitsCounter/cnt_S_U_reg[3]/C

Slack:                    inf
  Source:                 rst
                            (input port)
  Destination:            uartInst/Uart_Rx/SamplingCounter_RxData/cnt_S_U_reg[0]/R
                            (rising edge-triggered cell FDRE clocked by sys_clk_pin  {rise@0.000ns fall@5.500ns period=11.000ns})
  Path Group:             (none)
  Path Type:              Setup (Max at Slow Process Corner)
  Data Path Delay:        7.234ns  (logic 1.576ns (21.791%)  route 5.658ns (78.209%))
  Logic Levels:           2  (IBUF=1 LUT2=1)
  Clock Path Skew:        4.961ns (DCD - SCD + CPR)
    Destination Clock Delay (DCD):    4.961ns
    Source Clock Delay      (SCD):    0.000ns
    Clock Pessimism Removal (CPR):    0.000ns
  Clock Uncertainty:      0.025ns  ((TSJ^2 + TIJ^2)^1/2 + DJ) / 2 + PE
    Total System Jitter     (TSJ):    0.050ns
    Total Input Jitter      (TIJ):    0.000ns
    Discrete Jitter          (DJ):    0.000ns
    Phase Error              (PE):    0.000ns

    Location             Delay type                Incr(ns)  Path(ns)    Netlist Resource(s)
  -------------------------------------------------------------------    -------------------
    G15                                               0.000     0.000 r  rst (IN)
                         net (fo=0)                   0.000     0.000    rst
    G15                  IBUF (Prop_ibuf_I_O)         1.452     1.452 r  rst_IBUF_inst/O
                         net (fo=131, routed)         5.072     6.524    uartInst/Uart_Rx/SamplingCounter_RxData/rst_IBUF
    SLICE_X42Y19         LUT2 (Prop_lut2_I0_O)        0.124     6.648 r  uartInst/Uart_Rx/SamplingCounter_RxData/cnt_S_U[6]_i_1__0/O
                         net (fo=7, routed)           0.586     7.234    uartInst/Uart_Rx/SamplingCounter_RxData/cnt_S_U[6]_i_1__0_n_0
    SLICE_X42Y18         FDRE                                         r  uartInst/Uart_Rx/SamplingCounter_RxData/cnt_S_U_reg[0]/R
  -------------------------------------------------------------------    -------------------

                         (clock sys_clk_pin rise edge)
                                                      0.000     0.000 r  
    L16                                               0.000     0.000 r  clk (IN)
                         net (fo=0)                   0.000     0.000    clk
    L16                  IBUF (Prop_ibuf_I_O)         1.421     1.421 r  clk_IBUF_inst/O
                         net (fo=1, routed)           1.880     3.301    clk_IBUF
    BUFGCTRL_X0Y16       BUFG (Prop_bufg_I_O)         0.091     3.392 r  clk_IBUF_BUFG_inst/O
                         net (fo=154, routed)         1.569     4.961    uartInst/Uart_Rx/SamplingCounter_RxData/CLK
    SLICE_X42Y18         FDRE                                         r  uartInst/Uart_Rx/SamplingCounter_RxData/cnt_S_U_reg[0]/C

Slack:                    inf
  Source:                 rst
                            (input port)
  Destination:            uartInst/Uart_Rx/SamplingCounter_RxData/cnt_S_U_reg[1]/R
                            (rising edge-triggered cell FDRE clocked by sys_clk_pin  {rise@0.000ns fall@5.500ns period=11.000ns})
  Path Group:             (none)
  Path Type:              Setup (Max at Slow Process Corner)
  Data Path Delay:        7.234ns  (logic 1.576ns (21.791%)  route 5.658ns (78.209%))
  Logic Levels:           2  (IBUF=1 LUT2=1)
  Clock Path Skew:        4.961ns (DCD - SCD + CPR)
    Destination Clock Delay (DCD):    4.961ns
    Source Clock Delay      (SCD):    0.000ns
    Clock Pessimism Removal (CPR):    0.000ns
  Clock Uncertainty:      0.025ns  ((TSJ^2 + TIJ^2)^1/2 + DJ) / 2 + PE
    Total System Jitter     (TSJ):    0.050ns
    Total Input Jitter      (TIJ):    0.000ns
    Discrete Jitter          (DJ):    0.000ns
    Phase Error              (PE):    0.000ns

    Location             Delay type                Incr(ns)  Path(ns)    Netlist Resource(s)
  -------------------------------------------------------------------    -------------------
    G15                                               0.000     0.000 r  rst (IN)
                         net (fo=0)                   0.000     0.000    rst
    G15                  IBUF (Prop_ibuf_I_O)         1.452     1.452 r  rst_IBUF_inst/O
                         net (fo=131, routed)         5.072     6.524    uartInst/Uart_Rx/SamplingCounter_RxData/rst_IBUF
    SLICE_X42Y19         LUT2 (Prop_lut2_I0_O)        0.124     6.648 r  uartInst/Uart_Rx/SamplingCounter_RxData/cnt_S_U[6]_i_1__0/O
                         net (fo=7, routed)           0.586     7.234    uartInst/Uart_Rx/SamplingCounter_RxData/cnt_S_U[6]_i_1__0_n_0
    SLICE_X42Y18         FDRE                                         r  uartInst/Uart_Rx/SamplingCounter_RxData/cnt_S_U_reg[1]/R
  -------------------------------------------------------------------    -------------------

                         (clock sys_clk_pin rise edge)
                                                      0.000     0.000 r  
    L16                                               0.000     0.000 r  clk (IN)
                         net (fo=0)                   0.000     0.000    clk
    L16                  IBUF (Prop_ibuf_I_O)         1.421     1.421 r  clk_IBUF_inst/O
                         net (fo=1, routed)           1.880     3.301    clk_IBUF
    BUFGCTRL_X0Y16       BUFG (Prop_bufg_I_O)         0.091     3.392 r  clk_IBUF_BUFG_inst/O
                         net (fo=154, routed)         1.569     4.961    uartInst/Uart_Rx/SamplingCounter_RxData/CLK
    SLICE_X42Y18         FDRE                                         r  uartInst/Uart_Rx/SamplingCounter_RxData/cnt_S_U_reg[1]/C

Slack:                    inf
  Source:                 rst
                            (input port)
  Destination:            uartInst/Uart_Rx/SamplingCounter_RxData/cnt_S_U_reg[2]/R
                            (rising edge-triggered cell FDRE clocked by sys_clk_pin  {rise@0.000ns fall@5.500ns period=11.000ns})
  Path Group:             (none)
  Path Type:              Setup (Max at Slow Process Corner)
  Data Path Delay:        7.234ns  (logic 1.576ns (21.791%)  route 5.658ns (78.209%))
  Logic Levels:           2  (IBUF=1 LUT2=1)
  Clock Path Skew:        4.961ns (DCD - SCD + CPR)
    Destination Clock Delay (DCD):    4.961ns
    Source Clock Delay      (SCD):    0.000ns
    Clock Pessimism Removal (CPR):    0.000ns
  Clock Uncertainty:      0.025ns  ((TSJ^2 + TIJ^2)^1/2 + DJ) / 2 + PE
    Total System Jitter     (TSJ):    0.050ns
    Total Input Jitter      (TIJ):    0.000ns
    Discrete Jitter          (DJ):    0.000ns
    Phase Error              (PE):    0.000ns

    Location             Delay type                Incr(ns)  Path(ns)    Netlist Resource(s)
  -------------------------------------------------------------------    -------------------
    G15                                               0.000     0.000 r  rst (IN)
                         net (fo=0)                   0.000     0.000    rst
    G15                  IBUF (Prop_ibuf_I_O)         1.452     1.452 r  rst_IBUF_inst/O
                         net (fo=131, routed)         5.072     6.524    uartInst/Uart_Rx/SamplingCounter_RxData/rst_IBUF
    SLICE_X42Y19         LUT2 (Prop_lut2_I0_O)        0.124     6.648 r  uartInst/Uart_Rx/SamplingCounter_RxData/cnt_S_U[6]_i_1__0/O
                         net (fo=7, routed)           0.586     7.234    uartInst/Uart_Rx/SamplingCounter_RxData/cnt_S_U[6]_i_1__0_n_0
    SLICE_X42Y18         FDRE                                         r  uartInst/Uart_Rx/SamplingCounter_RxData/cnt_S_U_reg[2]/R
  -------------------------------------------------------------------    -------------------

                         (clock sys_clk_pin rise edge)
                                                      0.000     0.000 r  
    L16                                               0.000     0.000 r  clk (IN)
                         net (fo=0)                   0.000     0.000    clk
    L16                  IBUF (Prop_ibuf_I_O)         1.421     1.421 r  clk_IBUF_inst/O
                         net (fo=1, routed)           1.880     3.301    clk_IBUF
    BUFGCTRL_X0Y16       BUFG (Prop_bufg_I_O)         0.091     3.392 r  clk_IBUF_BUFG_inst/O
                         net (fo=154, routed)         1.569     4.961    uartInst/Uart_Rx/SamplingCounter_RxData/CLK
    SLICE_X42Y18         FDRE                                         r  uartInst/Uart_Rx/SamplingCounter_RxData/cnt_S_U_reg[2]/C

Slack:                    inf
  Source:                 rst
                            (input port)
  Destination:            uartInst/Uart_Rx/SamplingCounter_RxData/cnt_S_U_reg[3]/R
                            (rising edge-triggered cell FDRE clocked by sys_clk_pin  {rise@0.000ns fall@5.500ns period=11.000ns})
  Path Group:             (none)
  Path Type:              Setup (Max at Slow Process Corner)
  Data Path Delay:        7.234ns  (logic 1.576ns (21.791%)  route 5.658ns (78.209%))
  Logic Levels:           2  (IBUF=1 LUT2=1)
  Clock Path Skew:        4.961ns (DCD - SCD + CPR)
    Destination Clock Delay (DCD):    4.961ns
    Source Clock Delay      (SCD):    0.000ns
    Clock Pessimism Removal (CPR):    0.000ns
  Clock Uncertainty:      0.025ns  ((TSJ^2 + TIJ^2)^1/2 + DJ) / 2 + PE
    Total System Jitter     (TSJ):    0.050ns
    Total Input Jitter      (TIJ):    0.000ns
    Discrete Jitter          (DJ):    0.000ns
    Phase Error              (PE):    0.000ns

    Location             Delay type                Incr(ns)  Path(ns)    Netlist Resource(s)
  -------------------------------------------------------------------    -------------------
    G15                                               0.000     0.000 r  rst (IN)
                         net (fo=0)                   0.000     0.000    rst
    G15                  IBUF (Prop_ibuf_I_O)         1.452     1.452 r  rst_IBUF_inst/O
                         net (fo=131, routed)         5.072     6.524    uartInst/Uart_Rx/SamplingCounter_RxData/rst_IBUF
    SLICE_X42Y19         LUT2 (Prop_lut2_I0_O)        0.124     6.648 r  uartInst/Uart_Rx/SamplingCounter_RxData/cnt_S_U[6]_i_1__0/O
                         net (fo=7, routed)           0.586     7.234    uartInst/Uart_Rx/SamplingCounter_RxData/cnt_S_U[6]_i_1__0_n_0
    SLICE_X42Y18         FDRE                                         r  uartInst/Uart_Rx/SamplingCounter_RxData/cnt_S_U_reg[3]/R
  -------------------------------------------------------------------    -------------------

                         (clock sys_clk_pin rise edge)
                                                      0.000     0.000 r  
    L16                                               0.000     0.000 r  clk (IN)
                         net (fo=0)                   0.000     0.000    clk
    L16                  IBUF (Prop_ibuf_I_O)         1.421     1.421 r  clk_IBUF_inst/O
                         net (fo=1, routed)           1.880     3.301    clk_IBUF
    BUFGCTRL_X0Y16       BUFG (Prop_bufg_I_O)         0.091     3.392 r  clk_IBUF_BUFG_inst/O
                         net (fo=154, routed)         1.569     4.961    uartInst/Uart_Rx/SamplingCounter_RxData/CLK
    SLICE_X42Y18         FDRE                                         r  uartInst/Uart_Rx/SamplingCounter_RxData/cnt_S_U_reg[3]/C

Slack:                    inf
  Source:                 rst
                            (input port)
  Destination:            uartInst/Uart_Rx/SamplingCounter_RxData/cnt_S_U_reg[4]/R
                            (rising edge-triggered cell FDRE clocked by sys_clk_pin  {rise@0.000ns fall@5.500ns period=11.000ns})
  Path Group:             (none)
  Path Type:              Setup (Max at Slow Process Corner)
  Data Path Delay:        7.234ns  (logic 1.576ns (21.791%)  route 5.658ns (78.209%))
  Logic Levels:           2  (IBUF=1 LUT2=1)
  Clock Path Skew:        4.961ns (DCD - SCD + CPR)
    Destination Clock Delay (DCD):    4.961ns
    Source Clock Delay      (SCD):    0.000ns
    Clock Pessimism Removal (CPR):    0.000ns
  Clock Uncertainty:      0.025ns  ((TSJ^2 + TIJ^2)^1/2 + DJ) / 2 + PE
    Total System Jitter     (TSJ):    0.050ns
    Total Input Jitter      (TIJ):    0.000ns
    Discrete Jitter          (DJ):    0.000ns
    Phase Error              (PE):    0.000ns

    Location             Delay type                Incr(ns)  Path(ns)    Netlist Resource(s)
  -------------------------------------------------------------------    -------------------
    G15                                               0.000     0.000 r  rst (IN)
                         net (fo=0)                   0.000     0.000    rst
    G15                  IBUF (Prop_ibuf_I_O)         1.452     1.452 r  rst_IBUF_inst/O
                         net (fo=131, routed)         5.072     6.524    uartInst/Uart_Rx/SamplingCounter_RxData/rst_IBUF
    SLICE_X42Y19         LUT2 (Prop_lut2_I0_O)        0.124     6.648 r  uartInst/Uart_Rx/SamplingCounter_RxData/cnt_S_U[6]_i_1__0/O
                         net (fo=7, routed)           0.586     7.234    uartInst/Uart_Rx/SamplingCounter_RxData/cnt_S_U[6]_i_1__0_n_0
    SLICE_X43Y18         FDRE                                         r  uartInst/Uart_Rx/SamplingCounter_RxData/cnt_S_U_reg[4]/R
  -------------------------------------------------------------------    -------------------

                         (clock sys_clk_pin rise edge)
                                                      0.000     0.000 r  
    L16                                               0.000     0.000 r  clk (IN)
                         net (fo=0)                   0.000     0.000    clk
    L16                  IBUF (Prop_ibuf_I_O)         1.421     1.421 r  clk_IBUF_inst/O
                         net (fo=1, routed)           1.880     3.301    clk_IBUF
    BUFGCTRL_X0Y16       BUFG (Prop_bufg_I_O)         0.091     3.392 r  clk_IBUF_BUFG_inst/O
                         net (fo=154, routed)         1.569     4.961    uartInst/Uart_Rx/SamplingCounter_RxData/CLK
    SLICE_X43Y18         FDRE                                         r  uartInst/Uart_Rx/SamplingCounter_RxData/cnt_S_U_reg[4]/C

Slack:                    inf
  Source:                 rst
                            (input port)
  Destination:            uartInst/Uart_Rx/SamplingCounter_RxData/cnt_S_U_reg[5]/R
                            (rising edge-triggered cell FDRE clocked by sys_clk_pin  {rise@0.000ns fall@5.500ns period=11.000ns})
  Path Group:             (none)
  Path Type:              Setup (Max at Slow Process Corner)
  Data Path Delay:        7.234ns  (logic 1.576ns (21.791%)  route 5.658ns (78.209%))
  Logic Levels:           2  (IBUF=1 LUT2=1)
  Clock Path Skew:        4.961ns (DCD - SCD + CPR)
    Destination Clock Delay (DCD):    4.961ns
    Source Clock Delay      (SCD):    0.000ns
    Clock Pessimism Removal (CPR):    0.000ns
  Clock Uncertainty:      0.025ns  ((TSJ^2 + TIJ^2)^1/2 + DJ) / 2 + PE
    Total System Jitter     (TSJ):    0.050ns
    Total Input Jitter      (TIJ):    0.000ns
    Discrete Jitter          (DJ):    0.000ns
    Phase Error              (PE):    0.000ns

    Location             Delay type                Incr(ns)  Path(ns)    Netlist Resource(s)
  -------------------------------------------------------------------    -------------------
    G15                                               0.000     0.000 r  rst (IN)
                         net (fo=0)                   0.000     0.000    rst
    G15                  IBUF (Prop_ibuf_I_O)         1.452     1.452 r  rst_IBUF_inst/O
                         net (fo=131, routed)         5.072     6.524    uartInst/Uart_Rx/SamplingCounter_RxData/rst_IBUF
    SLICE_X42Y19         LUT2 (Prop_lut2_I0_O)        0.124     6.648 r  uartInst/Uart_Rx/SamplingCounter_RxData/cnt_S_U[6]_i_1__0/O
                         net (fo=7, routed)           0.586     7.234    uartInst/Uart_Rx/SamplingCounter_RxData/cnt_S_U[6]_i_1__0_n_0
    SLICE_X42Y18         FDRE                                         r  uartInst/Uart_Rx/SamplingCounter_RxData/cnt_S_U_reg[5]/R
  -------------------------------------------------------------------    -------------------

                         (clock sys_clk_pin rise edge)
                                                      0.000     0.000 r  
    L16                                               0.000     0.000 r  clk (IN)
                         net (fo=0)                   0.000     0.000    clk
    L16                  IBUF (Prop_ibuf_I_O)         1.421     1.421 r  clk_IBUF_inst/O
                         net (fo=1, routed)           1.880     3.301    clk_IBUF
    BUFGCTRL_X0Y16       BUFG (Prop_bufg_I_O)         0.091     3.392 r  clk_IBUF_BUFG_inst/O
                         net (fo=154, routed)         1.569     4.961    uartInst/Uart_Rx/SamplingCounter_RxData/CLK
    SLICE_X42Y18         FDRE                                         r  uartInst/Uart_Rx/SamplingCounter_RxData/cnt_S_U_reg[5]/C





Min Delay Paths
--------------------------------------------------------------------------------------
Slack:                    inf
  Source:                 portRd[9]
                            (input port)
  Destination:            portIOInst/portRdReg_reg[9]/D
                            (rising edge-triggered cell FDRE clocked by sys_clk_pin  {rise@0.000ns fall@5.500ns period=11.000ns})
  Path Group:             (none)
  Path Type:              Hold (Min at Fast Process Corner)
  Data Path Delay:        0.729ns  (logic 0.330ns (45.222%)  route 0.399ns (54.778%))
  Logic Levels:           1  (IBUF=1)
  Clock Path Skew:        2.007ns (DCD - SCD - CPR)
    Destination Clock Delay (DCD):    2.007ns
    Source Clock Delay      (SCD):    0.000ns
    Clock Pessimism Removal (CPR):    -0.000ns

    Location             Delay type                Incr(ns)  Path(ns)    Netlist Resource(s)
  -------------------------------------------------------------------    -------------------
    W15                                               0.000     0.000 r  portRd[9] (IN)
                         net (fo=0)                   0.000     0.000    portRd[9]
    W15                  IBUF (Prop_ibuf_I_O)         0.330     0.330 r  portRd_IBUF[9]_inst/O
                         net (fo=1, routed)           0.399     0.729    portIOInst/D[9]
    SLICE_X41Y26         FDRE                                         r  portIOInst/portRdReg_reg[9]/D
  -------------------------------------------------------------------    -------------------

                         (clock sys_clk_pin rise edge)
                                                      0.000     0.000 r  
    L16                                               0.000     0.000 r  clk (IN)
                         net (fo=0)                   0.000     0.000    clk
    L16                  IBUF (Prop_ibuf_I_O)         0.447     0.447 r  clk_IBUF_inst/O
                         net (fo=1, routed)           0.683     1.130    clk_IBUF
    BUFGCTRL_X0Y16       BUFG (Prop_bufg_I_O)         0.029     1.159 r  clk_IBUF_BUFG_inst/O
                         net (fo=154, routed)         0.848     2.007    portIOInst/CLK
    SLICE_X41Y26         FDRE                                         r  portIOInst/portRdReg_reg[9]/C

Slack:                    inf
  Source:                 portRd[12]
                            (input port)
  Destination:            portIOInst/portRdReg_reg[12]/D
                            (rising edge-triggered cell FDRE clocked by sys_clk_pin  {rise@0.000ns fall@5.500ns period=11.000ns})
  Path Group:             (none)
  Path Type:              Hold (Min at Fast Process Corner)
  Data Path Delay:        0.744ns  (logic 0.350ns (47.021%)  route 0.394ns (52.979%))
  Logic Levels:           1  (IBUF=1)
  Clock Path Skew:        2.012ns (DCD - SCD - CPR)
    Destination Clock Delay (DCD):    2.012ns
    Source Clock Delay      (SCD):    0.000ns
    Clock Pessimism Removal (CPR):    -0.000ns

    Location             Delay type                Incr(ns)  Path(ns)    Netlist Resource(s)
  -------------------------------------------------------------------    -------------------
    W14                                               0.000     0.000 r  portRd[12] (IN)
                         net (fo=0)                   0.000     0.000    portRd[12]
    W14                  IBUF (Prop_ibuf_I_O)         0.350     0.350 r  portRd_IBUF[12]_inst/O
                         net (fo=1, routed)           0.394     0.744    portIOInst/D[12]
    SLICE_X37Y32         FDRE                                         r  portIOInst/portRdReg_reg[12]/D
  -------------------------------------------------------------------    -------------------

                         (clock sys_clk_pin rise edge)
                                                      0.000     0.000 r  
    L16                                               0.000     0.000 r  clk (IN)
                         net (fo=0)                   0.000     0.000    clk
    L16                  IBUF (Prop_ibuf_I_O)         0.447     0.447 r  clk_IBUF_inst/O
                         net (fo=1, routed)           0.683     1.130    clk_IBUF
    BUFGCTRL_X0Y16       BUFG (Prop_bufg_I_O)         0.029     1.159 r  clk_IBUF_BUFG_inst/O
                         net (fo=154, routed)         0.853     2.012    portIOInst/CLK
    SLICE_X37Y32         FDRE                                         r  portIOInst/portRdReg_reg[12]/C

Slack:                    inf
  Source:                 portRd[8]
                            (input port)
  Destination:            portIOInst/portRdReg_reg[8]/D
                            (rising edge-triggered cell FDRE clocked by sys_clk_pin  {rise@0.000ns fall@5.500ns period=11.000ns})
  Path Group:             (none)
  Path Type:              Hold (Min at Fast Process Corner)
  Data Path Delay:        0.752ns  (logic 0.336ns (44.686%)  route 0.416ns (55.314%))
  Logic Levels:           1  (IBUF=1)
  Clock Path Skew:        2.007ns (DCD - SCD - CPR)
    Destination Clock Delay (DCD):    2.007ns
    Source Clock Delay      (SCD):    0.000ns
    Clock Pessimism Removal (CPR):    -0.000ns

    Location             Delay type                Incr(ns)  Path(ns)    Netlist Resource(s)
  -------------------------------------------------------------------    -------------------
    V15                                               0.000     0.000 r  portRd[8] (IN)
                         net (fo=0)                   0.000     0.000    portRd[8]
    V15                  IBUF (Prop_ibuf_I_O)         0.336     0.336 r  portRd_IBUF[8]_inst/O
                         net (fo=1, routed)           0.416     0.752    portIOInst/D[8]
    SLICE_X42Y26         FDRE                                         r  portIOInst/portRdReg_reg[8]/D
  -------------------------------------------------------------------    -------------------

                         (clock sys_clk_pin rise edge)
                                                      0.000     0.000 r  
    L16                                               0.000     0.000 r  clk (IN)
                         net (fo=0)                   0.000     0.000    clk
    L16                  IBUF (Prop_ibuf_I_O)         0.447     0.447 r  clk_IBUF_inst/O
                         net (fo=1, routed)           0.683     1.130    clk_IBUF
    BUFGCTRL_X0Y16       BUFG (Prop_bufg_I_O)         0.029     1.159 r  clk_IBUF_BUFG_inst/O
                         net (fo=154, routed)         0.848     2.007    portIOInst/CLK
    SLICE_X42Y26         FDRE                                         r  portIOInst/portRdReg_reg[8]/C

Slack:                    inf
  Source:                 portRd[13]
                            (input port)
  Destination:            portIOInst/portRdReg_reg[13]/D
                            (rising edge-triggered cell FDRE clocked by sys_clk_pin  {rise@0.000ns fall@5.500ns period=11.000ns})
  Path Group:             (none)
  Path Type:              Hold (Min at Fast Process Corner)
  Data Path Delay:        0.757ns  (logic 0.352ns (46.528%)  route 0.405ns (53.472%))
  Logic Levels:           1  (IBUF=1)
  Clock Path Skew:        2.011ns (DCD - SCD - CPR)
    Destination Clock Delay (DCD):    2.011ns
    Source Clock Delay      (SCD):    0.000ns
    Clock Pessimism Removal (CPR):    -0.000ns

    Location             Delay type                Incr(ns)  Path(ns)    Netlist Resource(s)
  -------------------------------------------------------------------    -------------------
    Y14                                               0.000     0.000 r  portRd[13] (IN)
                         net (fo=0)                   0.000     0.000    portRd[13]
    Y14                  IBUF (Prop_ibuf_I_O)         0.352     0.352 r  portRd_IBUF[13]_inst/O
                         net (fo=1, routed)           0.405     0.757    portIOInst/D[13]
    SLICE_X39Y31         FDRE                                         r  portIOInst/portRdReg_reg[13]/D
  -------------------------------------------------------------------    -------------------

                         (clock sys_clk_pin rise edge)
                                                      0.000     0.000 r  
    L16                                               0.000     0.000 r  clk (IN)
                         net (fo=0)                   0.000     0.000    clk
    L16                  IBUF (Prop_ibuf_I_O)         0.447     0.447 r  clk_IBUF_inst/O
                         net (fo=1, routed)           0.683     1.130    clk_IBUF
    BUFGCTRL_X0Y16       BUFG (Prop_bufg_I_O)         0.029     1.159 r  clk_IBUF_BUFG_inst/O
                         net (fo=154, routed)         0.852     2.011    portIOInst/CLK
    SLICE_X39Y31         FDRE                                         r  portIOInst/portRdReg_reg[13]/C

Slack:                    inf
  Source:                 portRd[15]
                            (input port)
  Destination:            portIOInst/portRdReg_reg[15]/D
                            (rising edge-triggered cell FDRE clocked by sys_clk_pin  {rise@0.000ns fall@5.500ns period=11.000ns})
  Path Group:             (none)
  Path Type:              Hold (Min at Fast Process Corner)
  Data Path Delay:        0.829ns  (logic 0.318ns (38.405%)  route 0.510ns (61.595%))
  Logic Levels:           1  (IBUF=1)
  Clock Path Skew:        2.014ns (DCD - SCD - CPR)
    Destination Clock Delay (DCD):    2.014ns
    Source Clock Delay      (SCD):    0.000ns
    Clock Pessimism Removal (CPR):    -0.000ns

    Location             Delay type                Incr(ns)  Path(ns)    Netlist Resource(s)
  -------------------------------------------------------------------    -------------------
    U12                                               0.000     0.000 r  portRd[15] (IN)
                         net (fo=0)                   0.000     0.000    portRd[15]
    U12                  IBUF (Prop_ibuf_I_O)         0.318     0.318 r  portRd_IBUF[15]_inst/O
                         net (fo=1, routed)           0.510     0.829    portIOInst/D[15]
    SLICE_X40Y32         FDRE                                         r  portIOInst/portRdReg_reg[15]/D
  -------------------------------------------------------------------    -------------------

                         (clock sys_clk_pin rise edge)
                                                      0.000     0.000 r  
    L16                                               0.000     0.000 r  clk (IN)
                         net (fo=0)                   0.000     0.000    clk
    L16                  IBUF (Prop_ibuf_I_O)         0.447     0.447 r  clk_IBUF_inst/O
                         net (fo=1, routed)           0.683     1.130    clk_IBUF
    BUFGCTRL_X0Y16       BUFG (Prop_bufg_I_O)         0.029     1.159 r  clk_IBUF_BUFG_inst/O
                         net (fo=154, routed)         0.855     2.014    portIOInst/CLK
    SLICE_X40Y32         FDRE                                         r  portIOInst/portRdReg_reg[15]/C

Slack:                    inf
  Source:                 uartRx
                            (input port)
  Destination:            uartInst/Uart_Rx/RxDataRegister/Out_S_reg[0]/D
                            (rising edge-triggered cell FDRE clocked by sys_clk_pin  {rise@0.000ns fall@5.500ns period=11.000ns})
  Path Group:             (none)
  Path Type:              Hold (Min at Fast Process Corner)
  Data Path Delay:        0.885ns  (logic 0.306ns (34.635%)  route 0.578ns (65.365%))
  Logic Levels:           1  (IBUF=1)
  Clock Path Skew:        2.006ns (DCD - SCD - CPR)
    Destination Clock Delay (DCD):    2.006ns
    Source Clock Delay      (SCD):    0.000ns
    Clock Pessimism Removal (CPR):    -0.000ns

    Location             Delay type                Incr(ns)  Path(ns)    Netlist Resource(s)
  -------------------------------------------------------------------    -------------------
    W13                                               0.000     0.000 r  uartRx (IN)
                         net (fo=0)                   0.000     0.000    uartRx
    W13                  IBUF (Prop_ibuf_I_O)         0.306     0.306 r  uartRx_IBUF_inst/O
                         net (fo=2, routed)           0.578     0.885    uartInst/Uart_Rx/RxDataRegister/D[0]
    SLICE_X41Y24         FDRE                                         r  uartInst/Uart_Rx/RxDataRegister/Out_S_reg[0]/D
  -------------------------------------------------------------------    -------------------

                         (clock sys_clk_pin rise edge)
                                                      0.000     0.000 r  
    L16                                               0.000     0.000 r  clk (IN)
                         net (fo=0)                   0.000     0.000    clk
    L16                  IBUF (Prop_ibuf_I_O)         0.447     0.447 r  clk_IBUF_inst/O
                         net (fo=1, routed)           0.683     1.130    clk_IBUF
    BUFGCTRL_X0Y16       BUFG (Prop_bufg_I_O)         0.029     1.159 r  clk_IBUF_BUFG_inst/O
                         net (fo=154, routed)         0.847     2.006    uartInst/Uart_Rx/RxDataRegister/CLK
    SLICE_X41Y24         FDRE                                         r  uartInst/Uart_Rx/RxDataRegister/Out_S_reg[0]/C

Slack:                    inf
  Source:                 portRd[14]
                            (input port)
  Destination:            portIOInst/portRdReg_reg[14]/D
                            (rising edge-triggered cell FDRE clocked by sys_clk_pin  {rise@0.000ns fall@5.500ns period=11.000ns})
  Path Group:             (none)
  Path Type:              Hold (Min at Fast Process Corner)
  Data Path Delay:        0.900ns  (logic 0.309ns (34.322%)  route 0.591ns (65.678%))
  Logic Levels:           1  (IBUF=1)
  Clock Path Skew:        2.014ns (DCD - SCD - CPR)
    Destination Clock Delay (DCD):    2.014ns
    Source Clock Delay      (SCD):    0.000ns
    Clock Pessimism Removal (CPR):    -0.000ns

    Location             Delay type                Incr(ns)  Path(ns)    Netlist Resource(s)
  -------------------------------------------------------------------    -------------------
    T12                                               0.000     0.000 r  portRd[14] (IN)
                         net (fo=0)                   0.000     0.000    portRd[14]
    T12                  IBUF (Prop_ibuf_I_O)         0.309     0.309 r  portRd_IBUF[14]_inst/O
                         net (fo=1, routed)           0.591     0.900    portIOInst/D[14]
    SLICE_X40Y32         FDRE                                         r  portIOInst/portRdReg_reg[14]/D
  -------------------------------------------------------------------    -------------------

                         (clock sys_clk_pin rise edge)
                                                      0.000     0.000 r  
    L16                                               0.000     0.000 r  clk (IN)
                         net (fo=0)                   0.000     0.000    clk
    L16                  IBUF (Prop_ibuf_I_O)         0.447     0.447 r  clk_IBUF_inst/O
                         net (fo=1, routed)           0.683     1.130    clk_IBUF
    BUFGCTRL_X0Y16       BUFG (Prop_bufg_I_O)         0.029     1.159 r  clk_IBUF_BUFG_inst/O
                         net (fo=154, routed)         0.855     2.014    portIOInst/CLK
    SLICE_X40Y32         FDRE                                         r  portIOInst/portRdReg_reg[14]/C

Slack:                    inf
  Source:                 portRd[2]
                            (input port)
  Destination:            portIOInst/portRdReg_reg[2]/D
                            (rising edge-triggered cell FDRE clocked by sys_clk_pin  {rise@0.000ns fall@5.500ns period=11.000ns})
  Path Group:             (none)
  Path Type:              Hold (Min at Fast Process Corner)
  Data Path Delay:        0.921ns  (logic 0.226ns (24.570%)  route 0.694ns (75.430%))
  Logic Levels:           1  (IBUF=1)
  Clock Path Skew:        2.006ns (DCD - SCD - CPR)
    Destination Clock Delay (DCD):    2.006ns
    Source Clock Delay      (SCD):    0.000ns
    Clock Pessimism Removal (CPR):    -0.000ns

    Location             Delay type                Incr(ns)  Path(ns)    Netlist Resource(s)
  -------------------------------------------------------------------    -------------------
    K16                                               0.000     0.000 r  portRd[2] (IN)
                         net (fo=0)                   0.000     0.000    portRd[2]
    K16                  IBUF (Prop_ibuf_I_O)         0.226     0.226 r  portRd_IBUF[2]_inst/O
                         net (fo=1, routed)           0.694     0.921    portIOInst/D[2]
    SLICE_X40Y25         FDRE                                         r  portIOInst/portRdReg_reg[2]/D
  -------------------------------------------------------------------    -------------------

                         (clock sys_clk_pin rise edge)
                                                      0.000     0.000 r  
    L16                                               0.000     0.000 r  clk (IN)
                         net (fo=0)                   0.000     0.000    clk
    L16                  IBUF (Prop_ibuf_I_O)         0.447     0.447 r  clk_IBUF_inst/O
                         net (fo=1, routed)           0.683     1.130    clk_IBUF
    BUFGCTRL_X0Y16       BUFG (Prop_bufg_I_O)         0.029     1.159 r  clk_IBUF_BUFG_inst/O
                         net (fo=154, routed)         0.847     2.006    portIOInst/CLK
    SLICE_X40Y25         FDRE                                         r  portIOInst/portRdReg_reg[2]/C

Slack:                    inf
  Source:                 portRd[6]
                            (input port)
  Destination:            portIOInst/portRdReg_reg[6]/D
                            (rising edge-triggered cell FDRE clocked by sys_clk_pin  {rise@0.000ns fall@5.500ns period=11.000ns})
  Path Group:             (none)
  Path Type:              Hold (Min at Fast Process Corner)
  Data Path Delay:        0.952ns  (logic 0.234ns (24.620%)  route 0.718ns (75.380%))
  Logic Levels:           1  (IBUF=1)
  Clock Path Skew:        2.009ns (DCD - SCD - CPR)
    Destination Clock Delay (DCD):    2.009ns
    Source Clock Delay      (SCD):    0.000ns
    Clock Pessimism Removal (CPR):    -0.000ns

    Location             Delay type                Incr(ns)  Path(ns)    Netlist Resource(s)
  -------------------------------------------------------------------    -------------------
    J16                                               0.000     0.000 r  portRd[6] (IN)
                         net (fo=0)                   0.000     0.000    portRd[6]
    J16                  IBUF (Prop_ibuf_I_O)         0.234     0.234 r  portRd_IBUF[6]_inst/O
                         net (fo=1, routed)           0.718     0.952    portIOInst/D[6]
    SLICE_X41Y27         FDRE                                         r  portIOInst/portRdReg_reg[6]/D
  -------------------------------------------------------------------    -------------------

                         (clock sys_clk_pin rise edge)
                                                      0.000     0.000 r  
    L16                                               0.000     0.000 r  clk (IN)
                         net (fo=0)                   0.000     0.000    clk
    L16                  IBUF (Prop_ibuf_I_O)         0.447     0.447 r  clk_IBUF_inst/O
                         net (fo=1, routed)           0.683     1.130    clk_IBUF
    BUFGCTRL_X0Y16       BUFG (Prop_bufg_I_O)         0.029     1.159 r  clk_IBUF_BUFG_inst/O
                         net (fo=154, routed)         0.850     2.009    portIOInst/CLK
    SLICE_X41Y27         FDRE                                         r  portIOInst/portRdReg_reg[6]/C

Slack:                    inf
  Source:                 portRd[10]
                            (input port)
  Destination:            portIOInst/portRdReg_reg[10]/D
                            (rising edge-triggered cell FDRE clocked by sys_clk_pin  {rise@0.000ns fall@5.500ns period=11.000ns})
  Path Group:             (none)
  Path Type:              Hold (Min at Fast Process Corner)
  Data Path Delay:        0.956ns  (logic 0.332ns (34.745%)  route 0.624ns (65.255%))
  Logic Levels:           1  (IBUF=1)
  Clock Path Skew:        2.006ns (DCD - SCD - CPR)
    Destination Clock Delay (DCD):    2.006ns
    Source Clock Delay      (SCD):    0.000ns
    Clock Pessimism Removal (CPR):    -0.000ns

    Location             Delay type                Incr(ns)  Path(ns)    Netlist Resource(s)
  -------------------------------------------------------------------    -------------------
    T11                                               0.000     0.000 r  portRd[10] (IN)
                         net (fo=0)                   0.000     0.000    portRd[10]
    T11                  IBUF (Prop_ibuf_I_O)         0.332     0.332 r  portRd_IBUF[10]_inst/O
                         net (fo=1, routed)           0.624     0.956    portIOInst/D[10]
    SLICE_X40Y25         FDRE                                         r  portIOInst/portRdReg_reg[10]/D
  -------------------------------------------------------------------    -------------------

                         (clock sys_clk_pin rise edge)
                                                      0.000     0.000 r  
    L16                                               0.000     0.000 r  clk (IN)
                         net (fo=0)                   0.000     0.000    clk
    L16                  IBUF (Prop_ibuf_I_O)         0.447     0.447 r  clk_IBUF_inst/O
                         net (fo=1, routed)           0.683     1.130    clk_IBUF
    BUFGCTRL_X0Y16       BUFG (Prop_bufg_I_O)         0.029     1.159 r  clk_IBUF_BUFG_inst/O
                         net (fo=154, routed)         0.847     2.006    portIOInst/CLK
    SLICE_X40Y25         FDRE                                         r  portIOInst/portRdReg_reg[10]/C





