#-----------------------------------------------------------
# Vivado v2024.2 (64-bit)
# SW Build 5239630 on Fri Nov 08 22:35:27 MST 2024
# IP Build 5239520 on Sun Nov 10 16:12:51 MST 2024
# SharedData Build 5239561 on Fri Nov 08 14:39:27 MST 2024
# Start of session at: Tue May 27 09:34:19 2025
# Process ID         : 17608
# Current directory  : C:/Users/Facun/Desktop/TD1_TPS_Locales/Exercise_Guide_Chapter_7/guia_7
# Command line       : vivado.exe -gui_launcher_event rodinguilauncherevent2660 C:\Users\Facun\Desktop\TD1_TPS_Locales\Exercise_Guide_Chapter_7\guia_7\guia_7.xpr
# Log file           : C:/Users/Facun/Desktop/TD1_TPS_Locales/Exercise_Guide_Chapter_7/guia_7/vivado.log
# Journal file       : C:/Users/Facun/Desktop/TD1_TPS_Locales/Exercise_Guide_Chapter_7/guia_7\vivado.jou
# Running On         : DESKTOP-38PF9T6
# Platform           : Windows Server 2016 or Windows 10
# Operating System   : 19045
# Processor Detail   : Intel(R) Core(TM) i5-1035G1 CPU @ 1.00GHz
# CPU Frequency      : 1190 MHz
# CPU Physical cores : 4
# CPU Logical cores  : 8
# Host memory        : 8334 MB
# Swap memory        : 8053 MB
# Total Virtual      : 16387 MB
# Available Virtual  : 8332 MB
#-----------------------------------------------------------
start_gui
open_project C:/Users/Facun/Desktop/TD1_TPS_Locales/Exercise_Guide_Chapter_7/guia_7/guia_7.xpr
INFO: [Project 1-313] Project file moved from 'C:/Users/Facun/Desktop/GitLab_UTN _BA/Exercise_Guides_and_Project_TD1/fcostarelli/Exercise_Guide_Chapter_7/guia_7' since last save.
INFO: [filemgmt 56-3] Default IP Output Path : Could not find the directory 'C:/Users/Facun/Desktop/TD1_TPS_Locales/Exercise_Guide_Chapter_7/guia_7/guia_7.gen/sources_1'.
WARNING: [filemgmt 56-3] IPUserFilesDir: Could not find the directory 'C:/Users/Facun/Desktop/TD1_TPS_Locales/Exercise_Guide_Chapter_7/guia_7/guia_7.ip_user_files'.
Scanning sources...
Finished scanning sources
INFO: [IP_Flow 19-234] Refreshing IP repositories
INFO: [IP_Flow 19-1704] No user IP repositories specified
INFO: [IP_Flow 19-2313] Loaded Vivado IP repository 'C:/Xilinx/Vivado/2024.2/data/ip'.
open_project: Time (s): cpu = 00:00:18 ; elapsed = 00:00:08 . Memory (MB): peak = 1209.883 ; gain = 105.406
update_compile_order -fileset sources_1
close [ open C:/Users/Facun/Desktop/TD1_TPS_Locales/Exercise_Guide_Chapter_7/guia_7/guia_7.srcs/sources_1/new/paridadGen.vhd w ]
add_files C:/Users/Facun/Desktop/TD1_TPS_Locales/Exercise_Guide_Chapter_7/guia_7/guia_7.srcs/sources_1/new/paridadGen.vhd
update_compile_order -fileset sources_1
WARNING: [filemgmt 56-199] Attempt to get parsing info during refresh. "On-the-fly" syntax checking information may be incorrect. [C:\Users\Facun\Desktop\TD1_TPS_Locales\Exercise_Guide_Chapter_7\guia_7\guia_7.srcs\sources_1\new\paridadGen.vhd:]
WARNING: [filemgmt 56-199] Attempt to get parsing info during refresh. "On-the-fly" syntax checking information may be incorrect. [C:\Users\Facun\Desktop\TD1_TPS_Locales\Exercise_Guide_Chapter_7\guia_7\guia_7.srcs\sources_1\new\Cascade_And_N_Inputs__Cascade_Or_M_Inputs.vhd:]
WARNING: [filemgmt 56-199] Attempt to get parsing info during refresh. "On-the-fly" syntax checking information may be incorrect. [C:\Users\Facun\Desktop\TD1_TPS_Locales\Exercise_Guide_Chapter_7\guia_7\guia_7.srcs\sources_1\new\paridad.vhd:]
WARNING: [filemgmt 56-199] Attempt to get parsing info during refresh. "On-the-fly" syntax checking information may be incorrect. [C:\Users\Facun\Desktop\TD1_TPS_Locales\Exercise_Guide_Chapter_7\guia_7\guia_7.srcs\sources_1\new\paridadGen.vhd:]
WARNING: [filemgmt 56-199] Attempt to get parsing info during refresh. "On-the-fly" syntax checking information may be incorrect. [C:\Users\Facun\Desktop\TD1_TPS_Locales\Exercise_Guide_Chapter_7\guia_7\guia_7.srcs\sources_1\new\paridadGen.vhd:]
WARNING: [filemgmt 56-199] Attempt to get parsing info during refresh. "On-the-fly" syntax checking information may be incorrect. [C:\Users\Facun\Desktop\TD1_TPS_Locales\Exercise_Guide_Chapter_7\guia_7\guia_7.srcs\sources_1\new\paridadGen.vhd:]
WARNING: [filemgmt 56-199] Attempt to get parsing info during refresh. "On-the-fly" syntax checking information may be incorrect. [C:\Users\Facun\Desktop\TD1_TPS_Locales\Exercise_Guide_Chapter_7\guia_7\guia_7.srcs\sources_1\new\Cascade_And_N_Inputs__Cascade_Or_M_Inputs.vhd:]
WARNING: [filemgmt 56-199] Attempt to get parsing info during refresh. "On-the-fly" syntax checking information may be incorrect. [C:\Users\Facun\Desktop\TD1_TPS_Locales\Exercise_Guide_Chapter_7\guia_7\guia_7.srcs\sources_1\new\paridad.vhd:]
WARNING: [filemgmt 56-199] Attempt to get parsing info during refresh. "On-the-fly" syntax checking information may be incorrect. [C:\Users\Facun\Desktop\TD1_TPS_Locales\Exercise_Guide_Chapter_7\guia_7\guia_7.srcs\sources_1\new\paridad.vhd:]
WARNING: [filemgmt 56-199] Attempt to get parsing info during refresh. "On-the-fly" syntax checking information may be incorrect. [C:\Users\Facun\Desktop\TD1_TPS_Locales\Exercise_Guide_Chapter_7\guia_7\guia_7.srcs\sources_1\new\paridad.vhd:]
ERROR: [Common 17-180] Spawn failed: No error
WARNING: [filemgmt 56-199] Attempt to get parsing info during refresh. "On-the-fly" syntax checking information may be incorrect. [C:\Users\Facun\Desktop\TD1_TPS_Locales\Exercise_Guide_Chapter_7\guia_7\guia_7.srcs\sources_1\new\paridadGen.vhd:]
WARNING: [filemgmt 56-199] Attempt to get parsing info during refresh. "On-the-fly" syntax checking information may be incorrect. [C:\Users\Facun\Desktop\TD1_TPS_Locales\Exercise_Guide_Chapter_7\guia_7\guia_7.srcs\sources_1\new\Cascade_And_N_Inputs__Cascade_Or_M_Inputs.vhd:]
WARNING: [filemgmt 56-199] Attempt to get parsing info during refresh. "On-the-fly" syntax checking information may be incorrect. [C:\Users\Facun\Desktop\TD1_TPS_Locales\Exercise_Guide_Chapter_7\guia_7\guia_7.srcs\sources_1\new\paridad.vhd:]
WARNING: [filemgmt 56-199] Attempt to get parsing info during refresh. "On-the-fly" syntax checking information may be incorrect. [C:\Users\Facun\Desktop\TD1_TPS_Locales\Exercise_Guide_Chapter_7\guia_7\guia_7.srcs\sources_1\new\paridadGen.vhd:]
WARNING: [filemgmt 56-199] Attempt to get parsing info during refresh. "On-the-fly" syntax checking information may be incorrect. [C:\Users\Facun\Desktop\TD1_TPS_Locales\Exercise_Guide_Chapter_7\guia_7\guia_7.srcs\sources_1\new\paridadGen.vhd:]
WARNING: [filemgmt 56-199] Attempt to get parsing info during refresh. "On-the-fly" syntax checking information may be incorrect. [C:\Users\Facun\Desktop\TD1_TPS_Locales\Exercise_Guide_Chapter_7\guia_7\guia_7.srcs\sources_1\new\paridadGen.vhd:]
WARNING: [filemgmt 56-199] Attempt to get parsing info during refresh. "On-the-fly" syntax checking information may be incorrect. [C:\Users\Facun\Desktop\TD1_TPS_Locales\Exercise_Guide_Chapter_7\guia_7\guia_7.srcs\sources_1\new\Cascade_And_N_Inputs__Cascade_Or_M_Inputs.vhd:]
WARNING: [filemgmt 56-199] Attempt to get parsing info during refresh. "On-the-fly" syntax checking information may be incorrect. [C:\Users\Facun\Desktop\TD1_TPS_Locales\Exercise_Guide_Chapter_7\guia_7\guia_7.srcs\sources_1\new\paridad.vhd:]
WARNING: [filemgmt 56-199] Attempt to get parsing info during refresh. "On-the-fly" syntax checking information may be incorrect. [C:\Users\Facun\Desktop\TD1_TPS_Locales\Exercise_Guide_Chapter_7\guia_7\guia_7.srcs\sources_1\new\paridad.vhd:]
WARNING: [filemgmt 56-199] Attempt to get parsing info during refresh. "On-the-fly" syntax checking information may be incorrect. [C:\Users\Facun\Desktop\TD1_TPS_Locales\Exercise_Guide_Chapter_7\guia_7\guia_7.srcs\sources_1\new\paridad.vhd:]
WARNING: [filemgmt 56-199] Attempt to get parsing info during refresh. "On-the-fly" syntax checking information may be incorrect. [C:\Users\Facun\Desktop\TD1_TPS_Locales\Exercise_Guide_Chapter_7\guia_7\guia_7.srcs\sources_1\new\paridadGen.vhd:]
WARNING: [filemgmt 56-199] Attempt to get parsing info during refresh. "On-the-fly" syntax checking information may be incorrect. [C:\Users\Facun\Desktop\TD1_TPS_Locales\Exercise_Guide_Chapter_7\guia_7\guia_7.srcs\sources_1\new\Cascade_And_N_Inputs__Cascade_Or_M_Inputs.vhd:]
WARNING: [filemgmt 56-199] Attempt to get parsing info during refresh. "On-the-fly" syntax checking information may be incorrect. [C:\Users\Facun\Desktop\TD1_TPS_Locales\Exercise_Guide_Chapter_7\guia_7\guia_7.srcs\sources_1\new\paridad.vhd:]
WARNING: [filemgmt 56-199] Attempt to get parsing info during refresh. "On-the-fly" syntax checking information may be incorrect. [C:\Users\Facun\Desktop\TD1_TPS_Locales\Exercise_Guide_Chapter_7\guia_7\guia_7.srcs\sources_1\new\paridadGen.vhd:]
WARNING: [filemgmt 56-199] Attempt to get parsing info during refresh. "On-the-fly" syntax checking information may be incorrect. [C:\Users\Facun\Desktop\TD1_TPS_Locales\Exercise_Guide_Chapter_7\guia_7\guia_7.srcs\sources_1\new\paridadGen.vhd:]
WARNING: [filemgmt 56-199] Attempt to get parsing info during refresh. "On-the-fly" syntax checking information may be incorrect. [C:\Users\Facun\Desktop\TD1_TPS_Locales\Exercise_Guide_Chapter_7\guia_7\guia_7.srcs\sources_1\new\paridadGen.vhd:]
WARNING: [filemgmt 56-199] Attempt to get parsing info during refresh. "On-the-fly" syntax checking information may be incorrect. [C:\Users\Facun\Desktop\TD1_TPS_Locales\Exercise_Guide_Chapter_7\guia_7\guia_7.srcs\sources_1\new\Cascade_And_N_Inputs__Cascade_Or_M_Inputs.vhd:]
WARNING: [filemgmt 56-199] Attempt to get parsing info during refresh. "On-the-fly" syntax checking information may be incorrect. [C:\Users\Facun\Desktop\TD1_TPS_Locales\Exercise_Guide_Chapter_7\guia_7\guia_7.srcs\sources_1\new\paridad.vhd:]
WARNING: [filemgmt 56-199] Attempt to get parsing info during refresh. "On-the-fly" syntax checking information may be incorrect. [C:\Users\Facun\Desktop\TD1_TPS_Locales\Exercise_Guide_Chapter_7\guia_7\guia_7.srcs\sources_1\new\Cascade_And_N_Inputs__Cascade_Or_M_Inputs.vhd:]
WARNING: [filemgmt 56-199] Attempt to get parsing info during refresh. "On-the-fly" syntax checking information may be incorrect. [C:\Users\Facun\Desktop\TD1_TPS_Locales\Exercise_Guide_Chapter_7\guia_7\guia_7.srcs\sources_1\new\Cascade_And_N_Inputs__Cascade_Or_M_Inputs.vhd:]
WARNING: [filemgmt 56-199] Attempt to get parsing info during refresh. "On-the-fly" syntax checking information may be incorrect. [C:\Users\Facun\Desktop\TD1_TPS_Locales\Exercise_Guide_Chapter_7\guia_7\guia_7.srcs\sources_1\new\paridadGen.vhd:]
WARNING: [filemgmt 56-199] Attempt to get parsing info during refresh. "On-the-fly" syntax checking information may be incorrect. [C:\Users\Facun\Desktop\TD1_TPS_Locales\Exercise_Guide_Chapter_7\guia_7\guia_7.srcs\sources_1\new\Cascade_And_N_Inputs__Cascade_Or_M_Inputs.vhd:]
WARNING: [filemgmt 56-199] Attempt to get parsing info during refresh. "On-the-fly" syntax checking information may be incorrect. [C:\Users\Facun\Desktop\TD1_TPS_Locales\Exercise_Guide_Chapter_7\guia_7\guia_7.srcs\sources_1\new\paridad.vhd:]
WARNING: [filemgmt 56-199] Attempt to get parsing info during refresh. "On-the-fly" syntax checking information may be incorrect. [C:\Users\Facun\Desktop\TD1_TPS_Locales\Exercise_Guide_Chapter_7\guia_7\guia_7.srcs\sources_1\new\paridadGen.vhd:]
WARNING: [filemgmt 56-199] Attempt to get parsing info during refresh. "On-the-fly" syntax checking information may be incorrect. [C:\Users\Facun\Desktop\TD1_TPS_Locales\Exercise_Guide_Chapter_7\guia_7\guia_7.srcs\sources_1\new\paridadGen.vhd:]
WARNING: [filemgmt 56-199] Attempt to get parsing info during refresh. "On-the-fly" syntax checking information may be incorrect. [C:\Users\Facun\Desktop\TD1_TPS_Locales\Exercise_Guide_Chapter_7\guia_7\guia_7.srcs\sources_1\new\paridadGen.vhd:]
WARNING: [filemgmt 56-199] Attempt to get parsing info during refresh. "On-the-fly" syntax checking information may be incorrect. [C:\Users\Facun\Desktop\TD1_TPS_Locales\Exercise_Guide_Chapter_7\guia_7\guia_7.srcs\sources_1\new\Cascade_And_N_Inputs__Cascade_Or_M_Inputs.vhd:]
WARNING: [filemgmt 56-199] Attempt to get parsing info during refresh. "On-the-fly" syntax checking information may be incorrect. [C:\Users\Facun\Desktop\TD1_TPS_Locales\Exercise_Guide_Chapter_7\guia_7\guia_7.srcs\sources_1\new\paridadGen.vhd:]
WARNING: [filemgmt 56-199] Attempt to get parsing info during refresh. "On-the-fly" syntax checking information may be incorrect. [C:\Users\Facun\Desktop\TD1_TPS_Locales\Exercise_Guide_Chapter_7\guia_7\guia_7.srcs\sources_1\new\Cascade_And_N_Inputs__Cascade_Or_M_Inputs.vhd:]
WARNING: [filemgmt 56-199] Attempt to get parsing info during refresh. "On-the-fly" syntax checking information may be incorrect. [C:\Users\Facun\Desktop\TD1_TPS_Locales\Exercise_Guide_Chapter_7\guia_7\guia_7.srcs\sources_1\new\paridad.vhd:]
WARNING: [filemgmt 56-199] Attempt to get parsing info during refresh. "On-the-fly" syntax checking information may be incorrect. [C:\Users\Facun\Desktop\TD1_TPS_Locales\Exercise_Guide_Chapter_7\guia_7\guia_7.srcs\sources_1\new\paridadGen.vhd:]
WARNING: [filemgmt 56-199] Attempt to get parsing info during refresh. "On-the-fly" syntax checking information may be incorrect. [C:\Users\Facun\Desktop\TD1_TPS_Locales\Exercise_Guide_Chapter_7\guia_7\guia_7.srcs\sources_1\new\paridadGen.vhd:]
WARNING: [filemgmt 56-199] Attempt to get parsing info during refresh. "On-the-fly" syntax checking information may be incorrect. [C:\Users\Facun\Desktop\TD1_TPS_Locales\Exercise_Guide_Chapter_7\guia_7\guia_7.srcs\sources_1\new\paridadGen.vhd:]
WARNING: [filemgmt 56-199] Attempt to get parsing info during refresh. "On-the-fly" syntax checking information may be incorrect. [C:\Users\Facun\Desktop\TD1_TPS_Locales\Exercise_Guide_Chapter_7\guia_7\guia_7.srcs\sources_1\new\Cascade_And_N_Inputs__Cascade_Or_M_Inputs.vhd:]
WARNING: [filemgmt 56-199] Attempt to get parsing info during refresh. "On-the-fly" syntax checking information may be incorrect. [C:\Users\Facun\Desktop\TD1_TPS_Locales\Exercise_Guide_Chapter_7\guia_7\guia_7.srcs\sources_1\new\paridad.vhd:]
WARNING: [filemgmt 56-199] Attempt to get parsing info during refresh. "On-the-fly" syntax checking information may be incorrect. [C:\Users\Facun\Desktop\TD1_TPS_Locales\Exercise_Guide_Chapter_7\guia_7\guia_7.srcs\sources_1\new\Cascade_And_N_Inputs__Cascade_Or_M_Inputs.vhd:]
WARNING: [filemgmt 56-199] Attempt to get parsing info during refresh. "On-the-fly" syntax checking information may be incorrect. [C:\Users\Facun\Desktop\TD1_TPS_Locales\Exercise_Guide_Chapter_7\guia_7\guia_7.srcs\sources_1\new\Cascade_And_N_Inputs__Cascade_Or_M_Inputs.vhd:]
WARNING: [filemgmt 56-199] Attempt to get parsing info during refresh. "On-the-fly" syntax checking information may be incorrect. [C:\Users\Facun\Desktop\TD1_TPS_Locales\Exercise_Guide_Chapter_7\guia_7\guia_7.srcs\sources_1\new\paridadGen.vhd:]
WARNING: [filemgmt 56-199] Attempt to get parsing info during refresh. "On-the-fly" syntax checking information may be incorrect. [C:\Users\Facun\Desktop\TD1_TPS_Locales\Exercise_Guide_Chapter_7\guia_7\guia_7.srcs\sources_1\new\Cascade_And_N_Inputs__Cascade_Or_M_Inputs.vhd:]
WARNING: [filemgmt 56-199] Attempt to get parsing info during refresh. "On-the-fly" syntax checking information may be incorrect. [C:\Users\Facun\Desktop\TD1_TPS_Locales\Exercise_Guide_Chapter_7\guia_7\guia_7.srcs\sources_1\new\paridad.vhd:]
WARNING: [filemgmt 56-199] Attempt to get parsing info during refresh. "On-the-fly" syntax checking information may be incorrect. [C:\Users\Facun\Desktop\TD1_TPS_Locales\Exercise_Guide_Chapter_7\guia_7\guia_7.srcs\sources_1\new\paridadGen.vhd:]
WARNING: [filemgmt 56-199] Attempt to get parsing info during refresh. "On-the-fly" syntax checking information may be incorrect. [C:\Users\Facun\Desktop\TD1_TPS_Locales\Exercise_Guide_Chapter_7\guia_7\guia_7.srcs\sources_1\new\paridadGen.vhd:]
WARNING: [filemgmt 56-199] Attempt to get parsing info during refresh. "On-the-fly" syntax checking information may be incorrect. [C:\Users\Facun\Desktop\TD1_TPS_Locales\Exercise_Guide_Chapter_7\guia_7\guia_7.srcs\sources_1\new\paridadGen.vhd:]
WARNING: [filemgmt 56-199] Attempt to get parsing info during refresh. "On-the-fly" syntax checking information may be incorrect. [C:\Users\Facun\Desktop\TD1_TPS_Locales\Exercise_Guide_Chapter_7\guia_7\guia_7.srcs\sources_1\new\Cascade_And_N_Inputs__Cascade_Or_M_Inputs.vhd:]
WARNING: [filemgmt 56-199] Attempt to get parsing info during refresh. "On-the-fly" syntax checking information may be incorrect. [C:\Users\Facun\Desktop\TD1_TPS_Locales\Exercise_Guide_Chapter_7\guia_7\guia_7.srcs\sources_1\new\paridad.vhd:]
WARNING: [filemgmt 56-199] Attempt to get parsing info during refresh. "On-the-fly" syntax checking information may be incorrect. [C:\Users\Facun\Desktop\TD1_TPS_Locales\Exercise_Guide_Chapter_7\guia_7\guia_7.srcs\sources_1\new\paridadGen.vhd:]
WARNING: [filemgmt 56-199] Attempt to get parsing info during refresh. "On-the-fly" syntax checking information may be incorrect. [C:\Users\Facun\Desktop\TD1_TPS_Locales\Exercise_Guide_Chapter_7\guia_7\guia_7.srcs\sources_1\new\paridadGen.vhd:]
WARNING: [filemgmt 56-199] Attempt to get parsing info during refresh. "On-the-fly" syntax checking information may be incorrect. [C:\Users\Facun\Desktop\TD1_TPS_Locales\Exercise_Guide_Chapter_7\guia_7\guia_7.srcs\sources_1\new\paridadGen.vhd:]
WARNING: [filemgmt 56-199] Attempt to get parsing info during refresh. "On-the-fly" syntax checking information may be incorrect. [C:\Users\Facun\Desktop\TD1_TPS_Locales\Exercise_Guide_Chapter_7\guia_7\guia_7.srcs\sources_1\new\Cascade_And_N_Inputs__Cascade_Or_M_Inputs.vhd:]
WARNING: [filemgmt 56-199] Attempt to get parsing info during refresh. "On-the-fly" syntax checking information may be incorrect. [C:\Users\Facun\Desktop\TD1_TPS_Locales\Exercise_Guide_Chapter_7\guia_7\guia_7.srcs\sources_1\new\paridad.vhd:]
WARNING: [filemgmt 56-199] Attempt to get parsing info during refresh. "On-the-fly" syntax checking information may be incorrect. [C:\Users\Facun\Desktop\TD1_TPS_Locales\Exercise_Guide_Chapter_7\guia_7\guia_7.srcs\sources_1\new\paridad.vhd:]
WARNING: [filemgmt 56-199] Attempt to get parsing info during refresh. "On-the-fly" syntax checking information may be incorrect. [C:\Users\Facun\Desktop\TD1_TPS_Locales\Exercise_Guide_Chapter_7\guia_7\guia_7.srcs\sources_1\new\paridad.vhd:]
WARNING: [filemgmt 56-199] Attempt to get parsing info during refresh. "On-the-fly" syntax checking information may be incorrect. [C:\Users\Facun\Desktop\TD1_TPS_Locales\Exercise_Guide_Chapter_7\guia_7\guia_7.srcs\sources_1\new\paridadGen.vhd:]
WARNING: [filemgmt 56-199] Attempt to get parsing info during refresh. "On-the-fly" syntax checking information may be incorrect. [C:\Users\Facun\Desktop\TD1_TPS_Locales\Exercise_Guide_Chapter_7\guia_7\guia_7.srcs\sources_1\new\Cascade_And_N_Inputs__Cascade_Or_M_Inputs.vhd:]
WARNING: [filemgmt 56-199] Attempt to get parsing info during refresh. "On-the-fly" syntax checking information may be incorrect. [C:\Users\Facun\Desktop\TD1_TPS_Locales\Exercise_Guide_Chapter_7\guia_7\guia_7.srcs\sources_1\new\paridad.vhd:]
WARNING: [filemgmt 56-199] Attempt to get parsing info during refresh. "On-the-fly" syntax checking information may be incorrect. [C:\Users\Facun\Desktop\TD1_TPS_Locales\Exercise_Guide_Chapter_7\guia_7\guia_7.srcs\sources_1\new\paridadGen.vhd:]
WARNING: [filemgmt 56-199] Attempt to get parsing info during refresh. "On-the-fly" syntax checking information may be incorrect. [C:\Users\Facun\Desktop\TD1_TPS_Locales\Exercise_Guide_Chapter_7\guia_7\guia_7.srcs\sources_1\new\paridadGen.vhd:]
WARNING: [filemgmt 56-199] Attempt to get parsing info during refresh. "On-the-fly" syntax checking information may be incorrect. [C:\Users\Facun\Desktop\TD1_TPS_Locales\Exercise_Guide_Chapter_7\guia_7\guia_7.srcs\sources_1\new\paridadGen.vhd:]
WARNING: [filemgmt 56-199] Attempt to get parsing info during refresh. "On-the-fly" syntax checking information may be incorrect. [C:\Users\Facun\Desktop\TD1_TPS_Locales\Exercise_Guide_Chapter_7\guia_7\guia_7.srcs\sources_1\new\Cascade_And_N_Inputs__Cascade_Or_M_Inputs.vhd:]
WARNING: [filemgmt 56-199] Attempt to get parsing info during refresh. "On-the-fly" syntax checking information may be incorrect. [C:\Users\Facun\Desktop\TD1_TPS_Locales\Exercise_Guide_Chapter_7\guia_7\guia_7.srcs\sources_1\new\paridad.vhd:]
WARNING: [filemgmt 56-199] Attempt to get parsing info during refresh. "On-the-fly" syntax checking information may be incorrect. [C:\Users\Facun\Desktop\TD1_TPS_Locales\Exercise_Guide_Chapter_7\guia_7\guia_7.srcs\sources_1\new\Cascade_And_N_Inputs__Cascade_Or_M_Inputs.vhd:]
WARNING: [filemgmt 56-199] Attempt to get parsing info during refresh. "On-the-fly" syntax checking information may be incorrect. [C:\Users\Facun\Desktop\TD1_TPS_Locales\Exercise_Guide_Chapter_7\guia_7\guia_7.srcs\sources_1\new\Cascade_And_N_Inputs__Cascade_Or_M_Inputs.vhd:]
WARNING: [filemgmt 56-199] Attempt to get parsing info during refresh. "On-the-fly" syntax checking information may be incorrect. [C:\Users\Facun\Desktop\TD1_TPS_Locales\Exercise_Guide_Chapter_7\guia_7\guia_7.srcs\sources_1\new\paridadGen.vhd:]
WARNING: [filemgmt 56-199] Attempt to get parsing info during refresh. "On-the-fly" syntax checking information may be incorrect. [C:\Users\Facun\Desktop\TD1_TPS_Locales\Exercise_Guide_Chapter_7\guia_7\guia_7.srcs\sources_1\new\Cascade_And_N_Inputs__Cascade_Or_M_Inputs.vhd:]
WARNING: [filemgmt 56-199] Attempt to get parsing info during refresh. "On-the-fly" syntax checking information may be incorrect. [C:\Users\Facun\Desktop\TD1_TPS_Locales\Exercise_Guide_Chapter_7\guia_7\guia_7.srcs\sources_1\new\paridad.vhd:]
WARNING: [filemgmt 56-199] Attempt to get parsing info during refresh. "On-the-fly" syntax checking information may be incorrect. [C:\Users\Facun\Desktop\TD1_TPS_Locales\Exercise_Guide_Chapter_7\guia_7\guia_7.srcs\sources_1\new\paridadGen.vhd:]
WARNING: [filemgmt 56-199] Attempt to get parsing info during refresh. "On-the-fly" syntax checking information may be incorrect. [C:\Users\Facun\Desktop\TD1_TPS_Locales\Exercise_Guide_Chapter_7\guia_7\guia_7.srcs\sources_1\new\paridadGen.vhd:]
close [ open C:/Users/Facun/Desktop/TD1_TPS_Locales/Exercise_Guide_Chapter_7/guia_7/guia_7.srcs/sources_1/new/grayBinario.vhd w ]
add_files C:/Users/Facun/Desktop/TD1_TPS_Locales/Exercise_Guide_Chapter_7/guia_7/guia_7.srcs/sources_1/new/grayBinario.vhd
WARNING: [filemgmt 56-199] Attempt to get parsing info during refresh. "On-the-fly" syntax checking information may be incorrect. [C:\Users\Facun\Desktop\TD1_TPS_Locales\Exercise_Guide_Chapter_7\guia_7\guia_7.srcs\sources_1\new\paridadGen.vhd:]
WARNING: [filemgmt 56-199] Attempt to get parsing info during refresh. "On-the-fly" syntax checking information may be incorrect. [C:\Users\Facun\Desktop\TD1_TPS_Locales\Exercise_Guide_Chapter_7\guia_7\guia_7.srcs\sources_1\new\Cascade_And_N_Inputs__Cascade_Or_M_Inputs.vhd:]
WARNING: [filemgmt 56-199] Attempt to get parsing info during refresh. "On-the-fly" syntax checking information may be incorrect. [C:\Users\Facun\Desktop\TD1_TPS_Locales\Exercise_Guide_Chapter_7\guia_7\guia_7.srcs\sources_1\new\paridad.vhd:]
WARNING: [filemgmt 56-199] Attempt to get parsing info during refresh. "On-the-fly" syntax checking information may be incorrect. [C:\Users\Facun\Desktop\TD1_TPS_Locales\Exercise_Guide_Chapter_7\guia_7\guia_7.srcs\sources_1\new\paridad.vhd:]
WARNING: [filemgmt 56-199] Attempt to get parsing info during refresh. "On-the-fly" syntax checking information may be incorrect. [C:\Users\Facun\Desktop\TD1_TPS_Locales\Exercise_Guide_Chapter_7\guia_7\guia_7.srcs\sources_1\new\paridad.vhd:]
WARNING: [filemgmt 56-199] Attempt to get parsing info during refresh. "On-the-fly" syntax checking information may be incorrect. [C:\Users\Facun\Desktop\TD1_TPS_Locales\Exercise_Guide_Chapter_7\guia_7\guia_7.srcs\sources_1\new\paridadGen.vhd:]
WARNING: [filemgmt 56-199] Attempt to get parsing info during refresh. "On-the-fly" syntax checking information may be incorrect. [C:\Users\Facun\Desktop\TD1_TPS_Locales\Exercise_Guide_Chapter_7\guia_7\guia_7.srcs\sources_1\new\Cascade_And_N_Inputs__Cascade_Or_M_Inputs.vhd:]
WARNING: [filemgmt 56-199] Attempt to get parsing info during refresh. "On-the-fly" syntax checking information may be incorrect. [C:\Users\Facun\Desktop\TD1_TPS_Locales\Exercise_Guide_Chapter_7\guia_7\guia_7.srcs\sources_1\new\paridad.vhd:]
WARNING: [filemgmt 56-199] Attempt to get parsing info during refresh. "On-the-fly" syntax checking information may be incorrect. [C:\Users\Facun\Desktop\TD1_TPS_Locales\Exercise_Guide_Chapter_7\guia_7\guia_7.srcs\sources_1\new\paridadGen.vhd:]
WARNING: [filemgmt 56-199] Attempt to get parsing info during refresh. "On-the-fly" syntax checking information may be incorrect. [C:\Users\Facun\Desktop\TD1_TPS_Locales\Exercise_Guide_Chapter_7\guia_7\guia_7.srcs\sources_1\new\paridadGen.vhd:]
WARNING: [filemgmt 56-199] Attempt to get parsing info during refresh. "On-the-fly" syntax checking information may be incorrect. [C:\Users\Facun\Desktop\TD1_TPS_Locales\Exercise_Guide_Chapter_7\guia_7\guia_7.srcs\sources_1\new\paridadGen.vhd:]
WARNING: [filemgmt 56-199] Attempt to get parsing info during refresh. "On-the-fly" syntax checking information may be incorrect. [C:\Users\Facun\Desktop\TD1_TPS_Locales\Exercise_Guide_Chapter_7\guia_7\guia_7.srcs\sources_1\new\Cascade_And_N_Inputs__Cascade_Or_M_Inputs.vhd:]
WARNING: [filemgmt 56-199] Attempt to get parsing info during refresh. "On-the-fly" syntax checking information may be incorrect. [C:\Users\Facun\Desktop\TD1_TPS_Locales\Exercise_Guide_Chapter_7\guia_7\guia_7.srcs\sources_1\new\paridad.vhd:]
WARNING: [filemgmt 56-199] Attempt to get parsing info during refresh. "On-the-fly" syntax checking information may be incorrect. [C:\Users\Facun\Desktop\TD1_TPS_Locales\Exercise_Guide_Chapter_7\guia_7\guia_7.srcs\sources_1\new\paridadGen.vhd:]
WARNING: [filemgmt 56-199] Attempt to get parsing info during refresh. "On-the-fly" syntax checking information may be incorrect. [C:\Users\Facun\Desktop\TD1_TPS_Locales\Exercise_Guide_Chapter_7\guia_7\guia_7.srcs\sources_1\new\paridadGen.vhd:]
update_compile_order -fileset sources_1
WARNING: [filemgmt 56-199] Attempt to get parsing info during refresh. "On-the-fly" syntax checking information may be incorrect. [C:\Users\Facun\Desktop\TD1_TPS_Locales\Exercise_Guide_Chapter_7\guia_7\guia_7.srcs\sources_1\new\paridadGen.vhd:]
WARNING: [filemgmt 56-199] Attempt to get parsing info during refresh. "On-the-fly" syntax checking information may be incorrect. [C:\Users\Facun\Desktop\TD1_TPS_Locales\Exercise_Guide_Chapter_7\guia_7\guia_7.srcs\sources_1\new\Cascade_And_N_Inputs__Cascade_Or_M_Inputs.vhd:]
WARNING: [filemgmt 56-199] Attempt to get parsing info during refresh. "On-the-fly" syntax checking information may be incorrect. [C:\Users\Facun\Desktop\TD1_TPS_Locales\Exercise_Guide_Chapter_7\guia_7\guia_7.srcs\sources_1\new\paridad.vhd:]
WARNING: [filemgmt 56-199] Attempt to get parsing info during refresh. "On-the-fly" syntax checking information may be incorrect. [C:\Users\Facun\Desktop\TD1_TPS_Locales\Exercise_Guide_Chapter_7\guia_7\guia_7.srcs\sources_1\new\paridadGen.vhd:]
WARNING: [filemgmt 56-199] Attempt to get parsing info during refresh. "On-the-fly" syntax checking information may be incorrect. [C:\Users\Facun\Desktop\TD1_TPS_Locales\Exercise_Guide_Chapter_7\guia_7\guia_7.srcs\sources_1\new\paridadGen.vhd:]
WARNING: [filemgmt 56-199] Attempt to get parsing info during refresh. "On-the-fly" syntax checking information may be incorrect. [C:\Users\Facun\Desktop\TD1_TPS_Locales\Exercise_Guide_Chapter_7\guia_7\guia_7.srcs\sources_1\new\paridadGen.vhd:]
WARNING: [filemgmt 56-199] Attempt to get parsing info during refresh. "On-the-fly" syntax checking information may be incorrect. [C:\Users\Facun\Desktop\TD1_TPS_Locales\Exercise_Guide_Chapter_7\guia_7\guia_7.srcs\sources_1\new\Cascade_And_N_Inputs__Cascade_Or_M_Inputs.vhd:]
WARNING: [filemgmt 56-199] Attempt to get parsing info during refresh. "On-the-fly" syntax checking information may be incorrect. [C:\Users\Facun\Desktop\TD1_TPS_Locales\Exercise_Guide_Chapter_7\guia_7\guia_7.srcs\sources_1\new\paridad.vhd:]
WARNING: [filemgmt 56-199] Attempt to get parsing info during refresh. "On-the-fly" syntax checking information may be incorrect. [C:\Users\Facun\Desktop\TD1_TPS_Locales\Exercise_Guide_Chapter_7\guia_7\guia_7.srcs\sources_1\new\paridad.vhd:]
WARNING: [filemgmt 56-199] Attempt to get parsing info during refresh. "On-the-fly" syntax checking information may be incorrect. [C:\Users\Facun\Desktop\TD1_TPS_Locales\Exercise_Guide_Chapter_7\guia_7\guia_7.srcs\sources_1\new\paridad.vhd:]
WARNING: [filemgmt 56-199] Attempt to get parsing info during refresh. "On-the-fly" syntax checking information may be incorrect. [C:\Users\Facun\Desktop\TD1_TPS_Locales\Exercise_Guide_Chapter_7\guia_7\guia_7.srcs\sources_1\new\grayBinario.vhd:]
WARNING: [filemgmt 56-199] Attempt to get parsing info during refresh. "On-the-fly" syntax checking information may be incorrect. [C:\Users\Facun\Desktop\TD1_TPS_Locales\Exercise_Guide_Chapter_7\guia_7\guia_7.srcs\sources_1\new\paridadGen.vhd:]
WARNING: [filemgmt 56-199] Attempt to get parsing info during refresh. "On-the-fly" syntax checking information may be incorrect. [C:\Users\Facun\Desktop\TD1_TPS_Locales\Exercise_Guide_Chapter_7\guia_7\guia_7.srcs\sources_1\new\Cascade_And_N_Inputs__Cascade_Or_M_Inputs.vhd:]
WARNING: [filemgmt 56-199] Attempt to get parsing info during refresh. "On-the-fly" syntax checking information may be incorrect. [C:\Users\Facun\Desktop\TD1_TPS_Locales\Exercise_Guide_Chapter_7\guia_7\guia_7.srcs\sources_1\new\paridad.vhd:]
WARNING: [filemgmt 56-199] Attempt to get parsing info during refresh. "On-the-fly" syntax checking information may be incorrect. [C:\Users\Facun\Desktop\TD1_TPS_Locales\Exercise_Guide_Chapter_7\guia_7\guia_7.srcs\sources_1\new\paridadGen.vhd:]
WARNING: [filemgmt 56-199] Attempt to get parsing info during refresh. "On-the-fly" syntax checking information may be incorrect. [C:\Users\Facun\Desktop\TD1_TPS_Locales\Exercise_Guide_Chapter_7\guia_7\guia_7.srcs\sources_1\new\paridadGen.vhd:]
WARNING: [filemgmt 56-199] Attempt to get parsing info during refresh. "On-the-fly" syntax checking information may be incorrect. [C:\Users\Facun\Desktop\TD1_TPS_Locales\Exercise_Guide_Chapter_7\guia_7\guia_7.srcs\sources_1\new\grayBinario.vhd:]
WARNING: [filemgmt 56-199] Attempt to get parsing info during refresh. "On-the-fly" syntax checking information may be incorrect. [C:\Users\Facun\Desktop\TD1_TPS_Locales\Exercise_Guide_Chapter_7\guia_7\guia_7.srcs\sources_1\new\paridadGen.vhd:]
WARNING: [filemgmt 56-199] Attempt to get parsing info during refresh. "On-the-fly" syntax checking information may be incorrect. [C:\Users\Facun\Desktop\TD1_TPS_Locales\Exercise_Guide_Chapter_7\guia_7\guia_7.srcs\sources_1\new\Cascade_And_N_Inputs__Cascade_Or_M_Inputs.vhd:]
WARNING: [filemgmt 56-199] Attempt to get parsing info during refresh. "On-the-fly" syntax checking information may be incorrect. [C:\Users\Facun\Desktop\TD1_TPS_Locales\Exercise_Guide_Chapter_7\guia_7\guia_7.srcs\sources_1\new\paridad.vhd:]
WARNING: [filemgmt 56-199] Attempt to get parsing info during refresh. "On-the-fly" syntax checking information may be incorrect. [C:\Users\Facun\Desktop\TD1_TPS_Locales\Exercise_Guide_Chapter_7\guia_7\guia_7.srcs\sources_1\new\grayBinario.vhd:]
WARNING: [filemgmt 56-199] Attempt to get parsing info during refresh. "On-the-fly" syntax checking information may be incorrect. [C:\Users\Facun\Desktop\TD1_TPS_Locales\Exercise_Guide_Chapter_7\guia_7\guia_7.srcs\sources_1\new\grayBinario.vhd:]
WARNING: [filemgmt 56-199] Attempt to get parsing info during refresh. "On-the-fly" syntax checking information may be incorrect. [C:\Users\Facun\Desktop\TD1_TPS_Locales\Exercise_Guide_Chapter_7\guia_7\guia_7.srcs\sources_1\new\grayBinario.vhd:]
WARNING: [filemgmt 56-199] Attempt to get parsing info during refresh. "On-the-fly" syntax checking information may be incorrect. [C:\Users\Facun\Desktop\TD1_TPS_Locales\Exercise_Guide_Chapter_7\guia_7\guia_7.srcs\sources_1\new\paridadGen.vhd:]
WARNING: [filemgmt 56-199] Attempt to get parsing info during refresh. "On-the-fly" syntax checking information may be incorrect. [C:\Users\Facun\Desktop\TD1_TPS_Locales\Exercise_Guide_Chapter_7\guia_7\guia_7.srcs\sources_1\new\Cascade_And_N_Inputs__Cascade_Or_M_Inputs.vhd:]
WARNING: [filemgmt 56-199] Attempt to get parsing info during refresh. "On-the-fly" syntax checking information may be incorrect. [C:\Users\Facun\Desktop\TD1_TPS_Locales\Exercise_Guide_Chapter_7\guia_7\guia_7.srcs\sources_1\new\paridad.vhd:]
WARNING: [filemgmt 56-199] Attempt to get parsing info during refresh. "On-the-fly" syntax checking information may be incorrect. [C:\Users\Facun\Desktop\TD1_TPS_Locales\Exercise_Guide_Chapter_7\guia_7\guia_7.srcs\sources_1\new\paridad.vhd:]
WARNING: [filemgmt 56-199] Attempt to get parsing info during refresh. "On-the-fly" syntax checking information may be incorrect. [C:\Users\Facun\Desktop\TD1_TPS_Locales\Exercise_Guide_Chapter_7\guia_7\guia_7.srcs\sources_1\new\paridad.vhd:]
WARNING: [filemgmt 56-199] Attempt to get parsing info during refresh. "On-the-fly" syntax checking information may be incorrect. [C:\Users\Facun\Desktop\TD1_TPS_Locales\Exercise_Guide_Chapter_7\guia_7\guia_7.srcs\sources_1\new\grayBinario.vhd:]
WARNING: [filemgmt 56-199] Attempt to get parsing info during refresh. "On-the-fly" syntax checking information may be incorrect. [C:\Users\Facun\Desktop\TD1_TPS_Locales\Exercise_Guide_Chapter_7\guia_7\guia_7.srcs\sources_1\new\paridadGen.vhd:]
WARNING: [filemgmt 56-199] Attempt to get parsing info during refresh. "On-the-fly" syntax checking information may be incorrect. [C:\Users\Facun\Desktop\TD1_TPS_Locales\Exercise_Guide_Chapter_7\guia_7\guia_7.srcs\sources_1\new\Cascade_And_N_Inputs__Cascade_Or_M_Inputs.vhd:]
WARNING: [filemgmt 56-199] Attempt to get parsing info during refresh. "On-the-fly" syntax checking information may be incorrect. [C:\Users\Facun\Desktop\TD1_TPS_Locales\Exercise_Guide_Chapter_7\guia_7\guia_7.srcs\sources_1\new\paridad.vhd:]
WARNING: [filemgmt 56-199] Attempt to get parsing info during refresh. "On-the-fly" syntax checking information may be incorrect. [C:\Users\Facun\Desktop\TD1_TPS_Locales\Exercise_Guide_Chapter_7\guia_7\guia_7.srcs\sources_1\new\Cascade_And_N_Inputs__Cascade_Or_M_Inputs.vhd:]
WARNING: [filemgmt 56-199] Attempt to get parsing info during refresh. "On-the-fly" syntax checking information may be incorrect. [C:\Users\Facun\Desktop\TD1_TPS_Locales\Exercise_Guide_Chapter_7\guia_7\guia_7.srcs\sources_1\new\Cascade_And_N_Inputs__Cascade_Or_M_Inputs.vhd:]
ERROR: [Common 17-180] Spawn failed: No error
WARNING: [filemgmt 56-199] Attempt to get parsing info during refresh. "On-the-fly" syntax checking information may be incorrect. [C:\Users\Facun\Desktop\TD1_TPS_Locales\Exercise_Guide_Chapter_7\guia_7\guia_7.srcs\sources_1\new\grayBinario.vhd:]
WARNING: [filemgmt 56-199] Attempt to get parsing info during refresh. "On-the-fly" syntax checking information may be incorrect. [C:\Users\Facun\Desktop\TD1_TPS_Locales\Exercise_Guide_Chapter_7\guia_7\guia_7.srcs\sources_1\new\paridadGen.vhd:]
WARNING: [filemgmt 56-199] Attempt to get parsing info during refresh. "On-the-fly" syntax checking information may be incorrect. [C:\Users\Facun\Desktop\TD1_TPS_Locales\Exercise_Guide_Chapter_7\guia_7\guia_7.srcs\sources_1\new\Cascade_And_N_Inputs__Cascade_Or_M_Inputs.vhd:]
WARNING: [filemgmt 56-199] Attempt to get parsing info during refresh. "On-the-fly" syntax checking information may be incorrect. [C:\Users\Facun\Desktop\TD1_TPS_Locales\Exercise_Guide_Chapter_7\guia_7\guia_7.srcs\sources_1\new\paridad.vhd:]
WARNING: [filemgmt 56-199] Attempt to get parsing info during refresh. "On-the-fly" syntax checking information may be incorrect. [C:\Users\Facun\Desktop\TD1_TPS_Locales\Exercise_Guide_Chapter_7\guia_7\guia_7.srcs\sources_1\new\paridadGen.vhd:]
WARNING: [filemgmt 56-199] Attempt to get parsing info during refresh. "On-the-fly" syntax checking information may be incorrect. [C:\Users\Facun\Desktop\TD1_TPS_Locales\Exercise_Guide_Chapter_7\guia_7\guia_7.srcs\sources_1\new\paridadGen.vhd:]
WARNING: [filemgmt 56-199] Attempt to get parsing info during refresh. "On-the-fly" syntax checking information may be incorrect. [C:\Users\Facun\Desktop\TD1_TPS_Locales\Exercise_Guide_Chapter_7\guia_7\guia_7.srcs\sources_1\new\grayBinario.vhd:]
WARNING: [filemgmt 56-199] Attempt to get parsing info during refresh. "On-the-fly" syntax checking information may be incorrect. [C:\Users\Facun\Desktop\TD1_TPS_Locales\Exercise_Guide_Chapter_7\guia_7\guia_7.srcs\sources_1\new\paridadGen.vhd:]
WARNING: [filemgmt 56-199] Attempt to get parsing info during refresh. "On-the-fly" syntax checking information may be incorrect. [C:\Users\Facun\Desktop\TD1_TPS_Locales\Exercise_Guide_Chapter_7\guia_7\guia_7.srcs\sources_1\new\Cascade_And_N_Inputs__Cascade_Or_M_Inputs.vhd:]
WARNING: [filemgmt 56-199] Attempt to get parsing info during refresh. "On-the-fly" syntax checking information may be incorrect. [C:\Users\Facun\Desktop\TD1_TPS_Locales\Exercise_Guide_Chapter_7\guia_7\guia_7.srcs\sources_1\new\paridad.vhd:]
WARNING: [filemgmt 56-199] Attempt to get parsing info during refresh. "On-the-fly" syntax checking information may be incorrect. [C:\Users\Facun\Desktop\TD1_TPS_Locales\Exercise_Guide_Chapter_7\guia_7\guia_7.srcs\sources_1\new\grayBinario.vhd:]
WARNING: [filemgmt 56-199] Attempt to get parsing info during refresh. "On-the-fly" syntax checking information may be incorrect. [C:\Users\Facun\Desktop\TD1_TPS_Locales\Exercise_Guide_Chapter_7\guia_7\guia_7.srcs\sources_1\new\grayBinario.vhd:]
ERROR: [Common 17-180] Spawn failed: No error
ERROR: [Common 17-180] Spawn failed: No error
WARNING: [filemgmt 56-199] Attempt to get parsing info during refresh. "On-the-fly" syntax checking information may be incorrect. [C:\Users\Facun\Desktop\TD1_TPS_Locales\Exercise_Guide_Chapter_7\guia_7\guia_7.srcs\sources_1\new\grayBinario.vhd:]
WARNING: [filemgmt 56-199] Attempt to get parsing info during refresh. "On-the-fly" syntax checking information may be incorrect. [C:\Users\Facun\Desktop\TD1_TPS_Locales\Exercise_Guide_Chapter_7\guia_7\guia_7.srcs\sources_1\new\grayBinario.vhd:]
WARNING: [filemgmt 56-199] Attempt to get parsing info during refresh. "On-the-fly" syntax checking information may be incorrect. [C:\Users\Facun\Desktop\TD1_TPS_Locales\Exercise_Guide_Chapter_7\guia_7\guia_7.srcs\sources_1\new\paridadGen.vhd:]
WARNING: [filemgmt 56-199] Attempt to get parsing info during refresh. "On-the-fly" syntax checking information may be incorrect. [C:\Users\Facun\Desktop\TD1_TPS_Locales\Exercise_Guide_Chapter_7\guia_7\guia_7.srcs\sources_1\new\Cascade_And_N_Inputs__Cascade_Or_M_Inputs.vhd:]
WARNING: [filemgmt 56-199] Attempt to get parsing info during refresh. "On-the-fly" syntax checking information may be incorrect. [C:\Users\Facun\Desktop\TD1_TPS_Locales\Exercise_Guide_Chapter_7\guia_7\guia_7.srcs\sources_1\new\paridad.vhd:]
WARNING: [filemgmt 56-199] Attempt to get parsing info during refresh. "On-the-fly" syntax checking information may be incorrect. [C:\Users\Facun\Desktop\TD1_TPS_Locales\Exercise_Guide_Chapter_7\guia_7\guia_7.srcs\sources_1\new\paridadGen.vhd:]
WARNING: [filemgmt 56-199] Attempt to get parsing info during refresh. "On-the-fly" syntax checking information may be incorrect. [C:\Users\Facun\Desktop\TD1_TPS_Locales\Exercise_Guide_Chapter_7\guia_7\guia_7.srcs\sources_1\new\paridadGen.vhd:]
WARNING: [filemgmt 56-199] Attempt to get parsing info during refresh. "On-the-fly" syntax checking information may be incorrect. [C:\Users\Facun\Desktop\TD1_TPS_Locales\Exercise_Guide_Chapter_7\guia_7\guia_7.srcs\sources_1\new\grayBinario.vhd:]
WARNING: [filemgmt 56-199] Attempt to get parsing info during refresh. "On-the-fly" syntax checking information may be incorrect. [C:\Users\Facun\Desktop\TD1_TPS_Locales\Exercise_Guide_Chapter_7\guia_7\guia_7.srcs\sources_1\new\paridadGen.vhd:]
WARNING: [filemgmt 56-199] Attempt to get parsing info during refresh. "On-the-fly" syntax checking information may be incorrect. [C:\Users\Facun\Desktop\TD1_TPS_Locales\Exercise_Guide_Chapter_7\guia_7\guia_7.srcs\sources_1\new\Cascade_And_N_Inputs__Cascade_Or_M_Inputs.vhd:]
WARNING: [filemgmt 56-199] Attempt to get parsing info during refresh. "On-the-fly" syntax checking information may be incorrect. [C:\Users\Facun\Desktop\TD1_TPS_Locales\Exercise_Guide_Chapter_7\guia_7\guia_7.srcs\sources_1\new\paridad.vhd:]
WARNING: [filemgmt 56-199] Attempt to get parsing info during refresh. "On-the-fly" syntax checking information may be incorrect. [C:\Users\Facun\Desktop\TD1_TPS_Locales\Exercise_Guide_Chapter_7\guia_7\guia_7.srcs\sources_1\new\grayBinario.vhd:]
WARNING: [filemgmt 56-199] Attempt to get parsing info during refresh. "On-the-fly" syntax checking information may be incorrect. [C:\Users\Facun\Desktop\TD1_TPS_Locales\Exercise_Guide_Chapter_7\guia_7\guia_7.srcs\sources_1\new\grayBinario.vhd:]
ERROR: [Common 17-180] Spawn failed: No error
WARNING: [filemgmt 56-199] Attempt to get parsing info during refresh. "On-the-fly" syntax checking information may be incorrect. [C:\Users\Facun\Desktop\TD1_TPS_Locales\Exercise_Guide_Chapter_7\guia_7\guia_7.srcs\sources_1\new\grayBinario.vhd:]
WARNING: [filemgmt 56-199] Attempt to get parsing info during refresh. "On-the-fly" syntax checking information may be incorrect. [C:\Users\Facun\Desktop\TD1_TPS_Locales\Exercise_Guide_Chapter_7\guia_7\guia_7.srcs\sources_1\new\paridadGen.vhd:]
WARNING: [filemgmt 56-199] Attempt to get parsing info during refresh. "On-the-fly" syntax checking information may be incorrect. [C:\Users\Facun\Desktop\TD1_TPS_Locales\Exercise_Guide_Chapter_7\guia_7\guia_7.srcs\sources_1\new\Cascade_And_N_Inputs__Cascade_Or_M_Inputs.vhd:]
WARNING: [filemgmt 56-199] Attempt to get parsing info during refresh. "On-the-fly" syntax checking information may be incorrect. [C:\Users\Facun\Desktop\TD1_TPS_Locales\Exercise_Guide_Chapter_7\guia_7\guia_7.srcs\sources_1\new\paridad.vhd:]
WARNING: [filemgmt 56-199] Attempt to get parsing info during refresh. "On-the-fly" syntax checking information may be incorrect. [C:\Users\Facun\Desktop\TD1_TPS_Locales\Exercise_Guide_Chapter_7\guia_7\guia_7.srcs\sources_1\new\paridad.vhd:]
WARNING: [filemgmt 56-199] Attempt to get parsing info during refresh. "On-the-fly" syntax checking information may be incorrect. [C:\Users\Facun\Desktop\TD1_TPS_Locales\Exercise_Guide_Chapter_7\guia_7\guia_7.srcs\sources_1\new\paridad.vhd:]
ERROR: [Common 17-180] Spawn failed: No error
WARNING: [filemgmt 56-199] Attempt to get parsing info during refresh. "On-the-fly" syntax checking information may be incorrect. [C:\Users\Facun\Desktop\TD1_TPS_Locales\Exercise_Guide_Chapter_7\guia_7\guia_7.srcs\sources_1\new\grayBinario.vhd:]
WARNING: [filemgmt 56-199] Attempt to get parsing info during refresh. "On-the-fly" syntax checking information may be incorrect. [C:\Users\Facun\Desktop\TD1_TPS_Locales\Exercise_Guide_Chapter_7\guia_7\guia_7.srcs\sources_1\new\paridadGen.vhd:]
WARNING: [filemgmt 56-199] Attempt to get parsing info during refresh. "On-the-fly" syntax checking information may be incorrect. [C:\Users\Facun\Desktop\TD1_TPS_Locales\Exercise_Guide_Chapter_7\guia_7\guia_7.srcs\sources_1\new\Cascade_And_N_Inputs__Cascade_Or_M_Inputs.vhd:]
WARNING: [filemgmt 56-199] Attempt to get parsing info during refresh. "On-the-fly" syntax checking information may be incorrect. [C:\Users\Facun\Desktop\TD1_TPS_Locales\Exercise_Guide_Chapter_7\guia_7\guia_7.srcs\sources_1\new\paridad.vhd:]
WARNING: [filemgmt 56-199] Attempt to get parsing info during refresh. "On-the-fly" syntax checking information may be incorrect. [C:\Users\Facun\Desktop\TD1_TPS_Locales\Exercise_Guide_Chapter_7\guia_7\guia_7.srcs\sources_1\new\paridadGen.vhd:]
WARNING: [filemgmt 56-199] Attempt to get parsing info during refresh. "On-the-fly" syntax checking information may be incorrect. [C:\Users\Facun\Desktop\TD1_TPS_Locales\Exercise_Guide_Chapter_7\guia_7\guia_7.srcs\sources_1\new\paridadGen.vhd:]
WARNING: [filemgmt 56-199] Attempt to get parsing info during refresh. "On-the-fly" syntax checking information may be incorrect. [C:\Users\Facun\Desktop\TD1_TPS_Locales\Exercise_Guide_Chapter_7\guia_7\guia_7.srcs\sources_1\new\grayBinario.vhd:]
WARNING: [filemgmt 56-199] Attempt to get parsing info during refresh. "On-the-fly" syntax checking information may be incorrect. [C:\Users\Facun\Desktop\TD1_TPS_Locales\Exercise_Guide_Chapter_7\guia_7\guia_7.srcs\sources_1\new\paridadGen.vhd:]
WARNING: [filemgmt 56-199] Attempt to get parsing info during refresh. "On-the-fly" syntax checking information may be incorrect. [C:\Users\Facun\Desktop\TD1_TPS_Locales\Exercise_Guide_Chapter_7\guia_7\guia_7.srcs\sources_1\new\Cascade_And_N_Inputs__Cascade_Or_M_Inputs.vhd:]
WARNING: [filemgmt 56-199] Attempt to get parsing info during refresh. "On-the-fly" syntax checking information may be incorrect. [C:\Users\Facun\Desktop\TD1_TPS_Locales\Exercise_Guide_Chapter_7\guia_7\guia_7.srcs\sources_1\new\paridad.vhd:]
WARNING: [filemgmt 56-199] Attempt to get parsing info during refresh. "On-the-fly" syntax checking information may be incorrect. [C:\Users\Facun\Desktop\TD1_TPS_Locales\Exercise_Guide_Chapter_7\guia_7\guia_7.srcs\sources_1\new\grayBinario.vhd:]
WARNING: [filemgmt 56-199] Attempt to get parsing info during refresh. "On-the-fly" syntax checking information may be incorrect. [C:\Users\Facun\Desktop\TD1_TPS_Locales\Exercise_Guide_Chapter_7\guia_7\guia_7.srcs\sources_1\new\grayBinario.vhd:]
ERROR: [Common 17-180] Spawn failed: No error
WARNING: [filemgmt 56-199] Attempt to get parsing info during refresh. "On-the-fly" syntax checking information may be incorrect. [C:\Users\Facun\Desktop\TD1_TPS_Locales\Exercise_Guide_Chapter_7\guia_7\guia_7.srcs\sources_1\new\grayBinario.vhd:]
WARNING: [filemgmt 56-199] Attempt to get parsing info during refresh. "On-the-fly" syntax checking information may be incorrect. [C:\Users\Facun\Desktop\TD1_TPS_Locales\Exercise_Guide_Chapter_7\guia_7\guia_7.srcs\sources_1\new\paridadGen.vhd:]
WARNING: [filemgmt 56-199] Attempt to get parsing info during refresh. "On-the-fly" syntax checking information may be incorrect. [C:\Users\Facun\Desktop\TD1_TPS_Locales\Exercise_Guide_Chapter_7\guia_7\guia_7.srcs\sources_1\new\Cascade_And_N_Inputs__Cascade_Or_M_Inputs.vhd:]
WARNING: [filemgmt 56-199] Attempt to get parsing info during refresh. "On-the-fly" syntax checking information may be incorrect. [C:\Users\Facun\Desktop\TD1_TPS_Locales\Exercise_Guide_Chapter_7\guia_7\guia_7.srcs\sources_1\new\paridad.vhd:]
WARNING: [filemgmt 56-199] Attempt to get parsing info during refresh. "On-the-fly" syntax checking information may be incorrect. [C:\Users\Facun\Desktop\TD1_TPS_Locales\Exercise_Guide_Chapter_7\guia_7\guia_7.srcs\sources_1\new\Cascade_And_N_Inputs__Cascade_Or_M_Inputs.vhd:]
WARNING: [filemgmt 56-199] Attempt to get parsing info during refresh. "On-the-fly" syntax checking information may be incorrect. [C:\Users\Facun\Desktop\TD1_TPS_Locales\Exercise_Guide_Chapter_7\guia_7\guia_7.srcs\sources_1\new\Cascade_And_N_Inputs__Cascade_Or_M_Inputs.vhd:]
ERROR: [Common 17-180] Spawn failed: No error
WARNING: [filemgmt 56-199] Attempt to get parsing info during refresh. "On-the-fly" syntax checking information may be incorrect. [C:\Users\Facun\Desktop\TD1_TPS_Locales\Exercise_Guide_Chapter_7\guia_7\guia_7.srcs\sources_1\new\grayBinario.vhd:]
WARNING: [filemgmt 56-199] Attempt to get parsing info during refresh. "On-the-fly" syntax checking information may be incorrect. [C:\Users\Facun\Desktop\TD1_TPS_Locales\Exercise_Guide_Chapter_7\guia_7\guia_7.srcs\sources_1\new\paridadGen.vhd:]
WARNING: [filemgmt 56-199] Attempt to get parsing info during refresh. "On-the-fly" syntax checking information may be incorrect. [C:\Users\Facun\Desktop\TD1_TPS_Locales\Exercise_Guide_Chapter_7\guia_7\guia_7.srcs\sources_1\new\Cascade_And_N_Inputs__Cascade_Or_M_Inputs.vhd:]
WARNING: [filemgmt 56-199] Attempt to get parsing info during refresh. "On-the-fly" syntax checking information may be incorrect. [C:\Users\Facun\Desktop\TD1_TPS_Locales\Exercise_Guide_Chapter_7\guia_7\guia_7.srcs\sources_1\new\paridad.vhd:]
WARNING: [filemgmt 56-199] Attempt to get parsing info during refresh. "On-the-fly" syntax checking information may be incorrect. [C:\Users\Facun\Desktop\TD1_TPS_Locales\Exercise_Guide_Chapter_7\guia_7\guia_7.srcs\sources_1\new\grayBinario.vhd:]
WARNING: [filemgmt 56-199] Attempt to get parsing info during refresh. "On-the-fly" syntax checking information may be incorrect. [C:\Users\Facun\Desktop\TD1_TPS_Locales\Exercise_Guide_Chapter_7\guia_7\guia_7.srcs\sources_1\new\grayBinario.vhd:]
WARNING: [filemgmt 56-199] Attempt to get parsing info during refresh. "On-the-fly" syntax checking information may be incorrect. [C:\Users\Facun\Desktop\TD1_TPS_Locales\Exercise_Guide_Chapter_7\guia_7\guia_7.srcs\sources_1\new\grayBinario.vhd:]
WARNING: [filemgmt 56-199] Attempt to get parsing info during refresh. "On-the-fly" syntax checking information may be incorrect. [C:\Users\Facun\Desktop\TD1_TPS_Locales\Exercise_Guide_Chapter_7\guia_7\guia_7.srcs\sources_1\new\paridadGen.vhd:]
WARNING: [filemgmt 56-199] Attempt to get parsing info during refresh. "On-the-fly" syntax checking information may be incorrect. [C:\Users\Facun\Desktop\TD1_TPS_Locales\Exercise_Guide_Chapter_7\guia_7\guia_7.srcs\sources_1\new\Cascade_And_N_Inputs__Cascade_Or_M_Inputs.vhd:]
WARNING: [filemgmt 56-199] Attempt to get parsing info during refresh. "On-the-fly" syntax checking information may be incorrect. [C:\Users\Facun\Desktop\TD1_TPS_Locales\Exercise_Guide_Chapter_7\guia_7\guia_7.srcs\sources_1\new\paridad.vhd:]
WARNING: [filemgmt 56-199] Attempt to get parsing info during refresh. "On-the-fly" syntax checking information may be incorrect. [C:\Users\Facun\Desktop\TD1_TPS_Locales\Exercise_Guide_Chapter_7\guia_7\guia_7.srcs\sources_1\new\paridadGen.vhd:]
WARNING: [filemgmt 56-199] Attempt to get parsing info during refresh. "On-the-fly" syntax checking information may be incorrect. [C:\Users\Facun\Desktop\TD1_TPS_Locales\Exercise_Guide_Chapter_7\guia_7\guia_7.srcs\sources_1\new\paridadGen.vhd:]
ERROR: [Common 17-180] Spawn failed: No error
WARNING: [filemgmt 56-199] Attempt to get parsing info during refresh. "On-the-fly" syntax checking information may be incorrect. [C:\Users\Facun\Desktop\TD1_TPS_Locales\Exercise_Guide_Chapter_7\guia_7\guia_7.srcs\sources_1\new\grayBinario.vhd:]
WARNING: [filemgmt 56-199] Attempt to get parsing info during refresh. "On-the-fly" syntax checking information may be incorrect. [C:\Users\Facun\Desktop\TD1_TPS_Locales\Exercise_Guide_Chapter_7\guia_7\guia_7.srcs\sources_1\new\paridadGen.vhd:]
WARNING: [filemgmt 56-199] Attempt to get parsing info during refresh. "On-the-fly" syntax checking information may be incorrect. [C:\Users\Facun\Desktop\TD1_TPS_Locales\Exercise_Guide_Chapter_7\guia_7\guia_7.srcs\sources_1\new\Cascade_And_N_Inputs__Cascade_Or_M_Inputs.vhd:]
WARNING: [filemgmt 56-199] Attempt to get parsing info during refresh. "On-the-fly" syntax checking information may be incorrect. [C:\Users\Facun\Desktop\TD1_TPS_Locales\Exercise_Guide_Chapter_7\guia_7\guia_7.srcs\sources_1\new\paridad.vhd:]
WARNING: [filemgmt 56-199] Attempt to get parsing info during refresh. "On-the-fly" syntax checking information may be incorrect. [C:\Users\Facun\Desktop\TD1_TPS_Locales\Exercise_Guide_Chapter_7\guia_7\guia_7.srcs\sources_1\new\Cascade_And_N_Inputs__Cascade_Or_M_Inputs.vhd:]
WARNING: [filemgmt 56-199] Attempt to get parsing info during refresh. "On-the-fly" syntax checking information may be incorrect. [C:\Users\Facun\Desktop\TD1_TPS_Locales\Exercise_Guide_Chapter_7\guia_7\guia_7.srcs\sources_1\new\Cascade_And_N_Inputs__Cascade_Or_M_Inputs.vhd:]
ERROR: [Common 17-180] Spawn failed: No error
WARNING: [filemgmt 56-199] Attempt to get parsing info during refresh. "On-the-fly" syntax checking information may be incorrect. [C:\Users\Facun\Desktop\TD1_TPS_Locales\Exercise_Guide_Chapter_7\guia_7\guia_7.srcs\sources_1\new\grayBinario.vhd:]
WARNING: [filemgmt 56-199] Attempt to get parsing info during refresh. "On-the-fly" syntax checking information may be incorrect. [C:\Users\Facun\Desktop\TD1_TPS_Locales\Exercise_Guide_Chapter_7\guia_7\guia_7.srcs\sources_1\new\paridadGen.vhd:]
WARNING: [filemgmt 56-199] Attempt to get parsing info during refresh. "On-the-fly" syntax checking information may be incorrect. [C:\Users\Facun\Desktop\TD1_TPS_Locales\Exercise_Guide_Chapter_7\guia_7\guia_7.srcs\sources_1\new\Cascade_And_N_Inputs__Cascade_Or_M_Inputs.vhd:]
WARNING: [filemgmt 56-199] Attempt to get parsing info during refresh. "On-the-fly" syntax checking information may be incorrect. [C:\Users\Facun\Desktop\TD1_TPS_Locales\Exercise_Guide_Chapter_7\guia_7\guia_7.srcs\sources_1\new\paridad.vhd:]
WARNING: [filemgmt 56-199] Attempt to get parsing info during refresh. "On-the-fly" syntax checking information may be incorrect. [C:\Users\Facun\Desktop\TD1_TPS_Locales\Exercise_Guide_Chapter_7\guia_7\guia_7.srcs\sources_1\new\paridadGen.vhd:]
WARNING: [filemgmt 56-199] Attempt to get parsing info during refresh. "On-the-fly" syntax checking information may be incorrect. [C:\Users\Facun\Desktop\TD1_TPS_Locales\Exercise_Guide_Chapter_7\guia_7\guia_7.srcs\sources_1\new\paridadGen.vhd:]
WARNING: [filemgmt 56-199] Attempt to get parsing info during refresh. "On-the-fly" syntax checking information may be incorrect. [C:\Users\Facun\Desktop\TD1_TPS_Locales\Exercise_Guide_Chapter_7\guia_7\guia_7.srcs\sources_1\new\grayBinario.vhd:]
WARNING: [filemgmt 56-199] Attempt to get parsing info during refresh. "On-the-fly" syntax checking information may be incorrect. [C:\Users\Facun\Desktop\TD1_TPS_Locales\Exercise_Guide_Chapter_7\guia_7\guia_7.srcs\sources_1\new\paridadGen.vhd:]
WARNING: [filemgmt 56-199] Attempt to get parsing info during refresh. "On-the-fly" syntax checking information may be incorrect. [C:\Users\Facun\Desktop\TD1_TPS_Locales\Exercise_Guide_Chapter_7\guia_7\guia_7.srcs\sources_1\new\Cascade_And_N_Inputs__Cascade_Or_M_Inputs.vhd:]
WARNING: [filemgmt 56-199] Attempt to get parsing info during refresh. "On-the-fly" syntax checking information may be incorrect. [C:\Users\Facun\Desktop\TD1_TPS_Locales\Exercise_Guide_Chapter_7\guia_7\guia_7.srcs\sources_1\new\paridad.vhd:]
WARNING: [filemgmt 56-199] Attempt to get parsing info during refresh. "On-the-fly" syntax checking information may be incorrect. [C:\Users\Facun\Desktop\TD1_TPS_Locales\Exercise_Guide_Chapter_7\guia_7\guia_7.srcs\sources_1\new\grayBinario.vhd:]
WARNING: [filemgmt 56-199] Attempt to get parsing info during refresh. "On-the-fly" syntax checking information may be incorrect. [C:\Users\Facun\Desktop\TD1_TPS_Locales\Exercise_Guide_Chapter_7\guia_7\guia_7.srcs\sources_1\new\grayBinario.vhd:]
ERROR: [Common 17-180] Spawn failed: No error
WARNING: [filemgmt 56-199] Attempt to get parsing info during refresh. "On-the-fly" syntax checking information may be incorrect. [C:\Users\Facun\Desktop\TD1_TPS_Locales\Exercise_Guide_Chapter_7\guia_7\guia_7.srcs\sources_1\new\grayBinario.vhd:]
WARNING: [filemgmt 56-199] Attempt to get parsing info during refresh. "On-the-fly" syntax checking information may be incorrect. [C:\Users\Facun\Desktop\TD1_TPS_Locales\Exercise_Guide_Chapter_7\guia_7\guia_7.srcs\sources_1\new\paridadGen.vhd:]
WARNING: [filemgmt 56-199] Attempt to get parsing info during refresh. "On-the-fly" syntax checking information may be incorrect. [C:\Users\Facun\Desktop\TD1_TPS_Locales\Exercise_Guide_Chapter_7\guia_7\guia_7.srcs\sources_1\new\Cascade_And_N_Inputs__Cascade_Or_M_Inputs.vhd:]
WARNING: [filemgmt 56-199] Attempt to get parsing info during refresh. "On-the-fly" syntax checking information may be incorrect. [C:\Users\Facun\Desktop\TD1_TPS_Locales\Exercise_Guide_Chapter_7\guia_7\guia_7.srcs\sources_1\new\paridad.vhd:]
WARNING: [filemgmt 56-199] Attempt to get parsing info during refresh. "On-the-fly" syntax checking information may be incorrect. [C:\Users\Facun\Desktop\TD1_TPS_Locales\Exercise_Guide_Chapter_7\guia_7\guia_7.srcs\sources_1\new\paridad.vhd:]
WARNING: [filemgmt 56-199] Attempt to get parsing info during refresh. "On-the-fly" syntax checking information may be incorrect. [C:\Users\Facun\Desktop\TD1_TPS_Locales\Exercise_Guide_Chapter_7\guia_7\guia_7.srcs\sources_1\new\paridad.vhd:]
ERROR: [Common 17-180] Spawn failed: No error
WARNING: [filemgmt 56-199] Attempt to get parsing info during refresh. "On-the-fly" syntax checking information may be incorrect. [C:\Users\Facun\Desktop\TD1_TPS_Locales\Exercise_Guide_Chapter_7\guia_7\guia_7.srcs\sources_1\new\grayBinario.vhd:]
WARNING: [filemgmt 56-199] Attempt to get parsing info during refresh. "On-the-fly" syntax checking information may be incorrect. [C:\Users\Facun\Desktop\TD1_TPS_Locales\Exercise_Guide_Chapter_7\guia_7\guia_7.srcs\sources_1\new\paridadGen.vhd:]
WARNING: [filemgmt 56-199] Attempt to get parsing info during refresh. "On-the-fly" syntax checking information may be incorrect. [C:\Users\Facun\Desktop\TD1_TPS_Locales\Exercise_Guide_Chapter_7\guia_7\guia_7.srcs\sources_1\new\Cascade_And_N_Inputs__Cascade_Or_M_Inputs.vhd:]
WARNING: [filemgmt 56-199] Attempt to get parsing info during refresh. "On-the-fly" syntax checking information may be incorrect. [C:\Users\Facun\Desktop\TD1_TPS_Locales\Exercise_Guide_Chapter_7\guia_7\guia_7.srcs\sources_1\new\paridad.vhd:]
WARNING: [filemgmt 56-199] Attempt to get parsing info during refresh. "On-the-fly" syntax checking information may be incorrect. [C:\Users\Facun\Desktop\TD1_TPS_Locales\Exercise_Guide_Chapter_7\guia_7\guia_7.srcs\sources_1\new\paridadGen.vhd:]
WARNING: [filemgmt 56-199] Attempt to get parsing info during refresh. "On-the-fly" syntax checking information may be incorrect. [C:\Users\Facun\Desktop\TD1_TPS_Locales\Exercise_Guide_Chapter_7\guia_7\guia_7.srcs\sources_1\new\paridadGen.vhd:]
WARNING: [filemgmt 56-199] Attempt to get parsing info during refresh. "On-the-fly" syntax checking information may be incorrect. [C:\Users\Facun\Desktop\TD1_TPS_Locales\Exercise_Guide_Chapter_7\guia_7\guia_7.srcs\sources_1\new\grayBinario.vhd:]
WARNING: [filemgmt 56-199] Attempt to get parsing info during refresh. "On-the-fly" syntax checking information may be incorrect. [C:\Users\Facun\Desktop\TD1_TPS_Locales\Exercise_Guide_Chapter_7\guia_7\guia_7.srcs\sources_1\new\paridadGen.vhd:]
WARNING: [filemgmt 56-199] Attempt to get parsing info during refresh. "On-the-fly" syntax checking information may be incorrect. [C:\Users\Facun\Desktop\TD1_TPS_Locales\Exercise_Guide_Chapter_7\guia_7\guia_7.srcs\sources_1\new\Cascade_And_N_Inputs__Cascade_Or_M_Inputs.vhd:]
WARNING: [filemgmt 56-199] Attempt to get parsing info during refresh. "On-the-fly" syntax checking information may be incorrect. [C:\Users\Facun\Desktop\TD1_TPS_Locales\Exercise_Guide_Chapter_7\guia_7\guia_7.srcs\sources_1\new\paridad.vhd:]
WARNING: [filemgmt 56-199] Attempt to get parsing info during refresh. "On-the-fly" syntax checking information may be incorrect. [C:\Users\Facun\Desktop\TD1_TPS_Locales\Exercise_Guide_Chapter_7\guia_7\guia_7.srcs\sources_1\new\paridad.vhd:]
WARNING: [filemgmt 56-199] Attempt to get parsing info during refresh. "On-the-fly" syntax checking information may be incorrect. [C:\Users\Facun\Desktop\TD1_TPS_Locales\Exercise_Guide_Chapter_7\guia_7\guia_7.srcs\sources_1\new\paridad.vhd:]
WARNING: [filemgmt 56-199] Attempt to get parsing info during refresh. "On-the-fly" syntax checking information may be incorrect. [C:\Users\Facun\Desktop\TD1_TPS_Locales\Exercise_Guide_Chapter_7\guia_7\guia_7.srcs\sources_1\new\grayBinario.vhd:]
WARNING: [filemgmt 56-199] Attempt to get parsing info during refresh. "On-the-fly" syntax checking information may be incorrect. [C:\Users\Facun\Desktop\TD1_TPS_Locales\Exercise_Guide_Chapter_7\guia_7\guia_7.srcs\sources_1\new\paridadGen.vhd:]
WARNING: [filemgmt 56-199] Attempt to get parsing info during refresh. "On-the-fly" syntax checking information may be incorrect. [C:\Users\Facun\Desktop\TD1_TPS_Locales\Exercise_Guide_Chapter_7\guia_7\guia_7.srcs\sources_1\new\Cascade_And_N_Inputs__Cascade_Or_M_Inputs.vhd:]
WARNING: [filemgmt 56-199] Attempt to get parsing info during refresh. "On-the-fly" syntax checking information may be incorrect. [C:\Users\Facun\Desktop\TD1_TPS_Locales\Exercise_Guide_Chapter_7\guia_7\guia_7.srcs\sources_1\new\paridad.vhd:]
WARNING: [filemgmt 56-199] Attempt to get parsing info during refresh. "On-the-fly" syntax checking information may be incorrect. [C:\Users\Facun\Desktop\TD1_TPS_Locales\Exercise_Guide_Chapter_7\guia_7\guia_7.srcs\sources_1\new\grayBinario.vhd:]
WARNING: [filemgmt 56-199] Attempt to get parsing info during refresh. "On-the-fly" syntax checking information may be incorrect. [C:\Users\Facun\Desktop\TD1_TPS_Locales\Exercise_Guide_Chapter_7\guia_7\guia_7.srcs\sources_1\new\grayBinario.vhd:]
WARNING: [filemgmt 56-199] Attempt to get parsing info during refresh. "On-the-fly" syntax checking information may be incorrect. [C:\Users\Facun\Desktop\TD1_TPS_Locales\Exercise_Guide_Chapter_7\guia_7\guia_7.srcs\sources_1\new\grayBinario.vhd:]
WARNING: [filemgmt 56-199] Attempt to get parsing info during refresh. "On-the-fly" syntax checking information may be incorrect. [C:\Users\Facun\Desktop\TD1_TPS_Locales\Exercise_Guide_Chapter_7\guia_7\guia_7.srcs\sources_1\new\paridadGen.vhd:]
WARNING: [filemgmt 56-199] Attempt to get parsing info during refresh. "On-the-fly" syntax checking information may be incorrect. [C:\Users\Facun\Desktop\TD1_TPS_Locales\Exercise_Guide_Chapter_7\guia_7\guia_7.srcs\sources_1\new\Cascade_And_N_Inputs__Cascade_Or_M_Inputs.vhd:]
WARNING: [filemgmt 56-199] Attempt to get parsing info during refresh. "On-the-fly" syntax checking information may be incorrect. [C:\Users\Facun\Desktop\TD1_TPS_Locales\Exercise_Guide_Chapter_7\guia_7\guia_7.srcs\sources_1\new\paridad.vhd:]
WARNING: [filemgmt 56-199] Attempt to get parsing info during refresh. "On-the-fly" syntax checking information may be incorrect. [C:\Users\Facun\Desktop\TD1_TPS_Locales\Exercise_Guide_Chapter_7\guia_7\guia_7.srcs\sources_1\new\paridadGen.vhd:]
WARNING: [filemgmt 56-199] Attempt to get parsing info during refresh. "On-the-fly" syntax checking information may be incorrect. [C:\Users\Facun\Desktop\TD1_TPS_Locales\Exercise_Guide_Chapter_7\guia_7\guia_7.srcs\sources_1\new\paridadGen.vhd:]
WARNING: [filemgmt 56-199] Attempt to get parsing info during refresh. "On-the-fly" syntax checking information may be incorrect. [C:\Users\Facun\Desktop\TD1_TPS_Locales\Exercise_Guide_Chapter_7\guia_7\guia_7.srcs\sources_1\new\grayBinario.vhd:]
WARNING: [filemgmt 56-199] Attempt to get parsing info during refresh. "On-the-fly" syntax checking information may be incorrect. [C:\Users\Facun\Desktop\TD1_TPS_Locales\Exercise_Guide_Chapter_7\guia_7\guia_7.srcs\sources_1\new\paridadGen.vhd:]
WARNING: [filemgmt 56-199] Attempt to get parsing info during refresh. "On-the-fly" syntax checking information may be incorrect. [C:\Users\Facun\Desktop\TD1_TPS_Locales\Exercise_Guide_Chapter_7\guia_7\guia_7.srcs\sources_1\new\Cascade_And_N_Inputs__Cascade_Or_M_Inputs.vhd:]
WARNING: [filemgmt 56-199] Attempt to get parsing info during refresh. "On-the-fly" syntax checking information may be incorrect. [C:\Users\Facun\Desktop\TD1_TPS_Locales\Exercise_Guide_Chapter_7\guia_7\guia_7.srcs\sources_1\new\paridad.vhd:]
WARNING: [filemgmt 56-199] Attempt to get parsing info during refresh. "On-the-fly" syntax checking information may be incorrect. [C:\Users\Facun\Desktop\TD1_TPS_Locales\Exercise_Guide_Chapter_7\guia_7\guia_7.srcs\sources_1\new\Cascade_And_N_Inputs__Cascade_Or_M_Inputs.vhd:]
WARNING: [filemgmt 56-199] Attempt to get parsing info during refresh. "On-the-fly" syntax checking information may be incorrect. [C:\Users\Facun\Desktop\TD1_TPS_Locales\Exercise_Guide_Chapter_7\guia_7\guia_7.srcs\sources_1\new\Cascade_And_N_Inputs__Cascade_Or_M_Inputs.vhd:]
ERROR: [Common 17-180] Spawn failed: No error
WARNING: [filemgmt 56-199] Attempt to get parsing info during refresh. "On-the-fly" syntax checking information may be incorrect. [C:\Users\Facun\Desktop\TD1_TPS_Locales\Exercise_Guide_Chapter_7\guia_7\guia_7.srcs\sources_1\new\grayBinario.vhd:]
WARNING: [filemgmt 56-199] Attempt to get parsing info during refresh. "On-the-fly" syntax checking information may be incorrect. [C:\Users\Facun\Desktop\TD1_TPS_Locales\Exercise_Guide_Chapter_7\guia_7\guia_7.srcs\sources_1\new\paridadGen.vhd:]
WARNING: [filemgmt 56-199] Attempt to get parsing info during refresh. "On-the-fly" syntax checking information may be incorrect. [C:\Users\Facun\Desktop\TD1_TPS_Locales\Exercise_Guide_Chapter_7\guia_7\guia_7.srcs\sources_1\new\Cascade_And_N_Inputs__Cascade_Or_M_Inputs.vhd:]
WARNING: [filemgmt 56-199] Attempt to get parsing info during refresh. "On-the-fly" syntax checking information may be incorrect. [C:\Users\Facun\Desktop\TD1_TPS_Locales\Exercise_Guide_Chapter_7\guia_7\guia_7.srcs\sources_1\new\paridad.vhd:]
WARNING: [filemgmt 56-199] Attempt to get parsing info during refresh. "On-the-fly" syntax checking information may be incorrect. [C:\Users\Facun\Desktop\TD1_TPS_Locales\Exercise_Guide_Chapter_7\guia_7\guia_7.srcs\sources_1\new\Cascade_And_N_Inputs__Cascade_Or_M_Inputs.vhd:]
WARNING: [filemgmt 56-199] Attempt to get parsing info during refresh. "On-the-fly" syntax checking information may be incorrect. [C:\Users\Facun\Desktop\TD1_TPS_Locales\Exercise_Guide_Chapter_7\guia_7\guia_7.srcs\sources_1\new\Cascade_And_N_Inputs__Cascade_Or_M_Inputs.vhd:]
WARNING: [filemgmt 56-199] Attempt to get parsing info during refresh. "On-the-fly" syntax checking information may be incorrect. [C:\Users\Facun\Desktop\TD1_TPS_Locales\Exercise_Guide_Chapter_7\guia_7\guia_7.srcs\sources_1\new\grayBinario.vhd:]
WARNING: [filemgmt 56-199] Attempt to get parsing info during refresh. "On-the-fly" syntax checking information may be incorrect. [C:\Users\Facun\Desktop\TD1_TPS_Locales\Exercise_Guide_Chapter_7\guia_7\guia_7.srcs\sources_1\new\paridadGen.vhd:]
WARNING: [filemgmt 56-199] Attempt to get parsing info during refresh. "On-the-fly" syntax checking information may be incorrect. [C:\Users\Facun\Desktop\TD1_TPS_Locales\Exercise_Guide_Chapter_7\guia_7\guia_7.srcs\sources_1\new\Cascade_And_N_Inputs__Cascade_Or_M_Inputs.vhd:]
WARNING: [filemgmt 56-199] Attempt to get parsing info during refresh. "On-the-fly" syntax checking information may be incorrect. [C:\Users\Facun\Desktop\TD1_TPS_Locales\Exercise_Guide_Chapter_7\guia_7\guia_7.srcs\sources_1\new\paridad.vhd:]
WARNING: [filemgmt 56-199] Attempt to get parsing info during refresh. "On-the-fly" syntax checking information may be incorrect. [C:\Users\Facun\Desktop\TD1_TPS_Locales\Exercise_Guide_Chapter_7\guia_7\guia_7.srcs\sources_1\new\grayBinario.vhd:]
WARNING: [filemgmt 56-199] Attempt to get parsing info during refresh. "On-the-fly" syntax checking information may be incorrect. [C:\Users\Facun\Desktop\TD1_TPS_Locales\Exercise_Guide_Chapter_7\guia_7\guia_7.srcs\sources_1\new\grayBinario.vhd:]
ERROR: [Common 17-180] Spawn failed: No error
WARNING: [filemgmt 56-199] Attempt to get parsing info during refresh. "On-the-fly" syntax checking information may be incorrect. [C:\Users\Facun\Desktop\TD1_TPS_Locales\Exercise_Guide_Chapter_7\guia_7\guia_7.srcs\sources_1\new\grayBinario.vhd:]
WARNING: [filemgmt 56-199] Attempt to get parsing info during refresh. "On-the-fly" syntax checking information may be incorrect. [C:\Users\Facun\Desktop\TD1_TPS_Locales\Exercise_Guide_Chapter_7\guia_7\guia_7.srcs\sources_1\new\paridadGen.vhd:]
WARNING: [filemgmt 56-199] Attempt to get parsing info during refresh. "On-the-fly" syntax checking information may be incorrect. [C:\Users\Facun\Desktop\TD1_TPS_Locales\Exercise_Guide_Chapter_7\guia_7\guia_7.srcs\sources_1\new\Cascade_And_N_Inputs__Cascade_Or_M_Inputs.vhd:]
WARNING: [filemgmt 56-199] Attempt to get parsing info during refresh. "On-the-fly" syntax checking information may be incorrect. [C:\Users\Facun\Desktop\TD1_TPS_Locales\Exercise_Guide_Chapter_7\guia_7\guia_7.srcs\sources_1\new\paridad.vhd:]
WARNING: [filemgmt 56-199] Attempt to get parsing info during refresh. "On-the-fly" syntax checking information may be incorrect. [C:\Users\Facun\Desktop\TD1_TPS_Locales\Exercise_Guide_Chapter_7\guia_7\guia_7.srcs\sources_1\new\paridad.vhd:]
WARNING: [filemgmt 56-199] Attempt to get parsing info during refresh. "On-the-fly" syntax checking information may be incorrect. [C:\Users\Facun\Desktop\TD1_TPS_Locales\Exercise_Guide_Chapter_7\guia_7\guia_7.srcs\sources_1\new\paridad.vhd:]
ERROR: [Common 17-180] Spawn failed: No error
WARNING: [filemgmt 56-199] Attempt to get parsing info during refresh. "On-the-fly" syntax checking information may be incorrect. [C:\Users\Facun\Desktop\TD1_TPS_Locales\Exercise_Guide_Chapter_7\guia_7\guia_7.srcs\sources_1\new\grayBinario.vhd:]
WARNING: [filemgmt 56-199] Attempt to get parsing info during refresh. "On-the-fly" syntax checking information may be incorrect. [C:\Users\Facun\Desktop\TD1_TPS_Locales\Exercise_Guide_Chapter_7\guia_7\guia_7.srcs\sources_1\new\paridadGen.vhd:]
WARNING: [filemgmt 56-199] Attempt to get parsing info during refresh. "On-the-fly" syntax checking information may be incorrect. [C:\Users\Facun\Desktop\TD1_TPS_Locales\Exercise_Guide_Chapter_7\guia_7\guia_7.srcs\sources_1\new\Cascade_And_N_Inputs__Cascade_Or_M_Inputs.vhd:]
WARNING: [filemgmt 56-199] Attempt to get parsing info during refresh. "On-the-fly" syntax checking information may be incorrect. [C:\Users\Facun\Desktop\TD1_TPS_Locales\Exercise_Guide_Chapter_7\guia_7\guia_7.srcs\sources_1\new\paridad.vhd:]
WARNING: [filemgmt 56-199] Attempt to get parsing info during refresh. "On-the-fly" syntax checking information may be incorrect. [C:\Users\Facun\Desktop\TD1_TPS_Locales\Exercise_Guide_Chapter_7\guia_7\guia_7.srcs\sources_1\new\paridadGen.vhd:]
WARNING: [filemgmt 56-199] Attempt to get parsing info during refresh. "On-the-fly" syntax checking information may be incorrect. [C:\Users\Facun\Desktop\TD1_TPS_Locales\Exercise_Guide_Chapter_7\guia_7\guia_7.srcs\sources_1\new\paridadGen.vhd:]
WARNING: [filemgmt 56-199] Attempt to get parsing info during refresh. "On-the-fly" syntax checking information may be incorrect. [C:\Users\Facun\Desktop\TD1_TPS_Locales\Exercise_Guide_Chapter_7\guia_7\guia_7.srcs\sources_1\new\grayBinario.vhd:]
WARNING: [filemgmt 56-199] Attempt to get parsing info during refresh. "On-the-fly" syntax checking information may be incorrect. [C:\Users\Facun\Desktop\TD1_TPS_Locales\Exercise_Guide_Chapter_7\guia_7\guia_7.srcs\sources_1\new\paridadGen.vhd:]
WARNING: [filemgmt 56-199] Attempt to get parsing info during refresh. "On-the-fly" syntax checking information may be incorrect. [C:\Users\Facun\Desktop\TD1_TPS_Locales\Exercise_Guide_Chapter_7\guia_7\guia_7.srcs\sources_1\new\Cascade_And_N_Inputs__Cascade_Or_M_Inputs.vhd:]
WARNING: [filemgmt 56-199] Attempt to get parsing info during refresh. "On-the-fly" syntax checking information may be incorrect. [C:\Users\Facun\Desktop\TD1_TPS_Locales\Exercise_Guide_Chapter_7\guia_7\guia_7.srcs\sources_1\new\paridad.vhd:]
WARNING: [filemgmt 56-199] Attempt to get parsing info during refresh. "On-the-fly" syntax checking information may be incorrect. [C:\Users\Facun\Desktop\TD1_TPS_Locales\Exercise_Guide_Chapter_7\guia_7\guia_7.srcs\sources_1\new\grayBinario.vhd:]
WARNING: [filemgmt 56-199] Attempt to get parsing info during refresh. "On-the-fly" syntax checking information may be incorrect. [C:\Users\Facun\Desktop\TD1_TPS_Locales\Exercise_Guide_Chapter_7\guia_7\guia_7.srcs\sources_1\new\grayBinario.vhd:]
ERROR: [Common 17-180] Spawn failed: No error
WARNING: [filemgmt 56-199] Attempt to get parsing info during refresh. "On-the-fly" syntax checking information may be incorrect. [C:\Users\Facun\Desktop\TD1_TPS_Locales\Exercise_Guide_Chapter_7\guia_7\guia_7.srcs\sources_1\new\grayBinario.vhd:]
WARNING: [filemgmt 56-199] Attempt to get parsing info during refresh. "On-the-fly" syntax checking information may be incorrect. [C:\Users\Facun\Desktop\TD1_TPS_Locales\Exercise_Guide_Chapter_7\guia_7\guia_7.srcs\sources_1\new\paridadGen.vhd:]
WARNING: [filemgmt 56-199] Attempt to get parsing info during refresh. "On-the-fly" syntax checking information may be incorrect. [C:\Users\Facun\Desktop\TD1_TPS_Locales\Exercise_Guide_Chapter_7\guia_7\guia_7.srcs\sources_1\new\Cascade_And_N_Inputs__Cascade_Or_M_Inputs.vhd:]
WARNING: [filemgmt 56-199] Attempt to get parsing info during refresh. "On-the-fly" syntax checking information may be incorrect. [C:\Users\Facun\Desktop\TD1_TPS_Locales\Exercise_Guide_Chapter_7\guia_7\guia_7.srcs\sources_1\new\paridad.vhd:]
WARNING: [filemgmt 56-199] Attempt to get parsing info during refresh. "On-the-fly" syntax checking information may be incorrect. [C:\Users\Facun\Desktop\TD1_TPS_Locales\Exercise_Guide_Chapter_7\guia_7\guia_7.srcs\sources_1\new\paridad.vhd:]
WARNING: [filemgmt 56-199] Attempt to get parsing info during refresh. "On-the-fly" syntax checking information may be incorrect. [C:\Users\Facun\Desktop\TD1_TPS_Locales\Exercise_Guide_Chapter_7\guia_7\guia_7.srcs\sources_1\new\paridad.vhd:]
ERROR: [Common 17-180] Spawn failed: No error
WARNING: [filemgmt 56-199] Attempt to get parsing info during refresh. "On-the-fly" syntax checking information may be incorrect. [C:\Users\Facun\Desktop\TD1_TPS_Locales\Exercise_Guide_Chapter_7\guia_7\guia_7.srcs\sources_1\new\grayBinario.vhd:]
WARNING: [filemgmt 56-199] Attempt to get parsing info during refresh. "On-the-fly" syntax checking information may be incorrect. [C:\Users\Facun\Desktop\TD1_TPS_Locales\Exercise_Guide_Chapter_7\guia_7\guia_7.srcs\sources_1\new\paridadGen.vhd:]
WARNING: [filemgmt 56-199] Attempt to get parsing info during refresh. "On-the-fly" syntax checking information may be incorrect. [C:\Users\Facun\Desktop\TD1_TPS_Locales\Exercise_Guide_Chapter_7\guia_7\guia_7.srcs\sources_1\new\Cascade_And_N_Inputs__Cascade_Or_M_Inputs.vhd:]
WARNING: [filemgmt 56-199] Attempt to get parsing info during refresh. "On-the-fly" syntax checking information may be incorrect. [C:\Users\Facun\Desktop\TD1_TPS_Locales\Exercise_Guide_Chapter_7\guia_7\guia_7.srcs\sources_1\new\paridad.vhd:]
WARNING: [filemgmt 56-199] Attempt to get parsing info during refresh. "On-the-fly" syntax checking information may be incorrect. [C:\Users\Facun\Desktop\TD1_TPS_Locales\Exercise_Guide_Chapter_7\guia_7\guia_7.srcs\sources_1\new\paridadGen.vhd:]
WARNING: [filemgmt 56-199] Attempt to get parsing info during refresh. "On-the-fly" syntax checking information may be incorrect. [C:\Users\Facun\Desktop\TD1_TPS_Locales\Exercise_Guide_Chapter_7\guia_7\guia_7.srcs\sources_1\new\paridadGen.vhd:]
WARNING: [filemgmt 56-199] Attempt to get parsing info during refresh. "On-the-fly" syntax checking information may be incorrect. [C:\Users\Facun\Desktop\TD1_TPS_Locales\Exercise_Guide_Chapter_7\guia_7\guia_7.srcs\sources_1\new\grayBinario.vhd:]
WARNING: [filemgmt 56-199] Attempt to get parsing info during refresh. "On-the-fly" syntax checking information may be incorrect. [C:\Users\Facun\Desktop\TD1_TPS_Locales\Exercise_Guide_Chapter_7\guia_7\guia_7.srcs\sources_1\new\paridadGen.vhd:]
WARNING: [filemgmt 56-199] Attempt to get parsing info during refresh. "On-the-fly" syntax checking information may be incorrect. [C:\Users\Facun\Desktop\TD1_TPS_Locales\Exercise_Guide_Chapter_7\guia_7\guia_7.srcs\sources_1\new\Cascade_And_N_Inputs__Cascade_Or_M_Inputs.vhd:]
WARNING: [filemgmt 56-199] Attempt to get parsing info during refresh. "On-the-fly" syntax checking information may be incorrect. [C:\Users\Facun\Desktop\TD1_TPS_Locales\Exercise_Guide_Chapter_7\guia_7\guia_7.srcs\sources_1\new\paridad.vhd:]
WARNING: [filemgmt 56-199] Attempt to get parsing info during refresh. "On-the-fly" syntax checking information may be incorrect. [C:\Users\Facun\Desktop\TD1_TPS_Locales\Exercise_Guide_Chapter_7\guia_7\guia_7.srcs\sources_1\new\grayBinario.vhd:]
WARNING: [filemgmt 56-199] Attempt to get parsing info during refresh. "On-the-fly" syntax checking information may be incorrect. [C:\Users\Facun\Desktop\TD1_TPS_Locales\Exercise_Guide_Chapter_7\guia_7\guia_7.srcs\sources_1\new\grayBinario.vhd:]
ERROR: [Common 17-180] Spawn failed: No error
WARNING: [filemgmt 56-199] Attempt to get parsing info during refresh. "On-the-fly" syntax checking information may be incorrect. [C:\Users\Facun\Desktop\TD1_TPS_Locales\Exercise_Guide_Chapter_7\guia_7\guia_7.srcs\sources_1\new\grayBinario.vhd:]
WARNING: [filemgmt 56-199] Attempt to get parsing info during refresh. "On-the-fly" syntax checking information may be incorrect. [C:\Users\Facun\Desktop\TD1_TPS_Locales\Exercise_Guide_Chapter_7\guia_7\guia_7.srcs\sources_1\new\paridadGen.vhd:]
WARNING: [filemgmt 56-199] Attempt to get parsing info during refresh. "On-the-fly" syntax checking information may be incorrect. [C:\Users\Facun\Desktop\TD1_TPS_Locales\Exercise_Guide_Chapter_7\guia_7\guia_7.srcs\sources_1\new\Cascade_And_N_Inputs__Cascade_Or_M_Inputs.vhd:]
WARNING: [filemgmt 56-199] Attempt to get parsing info during refresh. "On-the-fly" syntax checking information may be incorrect. [C:\Users\Facun\Desktop\TD1_TPS_Locales\Exercise_Guide_Chapter_7\guia_7\guia_7.srcs\sources_1\new\paridad.vhd:]
WARNING: [filemgmt 56-199] Attempt to get parsing info during refresh. "On-the-fly" syntax checking information may be incorrect. [C:\Users\Facun\Desktop\TD1_TPS_Locales\Exercise_Guide_Chapter_7\guia_7\guia_7.srcs\sources_1\new\Cascade_And_N_Inputs__Cascade_Or_M_Inputs.vhd:]
WARNING: [filemgmt 56-199] Attempt to get parsing info during refresh. "On-the-fly" syntax checking information may be incorrect. [C:\Users\Facun\Desktop\TD1_TPS_Locales\Exercise_Guide_Chapter_7\guia_7\guia_7.srcs\sources_1\new\Cascade_And_N_Inputs__Cascade_Or_M_Inputs.vhd:]
WARNING: [filemgmt 56-199] Attempt to get parsing info during refresh. "On-the-fly" syntax checking information may be incorrect. [C:\Users\Facun\Desktop\TD1_TPS_Locales\Exercise_Guide_Chapter_7\guia_7\guia_7.srcs\sources_1\new\grayBinario.vhd:]
WARNING: [filemgmt 56-199] Attempt to get parsing info during refresh. "On-the-fly" syntax checking information may be incorrect. [C:\Users\Facun\Desktop\TD1_TPS_Locales\Exercise_Guide_Chapter_7\guia_7\guia_7.srcs\sources_1\new\paridadGen.vhd:]
WARNING: [filemgmt 56-199] Attempt to get parsing info during refresh. "On-the-fly" syntax checking information may be incorrect. [C:\Users\Facun\Desktop\TD1_TPS_Locales\Exercise_Guide_Chapter_7\guia_7\guia_7.srcs\sources_1\new\Cascade_And_N_Inputs__Cascade_Or_M_Inputs.vhd:]
WARNING: [filemgmt 56-199] Attempt to get parsing info during refresh. "On-the-fly" syntax checking information may be incorrect. [C:\Users\Facun\Desktop\TD1_TPS_Locales\Exercise_Guide_Chapter_7\guia_7\guia_7.srcs\sources_1\new\paridad.vhd:]
WARNING: [filemgmt 56-199] Attempt to get parsing info during refresh. "On-the-fly" syntax checking information may be incorrect. [C:\Users\Facun\Desktop\TD1_TPS_Locales\Exercise_Guide_Chapter_7\guia_7\guia_7.srcs\sources_1\new\paridad.vhd:]
WARNING: [filemgmt 56-199] Attempt to get parsing info during refresh. "On-the-fly" syntax checking information may be incorrect. [C:\Users\Facun\Desktop\TD1_TPS_Locales\Exercise_Guide_Chapter_7\guia_7\guia_7.srcs\sources_1\new\paridad.vhd:]
ERROR: [Common 17-180] Spawn failed: No error
WARNING: [filemgmt 56-199] Attempt to get parsing info during refresh. "On-the-fly" syntax checking information may be incorrect. [C:\Users\Facun\Desktop\TD1_TPS_Locales\Exercise_Guide_Chapter_7\guia_7\guia_7.srcs\sources_1\new\grayBinario.vhd:]
WARNING: [filemgmt 56-199] Attempt to get parsing info during refresh. "On-the-fly" syntax checking information may be incorrect. [C:\Users\Facun\Desktop\TD1_TPS_Locales\Exercise_Guide_Chapter_7\guia_7\guia_7.srcs\sources_1\new\paridadGen.vhd:]
WARNING: [filemgmt 56-199] Attempt to get parsing info during refresh. "On-the-fly" syntax checking information may be incorrect. [C:\Users\Facun\Desktop\TD1_TPS_Locales\Exercise_Guide_Chapter_7\guia_7\guia_7.srcs\sources_1\new\Cascade_And_N_Inputs__Cascade_Or_M_Inputs.vhd:]
WARNING: [filemgmt 56-199] Attempt to get parsing info during refresh. "On-the-fly" syntax checking information may be incorrect. [C:\Users\Facun\Desktop\TD1_TPS_Locales\Exercise_Guide_Chapter_7\guia_7\guia_7.srcs\sources_1\new\paridad.vhd:]
WARNING: [filemgmt 56-199] Attempt to get parsing info during refresh. "On-the-fly" syntax checking information may be incorrect. [C:\Users\Facun\Desktop\TD1_TPS_Locales\Exercise_Guide_Chapter_7\guia_7\guia_7.srcs\sources_1\new\paridadGen.vhd:]
WARNING: [filemgmt 56-199] Attempt to get parsing info during refresh. "On-the-fly" syntax checking information may be incorrect. [C:\Users\Facun\Desktop\TD1_TPS_Locales\Exercise_Guide_Chapter_7\guia_7\guia_7.srcs\sources_1\new\paridadGen.vhd:]
WARNING: [filemgmt 56-199] Attempt to get parsing info during refresh. "On-the-fly" syntax checking information may be incorrect. [C:\Users\Facun\Desktop\TD1_TPS_Locales\Exercise_Guide_Chapter_7\guia_7\guia_7.srcs\sources_1\new\grayBinario.vhd:]
WARNING: [filemgmt 56-199] Attempt to get parsing info during refresh. "On-the-fly" syntax checking information may be incorrect. [C:\Users\Facun\Desktop\TD1_TPS_Locales\Exercise_Guide_Chapter_7\guia_7\guia_7.srcs\sources_1\new\paridadGen.vhd:]
WARNING: [filemgmt 56-199] Attempt to get parsing info during refresh. "On-the-fly" syntax checking information may be incorrect. [C:\Users\Facun\Desktop\TD1_TPS_Locales\Exercise_Guide_Chapter_7\guia_7\guia_7.srcs\sources_1\new\Cascade_And_N_Inputs__Cascade_Or_M_Inputs.vhd:]
WARNING: [filemgmt 56-199] Attempt to get parsing info during refresh. "On-the-fly" syntax checking information may be incorrect. [C:\Users\Facun\Desktop\TD1_TPS_Locales\Exercise_Guide_Chapter_7\guia_7\guia_7.srcs\sources_1\new\paridad.vhd:]
WARNING: [filemgmt 56-199] Attempt to get parsing info during refresh. "On-the-fly" syntax checking information may be incorrect. [C:\Users\Facun\Desktop\TD1_TPS_Locales\Exercise_Guide_Chapter_7\guia_7\guia_7.srcs\sources_1\new\grayBinario.vhd:]
WARNING: [filemgmt 56-199] Attempt to get parsing info during refresh. "On-the-fly" syntax checking information may be incorrect. [C:\Users\Facun\Desktop\TD1_TPS_Locales\Exercise_Guide_Chapter_7\guia_7\guia_7.srcs\sources_1\new\grayBinario.vhd:]
ERROR: [Common 17-180] Spawn failed: No error
WARNING: [filemgmt 56-199] Attempt to get parsing info during refresh. "On-the-fly" syntax checking information may be incorrect. [C:\Users\Facun\Desktop\TD1_TPS_Locales\Exercise_Guide_Chapter_7\guia_7\guia_7.srcs\sources_1\new\grayBinario.vhd:]
WARNING: [filemgmt 56-199] Attempt to get parsing info during refresh. "On-the-fly" syntax checking information may be incorrect. [C:\Users\Facun\Desktop\TD1_TPS_Locales\Exercise_Guide_Chapter_7\guia_7\guia_7.srcs\sources_1\new\paridadGen.vhd:]
WARNING: [filemgmt 56-199] Attempt to get parsing info during refresh. "On-the-fly" syntax checking information may be incorrect. [C:\Users\Facun\Desktop\TD1_TPS_Locales\Exercise_Guide_Chapter_7\guia_7\guia_7.srcs\sources_1\new\Cascade_And_N_Inputs__Cascade_Or_M_Inputs.vhd:]
WARNING: [filemgmt 56-199] Attempt to get parsing info during refresh. "On-the-fly" syntax checking information may be incorrect. [C:\Users\Facun\Desktop\TD1_TPS_Locales\Exercise_Guide_Chapter_7\guia_7\guia_7.srcs\sources_1\new\paridad.vhd:]
WARNING: [filemgmt 56-199] Attempt to get parsing info during refresh. "On-the-fly" syntax checking information may be incorrect. [C:\Users\Facun\Desktop\TD1_TPS_Locales\Exercise_Guide_Chapter_7\guia_7\guia_7.srcs\sources_1\new\Cascade_And_N_Inputs__Cascade_Or_M_Inputs.vhd:]
WARNING: [filemgmt 56-199] Attempt to get parsing info during refresh. "On-the-fly" syntax checking information may be incorrect. [C:\Users\Facun\Desktop\TD1_TPS_Locales\Exercise_Guide_Chapter_7\guia_7\guia_7.srcs\sources_1\new\Cascade_And_N_Inputs__Cascade_Or_M_Inputs.vhd:]
ERROR: [Common 17-180] Spawn failed: No error
close [ open C:/Users/Facun/Desktop/TD1_TPS_Locales/Exercise_Guide_Chapter_7/guia_7/guia_7.srcs/sources_1/new/binarioGray.vhd w ]
add_files C:/Users/Facun/Desktop/TD1_TPS_Locales/Exercise_Guide_Chapter_7/guia_7/guia_7.srcs/sources_1/new/binarioGray.vhd
WARNING: [filemgmt 56-199] Attempt to get parsing info during refresh. "On-the-fly" syntax checking information may be incorrect. [C:\Users\Facun\Desktop\TD1_TPS_Locales\Exercise_Guide_Chapter_7\guia_7\guia_7.srcs\sources_1\new\grayBinario.vhd:]
WARNING: [filemgmt 56-199] Attempt to get parsing info during refresh. "On-the-fly" syntax checking information may be incorrect. [C:\Users\Facun\Desktop\TD1_TPS_Locales\Exercise_Guide_Chapter_7\guia_7\guia_7.srcs\sources_1\new\paridadGen.vhd:]
WARNING: [filemgmt 56-199] Attempt to get parsing info during refresh. "On-the-fly" syntax checking information may be incorrect. [C:\Users\Facun\Desktop\TD1_TPS_Locales\Exercise_Guide_Chapter_7\guia_7\guia_7.srcs\sources_1\new\Cascade_And_N_Inputs__Cascade_Or_M_Inputs.vhd:]
WARNING: [filemgmt 56-199] Attempt to get parsing info during refresh. "On-the-fly" syntax checking information may be incorrect. [C:\Users\Facun\Desktop\TD1_TPS_Locales\Exercise_Guide_Chapter_7\guia_7\guia_7.srcs\sources_1\new\paridad.vhd:]
WARNING: [filemgmt 56-199] Attempt to get parsing info during refresh. "On-the-fly" syntax checking information may be incorrect. [C:\Users\Facun\Desktop\TD1_TPS_Locales\Exercise_Guide_Chapter_7\guia_7\guia_7.srcs\sources_1\new\paridadGen.vhd:]
WARNING: [filemgmt 56-199] Attempt to get parsing info during refresh. "On-the-fly" syntax checking information may be incorrect. [C:\Users\Facun\Desktop\TD1_TPS_Locales\Exercise_Guide_Chapter_7\guia_7\guia_7.srcs\sources_1\new\paridadGen.vhd:]
WARNING: [filemgmt 56-199] Attempt to get parsing info during refresh. "On-the-fly" syntax checking information may be incorrect. [C:\Users\Facun\Desktop\TD1_TPS_Locales\Exercise_Guide_Chapter_7\guia_7\guia_7.srcs\sources_1\new\grayBinario.vhd:]
WARNING: [filemgmt 56-199] Attempt to get parsing info during refresh. "On-the-fly" syntax checking information may be incorrect. [C:\Users\Facun\Desktop\TD1_TPS_Locales\Exercise_Guide_Chapter_7\guia_7\guia_7.srcs\sources_1\new\paridadGen.vhd:]
WARNING: [filemgmt 56-199] Attempt to get parsing info during refresh. "On-the-fly" syntax checking information may be incorrect. [C:\Users\Facun\Desktop\TD1_TPS_Locales\Exercise_Guide_Chapter_7\guia_7\guia_7.srcs\sources_1\new\Cascade_And_N_Inputs__Cascade_Or_M_Inputs.vhd:]
WARNING: [filemgmt 56-199] Attempt to get parsing info during refresh. "On-the-fly" syntax checking information may be incorrect. [C:\Users\Facun\Desktop\TD1_TPS_Locales\Exercise_Guide_Chapter_7\guia_7\guia_7.srcs\sources_1\new\paridad.vhd:]
WARNING: [filemgmt 56-199] Attempt to get parsing info during refresh. "On-the-fly" syntax checking information may be incorrect. [C:\Users\Facun\Desktop\TD1_TPS_Locales\Exercise_Guide_Chapter_7\guia_7\guia_7.srcs\sources_1\new\grayBinario.vhd:]
WARNING: [filemgmt 56-199] Attempt to get parsing info during refresh. "On-the-fly" syntax checking information may be incorrect. [C:\Users\Facun\Desktop\TD1_TPS_Locales\Exercise_Guide_Chapter_7\guia_7\guia_7.srcs\sources_1\new\grayBinario.vhd:]
ERROR: [Common 17-180] Spawn failed: No error
WARNING: [filemgmt 56-199] Attempt to get parsing info during refresh. "On-the-fly" syntax checking information may be incorrect. [C:\Users\Facun\Desktop\TD1_TPS_Locales\Exercise_Guide_Chapter_7\guia_7\guia_7.srcs\sources_1\new\grayBinario.vhd:]
WARNING: [filemgmt 56-199] Attempt to get parsing info during refresh. "On-the-fly" syntax checking information may be incorrect. [C:\Users\Facun\Desktop\TD1_TPS_Locales\Exercise_Guide_Chapter_7\guia_7\guia_7.srcs\sources_1\new\paridadGen.vhd:]
WARNING: [filemgmt 56-199] Attempt to get parsing info during refresh. "On-the-fly" syntax checking information may be incorrect. [C:\Users\Facun\Desktop\TD1_TPS_Locales\Exercise_Guide_Chapter_7\guia_7\guia_7.srcs\sources_1\new\Cascade_And_N_Inputs__Cascade_Or_M_Inputs.vhd:]
WARNING: [filemgmt 56-199] Attempt to get parsing info during refresh. "On-the-fly" syntax checking information may be incorrect. [C:\Users\Facun\Desktop\TD1_TPS_Locales\Exercise_Guide_Chapter_7\guia_7\guia_7.srcs\sources_1\new\paridad.vhd:]
WARNING: [filemgmt 56-199] Attempt to get parsing info during refresh. "On-the-fly" syntax checking information may be incorrect. [C:\Users\Facun\Desktop\TD1_TPS_Locales\Exercise_Guide_Chapter_7\guia_7\guia_7.srcs\sources_1\new\Cascade_And_N_Inputs__Cascade_Or_M_Inputs.vhd:]
WARNING: [filemgmt 56-199] Attempt to get parsing info during refresh. "On-the-fly" syntax checking information may be incorrect. [C:\Users\Facun\Desktop\TD1_TPS_Locales\Exercise_Guide_Chapter_7\guia_7\guia_7.srcs\sources_1\new\Cascade_And_N_Inputs__Cascade_Or_M_Inputs.vhd:]
ERROR: [Common 17-180] Spawn failed: No error
WARNING: [filemgmt 56-199] Attempt to get parsing info during refresh. "On-the-fly" syntax checking information may be incorrect. [C:\Users\Facun\Desktop\TD1_TPS_Locales\Exercise_Guide_Chapter_7\guia_7\guia_7.srcs\sources_1\new\grayBinario.vhd:]
WARNING: [filemgmt 56-199] Attempt to get parsing info during refresh. "On-the-fly" syntax checking information may be incorrect. [C:\Users\Facun\Desktop\TD1_TPS_Locales\Exercise_Guide_Chapter_7\guia_7\guia_7.srcs\sources_1\new\paridadGen.vhd:]
WARNING: [filemgmt 56-199] Attempt to get parsing info during refresh. "On-the-fly" syntax checking information may be incorrect. [C:\Users\Facun\Desktop\TD1_TPS_Locales\Exercise_Guide_Chapter_7\guia_7\guia_7.srcs\sources_1\new\Cascade_And_N_Inputs__Cascade_Or_M_Inputs.vhd:]
WARNING: [filemgmt 56-199] Attempt to get parsing info during refresh. "On-the-fly" syntax checking information may be incorrect. [C:\Users\Facun\Desktop\TD1_TPS_Locales\Exercise_Guide_Chapter_7\guia_7\guia_7.srcs\sources_1\new\paridad.vhd:]
WARNING: [filemgmt 56-199] Attempt to get parsing info during refresh. "On-the-fly" syntax checking information may be incorrect. [C:\Users\Facun\Desktop\TD1_TPS_Locales\Exercise_Guide_Chapter_7\guia_7\guia_7.srcs\sources_1\new\paridadGen.vhd:]
WARNING: [filemgmt 56-199] Attempt to get parsing info during refresh. "On-the-fly" syntax checking information may be incorrect. [C:\Users\Facun\Desktop\TD1_TPS_Locales\Exercise_Guide_Chapter_7\guia_7\guia_7.srcs\sources_1\new\paridadGen.vhd:]
WARNING: [filemgmt 56-199] Attempt to get parsing info during refresh. "On-the-fly" syntax checking information may be incorrect. [C:\Users\Facun\Desktop\TD1_TPS_Locales\Exercise_Guide_Chapter_7\guia_7\guia_7.srcs\sources_1\new\grayBinario.vhd:]
WARNING: [filemgmt 56-199] Attempt to get parsing info during refresh. "On-the-fly" syntax checking information may be incorrect. [C:\Users\Facun\Desktop\TD1_TPS_Locales\Exercise_Guide_Chapter_7\guia_7\guia_7.srcs\sources_1\new\paridadGen.vhd:]
WARNING: [filemgmt 56-199] Attempt to get parsing info during refresh. "On-the-fly" syntax checking information may be incorrect. [C:\Users\Facun\Desktop\TD1_TPS_Locales\Exercise_Guide_Chapter_7\guia_7\guia_7.srcs\sources_1\new\Cascade_And_N_Inputs__Cascade_Or_M_Inputs.vhd:]
WARNING: [filemgmt 56-199] Attempt to get parsing info during refresh. "On-the-fly" syntax checking information may be incorrect. [C:\Users\Facun\Desktop\TD1_TPS_Locales\Exercise_Guide_Chapter_7\guia_7\guia_7.srcs\sources_1\new\paridad.vhd:]
WARNING: [filemgmt 56-199] Attempt to get parsing info during refresh. "On-the-fly" syntax checking information may be incorrect. [C:\Users\Facun\Desktop\TD1_TPS_Locales\Exercise_Guide_Chapter_7\guia_7\guia_7.srcs\sources_1\new\grayBinario.vhd:]
WARNING: [filemgmt 56-199] Attempt to get parsing info during refresh. "On-the-fly" syntax checking information may be incorrect. [C:\Users\Facun\Desktop\TD1_TPS_Locales\Exercise_Guide_Chapter_7\guia_7\guia_7.srcs\sources_1\new\grayBinario.vhd:]
ERROR: [Common 17-180] Spawn failed: No error
WARNING: [filemgmt 56-199] Attempt to get parsing info during refresh. "On-the-fly" syntax checking information may be incorrect. [C:\Users\Facun\Desktop\TD1_TPS_Locales\Exercise_Guide_Chapter_7\guia_7\guia_7.srcs\sources_1\new\grayBinario.vhd:]
WARNING: [filemgmt 56-199] Attempt to get parsing info during refresh. "On-the-fly" syntax checking information may be incorrect. [C:\Users\Facun\Desktop\TD1_TPS_Locales\Exercise_Guide_Chapter_7\guia_7\guia_7.srcs\sources_1\new\paridadGen.vhd:]
WARNING: [filemgmt 56-199] Attempt to get parsing info during refresh. "On-the-fly" syntax checking information may be incorrect. [C:\Users\Facun\Desktop\TD1_TPS_Locales\Exercise_Guide_Chapter_7\guia_7\guia_7.srcs\sources_1\new\Cascade_And_N_Inputs__Cascade_Or_M_Inputs.vhd:]
WARNING: [filemgmt 56-199] Attempt to get parsing info during refresh. "On-the-fly" syntax checking information may be incorrect. [C:\Users\Facun\Desktop\TD1_TPS_Locales\Exercise_Guide_Chapter_7\guia_7\guia_7.srcs\sources_1\new\paridad.vhd:]
WARNING: [filemgmt 56-199] Attempt to get parsing info during refresh. "On-the-fly" syntax checking information may be incorrect. [C:\Users\Facun\Desktop\TD1_TPS_Locales\Exercise_Guide_Chapter_7\guia_7\guia_7.srcs\sources_1\new\Cascade_And_N_Inputs__Cascade_Or_M_Inputs.vhd:]
WARNING: [filemgmt 56-199] Attempt to get parsing info during refresh. "On-the-fly" syntax checking information may be incorrect. [C:\Users\Facun\Desktop\TD1_TPS_Locales\Exercise_Guide_Chapter_7\guia_7\guia_7.srcs\sources_1\new\Cascade_And_N_Inputs__Cascade_Or_M_Inputs.vhd:]
ERROR: [Common 17-180] Spawn failed: No error
update_compile_order -fileset sources_1
WARNING: [filemgmt 56-199] Attempt to get parsing info during refresh. "On-the-fly" syntax checking information may be incorrect. [C:\Users\Facun\Desktop\TD1_TPS_Locales\Exercise_Guide_Chapter_7\guia_7\guia_7.srcs\sources_1\new\grayBinario.vhd:]
WARNING: [filemgmt 56-199] Attempt to get parsing info during refresh. "On-the-fly" syntax checking information may be incorrect. [C:\Users\Facun\Desktop\TD1_TPS_Locales\Exercise_Guide_Chapter_7\guia_7\guia_7.srcs\sources_1\new\paridadGen.vhd:]
WARNING: [filemgmt 56-199] Attempt to get parsing info during refresh. "On-the-fly" syntax checking information may be incorrect. [C:\Users\Facun\Desktop\TD1_TPS_Locales\Exercise_Guide_Chapter_7\guia_7\guia_7.srcs\sources_1\new\Cascade_And_N_Inputs__Cascade_Or_M_Inputs.vhd:]
WARNING: [filemgmt 56-199] Attempt to get parsing info during refresh. "On-the-fly" syntax checking information may be incorrect. [C:\Users\Facun\Desktop\TD1_TPS_Locales\Exercise_Guide_Chapter_7\guia_7\guia_7.srcs\sources_1\new\paridad.vhd:]
WARNING: [filemgmt 56-199] Attempt to get parsing info during refresh. "On-the-fly" syntax checking information may be incorrect. [C:\Users\Facun\Desktop\TD1_TPS_Locales\Exercise_Guide_Chapter_7\guia_7\guia_7.srcs\sources_1\new\paridadGen.vhd:]
WARNING: [filemgmt 56-199] Attempt to get parsing info during refresh. "On-the-fly" syntax checking information may be incorrect. [C:\Users\Facun\Desktop\TD1_TPS_Locales\Exercise_Guide_Chapter_7\guia_7\guia_7.srcs\sources_1\new\paridadGen.vhd:]
WARNING: [filemgmt 56-199] Attempt to get parsing info during refresh. "On-the-fly" syntax checking information may be incorrect. [C:\Users\Facun\Desktop\TD1_TPS_Locales\Exercise_Guide_Chapter_7\guia_7\guia_7.srcs\sources_1\new\grayBinario.vhd:]
WARNING: [filemgmt 56-199] Attempt to get parsing info during refresh. "On-the-fly" syntax checking information may be incorrect. [C:\Users\Facun\Desktop\TD1_TPS_Locales\Exercise_Guide_Chapter_7\guia_7\guia_7.srcs\sources_1\new\paridadGen.vhd:]
WARNING: [filemgmt 56-199] Attempt to get parsing info during refresh. "On-the-fly" syntax checking information may be incorrect. [C:\Users\Facun\Desktop\TD1_TPS_Locales\Exercise_Guide_Chapter_7\guia_7\guia_7.srcs\sources_1\new\Cascade_And_N_Inputs__Cascade_Or_M_Inputs.vhd:]
WARNING: [filemgmt 56-199] Attempt to get parsing info during refresh. "On-the-fly" syntax checking information may be incorrect. [C:\Users\Facun\Desktop\TD1_TPS_Locales\Exercise_Guide_Chapter_7\guia_7\guia_7.srcs\sources_1\new\paridad.vhd:]
WARNING: [filemgmt 56-199] Attempt to get parsing info during refresh. "On-the-fly" syntax checking information may be incorrect. [C:\Users\Facun\Desktop\TD1_TPS_Locales\Exercise_Guide_Chapter_7\guia_7\guia_7.srcs\sources_1\new\grayBinario.vhd:]
WARNING: [filemgmt 56-199] Attempt to get parsing info during refresh. "On-the-fly" syntax checking information may be incorrect. [C:\Users\Facun\Desktop\TD1_TPS_Locales\Exercise_Guide_Chapter_7\guia_7\guia_7.srcs\sources_1\new\grayBinario.vhd:]
ERROR: [Common 17-180] Spawn failed: No error
WARNING: [filemgmt 56-199] Attempt to get parsing info during refresh. "On-the-fly" syntax checking information may be incorrect. [C:\Users\Facun\Desktop\TD1_TPS_Locales\Exercise_Guide_Chapter_7\guia_7\guia_7.srcs\sources_1\new\grayBinario.vhd:]
WARNING: [filemgmt 56-199] Attempt to get parsing info during refresh. "On-the-fly" syntax checking information may be incorrect. [C:\Users\Facun\Desktop\TD1_TPS_Locales\Exercise_Guide_Chapter_7\guia_7\guia_7.srcs\sources_1\new\paridadGen.vhd:]
WARNING: [filemgmt 56-199] Attempt to get parsing info during refresh. "On-the-fly" syntax checking information may be incorrect. [C:\Users\Facun\Desktop\TD1_TPS_Locales\Exercise_Guide_Chapter_7\guia_7\guia_7.srcs\sources_1\new\Cascade_And_N_Inputs__Cascade_Or_M_Inputs.vhd:]
WARNING: [filemgmt 56-199] Attempt to get parsing info during refresh. "On-the-fly" syntax checking information may be incorrect. [C:\Users\Facun\Desktop\TD1_TPS_Locales\Exercise_Guide_Chapter_7\guia_7\guia_7.srcs\sources_1\new\paridad.vhd:]
WARNING: [filemgmt 56-199] Attempt to get parsing info during refresh. "On-the-fly" syntax checking information may be incorrect. [C:\Users\Facun\Desktop\TD1_TPS_Locales\Exercise_Guide_Chapter_7\guia_7\guia_7.srcs\sources_1\new\Cascade_And_N_Inputs__Cascade_Or_M_Inputs.vhd:]
WARNING: [filemgmt 56-199] Attempt to get parsing info during refresh. "On-the-fly" syntax checking information may be incorrect. [C:\Users\Facun\Desktop\TD1_TPS_Locales\Exercise_Guide_Chapter_7\guia_7\guia_7.srcs\sources_1\new\Cascade_And_N_Inputs__Cascade_Or_M_Inputs.vhd:]
ERROR: [Common 17-180] Spawn failed: No error
WARNING: [filemgmt 56-199] Attempt to get parsing info during refresh. "On-the-fly" syntax checking information may be incorrect. [C:\Users\Facun\Desktop\TD1_TPS_Locales\Exercise_Guide_Chapter_7\guia_7\guia_7.srcs\sources_1\new\grayBinario.vhd:]
WARNING: [filemgmt 56-199] Attempt to get parsing info during refresh. "On-the-fly" syntax checking information may be incorrect. [C:\Users\Facun\Desktop\TD1_TPS_Locales\Exercise_Guide_Chapter_7\guia_7\guia_7.srcs\sources_1\new\binarioGray.vhd:]
WARNING: [filemgmt 56-199] Attempt to get parsing info during refresh. "On-the-fly" syntax checking information may be incorrect. [C:\Users\Facun\Desktop\TD1_TPS_Locales\Exercise_Guide_Chapter_7\guia_7\guia_7.srcs\sources_1\new\binarioGray.vhd:]
WARNING: [filemgmt 56-199] Attempt to get parsing info during refresh. "On-the-fly" syntax checking information may be incorrect. [C:\Users\Facun\Desktop\TD1_TPS_Locales\Exercise_Guide_Chapter_7\guia_7\guia_7.srcs\sources_1\new\binarioGray.vhd:]
WARNING: [filemgmt 56-199] Attempt to get parsing info during refresh. "On-the-fly" syntax checking information may be incorrect. [C:\Users\Facun\Desktop\TD1_TPS_Locales\Exercise_Guide_Chapter_7\guia_7\guia_7.srcs\sources_1\new\grayBinario.vhd:]
WARNING: [filemgmt 56-199] Attempt to get parsing info during refresh. "On-the-fly" syntax checking information may be incorrect. [C:\Users\Facun\Desktop\TD1_TPS_Locales\Exercise_Guide_Chapter_7\guia_7\guia_7.srcs\sources_1\new\binarioGray.vhd:]
WARNING: [filemgmt 56-199] Attempt to get parsing info during refresh. "On-the-fly" syntax checking information may be incorrect. [C:\Users\Facun\Desktop\TD1_TPS_Locales\Exercise_Guide_Chapter_7\guia_7\guia_7.srcs\sources_1\new\binarioGray.vhd:]
WARNING: [filemgmt 56-199] Attempt to get parsing info during refresh. "On-the-fly" syntax checking information may be incorrect. [C:\Users\Facun\Desktop\TD1_TPS_Locales\Exercise_Guide_Chapter_7\guia_7\guia_7.srcs\sources_1\new\binarioGray.vhd:]
ERROR: [Common 17-180] Spawn failed: No error
WARNING: [filemgmt 56-199] Attempt to get parsing info during refresh. "On-the-fly" syntax checking information may be incorrect. [C:\Users\Facun\Desktop\TD1_TPS_Locales\Exercise_Guide_Chapter_7\guia_7\guia_7.srcs\sources_1\new\grayBinario.vhd:]
WARNING: [filemgmt 56-199] Attempt to get parsing info during refresh. "On-the-fly" syntax checking information may be incorrect. [C:\Users\Facun\Desktop\TD1_TPS_Locales\Exercise_Guide_Chapter_7\guia_7\guia_7.srcs\sources_1\new\binarioGray.vhd:]
WARNING: [filemgmt 56-199] Attempt to get parsing info during refresh. "On-the-fly" syntax checking information may be incorrect. [C:\Users\Facun\Desktop\TD1_TPS_Locales\Exercise_Guide_Chapter_7\guia_7\guia_7.srcs\sources_1\new\grayBinario.vhd:]
WARNING: [filemgmt 56-199] Attempt to get parsing info during refresh. "On-the-fly" syntax checking information may be incorrect. [C:\Users\Facun\Desktop\TD1_TPS_Locales\Exercise_Guide_Chapter_7\guia_7\guia_7.srcs\sources_1\new\grayBinario.vhd:]
ERROR: [Common 17-180] Spawn failed: No error
exit
INFO: [Common 17-206] Exiting Vivado at Tue May 27 12:01:33 2025...
