#-----------------------------------------------------------
# Vivado v2024.2 (64-bit)
# SW Build 5239630 on Fri Nov 08 22:35:27 MST 2024
# IP Build 5239520 on Sun Nov 10 16:12:51 MST 2024
# SharedData Build 5239561 on Fri Nov 08 14:39:27 MST 2024
# Start of session at: Wed Jun 18 08:37:19 2025
# Process ID         : 5600
# Current directory  : C:/Users/Facun/Desktop/TD1_TPS_Locales/Exercise_Guide_Chapter_9/guia_9
# Command line       : vivado.exe -gui_launcher_event rodinguilauncherevent16516 C:\Users\Facun\Desktop\TD1_TPS_Locales\Exercise_Guide_Chapter_9\guia_9\guia_9.xpr
# Log file           : C:/Users/Facun/Desktop/TD1_TPS_Locales/Exercise_Guide_Chapter_9/guia_9/vivado.log
# Journal file       : C:/Users/Facun/Desktop/TD1_TPS_Locales/Exercise_Guide_Chapter_9/guia_9\vivado.jou
# Running On         : DESKTOP-38PF9T6
# Platform           : Windows Server 2016 or Windows 10
# Operating System   : 19045
# Processor Detail   : Intel(R) Core(TM) i5-1035G1 CPU @ 1.00GHz
# CPU Frequency      : 1190 MHz
# CPU Physical cores : 4
# CPU Logical cores  : 8
# Host memory        : 8334 MB
# Swap memory        : 8321 MB
# Total Virtual      : 16656 MB
# Available Virtual  : 7532 MB
#-----------------------------------------------------------
start_gui
open_project C:/Users/Facun/Desktop/TD1_TPS_Locales/Exercise_Guide_Chapter_9/guia_9/guia_9.xpr
INFO: [filemgmt 56-3] Default IP Output Path : Could not find the directory 'C:/Users/Facun/Desktop/TD1_TPS_Locales/Exercise_Guide_Chapter_9/guia_9/guia_9.gen/sources_1'.
CRITICAL WARNING: [Project 1-19] Could not find the file 'C:/Users/Facun/Desktop/TD1_TPS_Locales/Exercise_Guide_Chapter_9/guia_9/guia_9.srcs/sources_1/new/myLatch.vhd'.
CRITICAL WARNING: [Project 1-19] Could not find the file 'C:/Users/Facun/Desktop/TD1_TPS_Locales/Exercise_Guide_Chapter_9/guia_9/guia_9.srcs/sources_1/new/myFFD_RisingEdge.vhd'.
CRITICAL WARNING: [Project 1-19] Could not find the file 'C:/Users/Facun/Desktop/TD1_TPS_Locales/Exercise_Guide_Chapter_9/guia_9/guia_9.srcs/sources_1/new/myFFD_FallingEdge.vhd'.
CRITICAL WARNING: [Project 1-19] Could not find the file 'C:/Users/Facun/Desktop/TD1_TPS_Locales/Exercise_Guide_Chapter_9/guia_9/guia_9.srcs/sources_1/new/myFFD_RisingEdge_N_Bits.vhd'.
CRITICAL WARNING: [Project 1-19] Could not find the file 'C:/Users/Facun/Desktop/TD1_TPS_Locales/Exercise_Guide_Chapter_9/guia_9/guia_9.srcs/sources_1/new/myFFD_RisingEdge_SetAsinc.vhd'.
CRITICAL WARNING: [Project 1-19] Could not find the file 'C:/Users/Facun/Desktop/TD1_TPS_Locales/Exercise_Guide_Chapter_9/guia_9/guia_9.srcs/sources_1/new/myFFD_RisingEdge_ResetAsinc.vhd'.
CRITICAL WARNING: [Project 1-19] Could not find the file 'C:/Users/Facun/Desktop/TD1_TPS_Locales/Exercise_Guide_Chapter_9/guia_9/guia_9.srcs/sources_1/new/myFFD_RisingEdge_ResetSinc.vhd'.
CRITICAL WARNING: [Project 1-19] Could not find the file 'C:/Users/Facun/Desktop/TD1_TPS_Locales/Exercise_Guide_Chapter_9/guia_9/guia_9.srcs/sources_1/new/myFFD_RisingEdge_Enable.vhd'.
CRITICAL WARNING: [Project 1-19] Could not find the file 'C:/Users/Facun/Desktop/TD1_TPS_Locales/Exercise_Guide_Chapter_9/guia_9/guia_9.srcs/sources_1/new/myFFT_RisingEdge_ResetSinc.vhd'.
CRITICAL WARNING: [Project 1-19] Could not find the file 'C:/Users/Facun/Desktop/TD1_TPS_Locales/Exercise_Guide_Chapter_9/guia_9/guia_9.srcs/sources_1/new/myFFD_RisingEdege_ResetSincAsinc.vhd'.
Scanning sources...
Finished scanning sources
INFO: [IP_Flow 19-234] Refreshing IP repositories
INFO: [IP_Flow 19-1704] No user IP repositories specified
INFO: [IP_Flow 19-2313] Loaded Vivado IP repository 'C:/Xilinx/Vivado/2024.2/data/ip'.
open_project: Time (s): cpu = 00:00:15 ; elapsed = 00:00:05 . Memory (MB): peak = 1167.633 ; gain = 45.895
update_compile_order -fileset sources_1
remove_files  {C:/Users/Facun/Desktop/TD1_TPS_Locales/Exercise_Guide_Chapter_9/guia_9/guia_9.srcs/sources_1/new/myFFD_FallingEdge.vhd C:/Users/Facun/Desktop/TD1_TPS_Locales/Exercise_Guide_Chapter_9/guia_9/guia_9.srcs/sources_1/new/myFFD_RisingEdege_ResetSincAsinc.vhd C:/Users/Facun/Desktop/TD1_TPS_Locales/Exercise_Guide_Chapter_9/guia_9/guia_9.srcs/sources_1/new/myFFD_RisingEdge.vhd C:/Users/Facun/Desktop/TD1_TPS_Locales/Exercise_Guide_Chapter_9/guia_9/guia_9.srcs/sources_1/new/myFFD_RisingEdge_Enable.vhd C:/Users/Facun/Desktop/TD1_TPS_Locales/Exercise_Guide_Chapter_9/guia_9/guia_9.srcs/sources_1/new/myFFD_RisingEdge_N_Bits.vhd C:/Users/Facun/Desktop/TD1_TPS_Locales/Exercise_Guide_Chapter_9/guia_9/guia_9.srcs/sources_1/new/myFFD_RisingEdge_ResetAsinc.vhd C:/Users/Facun/Desktop/TD1_TPS_Locales/Exercise_Guide_Chapter_9/guia_9/guia_9.srcs/sources_1/new/myFFD_RisingEdge_ResetSinc.vhd C:/Users/Facun/Desktop/TD1_TPS_Locales/Exercise_Guide_Chapter_9/guia_9/guia_9.srcs/sources_1/new/myFFD_RisingEdge_SetAsinc.vhd C:/Users/Facun/Desktop/TD1_TPS_Locales/Exercise_Guide_Chapter_9/guia_9/guia_9.srcs/sources_1/new/myFFT_RisingEdge_ResetSinc.vhd C:/Users/Facun/Desktop/TD1_TPS_Locales/Exercise_Guide_Chapter_9/guia_9/guia_9.srcs/sources_1/new/myLatch.vhd}
close [ open C:/Users/Facun/Desktop/TD1_TPS_Locales/Exercise_Guide_Chapter_9/guia_9/guia_9.srcs/sources_1/new/myLatchD_Clr.vhd w ]
add_files C:/Users/Facun/Desktop/TD1_TPS_Locales/Exercise_Guide_Chapter_9/guia_9/guia_9.srcs/sources_1/new/myLatchD_Clr.vhd
close [ open C:/Users/Facun/Desktop/TD1_TPS_Locales/Exercise_Guide_Chapter_9/guia_9/guia_9.srcs/sources_1/new/myFFDR.vhd w ]
add_files C:/Users/Facun/Desktop/TD1_TPS_Locales/Exercise_Guide_Chapter_9/guia_9/guia_9.srcs/sources_1/new/myFFDR.vhd
update_compile_order -fileset sources_1
WARNING: [filemgmt 56-199] Attempt to get parsing info during refresh. "On-the-fly" syntax checking information may be incorrect. [C:\Users\Facun\Desktop\TD1_TPS_Locales\Exercise_Guide_Chapter_9\guia_9\guia_9.srcs\sources_1\new\myLatchD_Clr.vhd:]
WARNING: [filemgmt 56-199] Attempt to get parsing info during refresh. "On-the-fly" syntax checking information may be incorrect. [C:\Users\Facun\Desktop\TD1_TPS_Locales\Exercise_Guide_Chapter_9\guia_9\guia_9.srcs\sources_1\new\myFFDR.vhd:]
WARNING: [filemgmt 56-199] Attempt to get parsing info during refresh. "On-the-fly" syntax checking information may be incorrect. [C:\Users\Facun\Desktop\TD1_TPS_Locales\Exercise_Guide_Chapter_9\guia_9\guia_9.srcs\sources_1\new\myFFDR.vhd:]
WARNING: [filemgmt 56-199] Attempt to get parsing info during refresh. "On-the-fly" syntax checking information may be incorrect. [C:\Users\Facun\Desktop\TD1_TPS_Locales\Exercise_Guide_Chapter_9\guia_9\guia_9.srcs\sources_1\new\myFFDR.vhd:]
ERROR: [Common 17-180] Spawn failed: No error
WARNING: [filemgmt 56-199] Attempt to get parsing info during refresh. "On-the-fly" syntax checking information may be incorrect. [C:\Users\Facun\Desktop\TD1_TPS_Locales\Exercise_Guide_Chapter_9\guia_9\guia_9.srcs\sources_1\new\myLatchD_Clr.vhd:]
WARNING: [filemgmt 56-199] Attempt to get parsing info during refresh. "On-the-fly" syntax checking information may be incorrect. [C:\Users\Facun\Desktop\TD1_TPS_Locales\Exercise_Guide_Chapter_9\guia_9\guia_9.srcs\sources_1\new\myFFDR.vhd:]
WARNING: [filemgmt 56-199] Attempt to get parsing info during refresh. "On-the-fly" syntax checking information may be incorrect. [C:\Users\Facun\Desktop\TD1_TPS_Locales\Exercise_Guide_Chapter_9\guia_9\guia_9.srcs\sources_1\new\myFFDR.vhd:]
WARNING: [filemgmt 56-199] Attempt to get parsing info during refresh. "On-the-fly" syntax checking information may be incorrect. [C:\Users\Facun\Desktop\TD1_TPS_Locales\Exercise_Guide_Chapter_9\guia_9\guia_9.srcs\sources_1\new\myFFDR.vhd:]
ERROR: [Common 17-180] Spawn failed: No error
WARNING: [filemgmt 56-199] Attempt to get parsing info during refresh. "On-the-fly" syntax checking information may be incorrect. [C:\Users\Facun\Desktop\TD1_TPS_Locales\Exercise_Guide_Chapter_9\guia_9\guia_9.srcs\sources_1\new\myLatchD_Clr.vhd:]
WARNING: [filemgmt 56-199] Attempt to get parsing info during refresh. "On-the-fly" syntax checking information may be incorrect. [C:\Users\Facun\Desktop\TD1_TPS_Locales\Exercise_Guide_Chapter_9\guia_9\guia_9.srcs\sources_1\new\myFFDR.vhd:]
WARNING: [filemgmt 56-199] Attempt to get parsing info during refresh. "On-the-fly" syntax checking information may be incorrect. [C:\Users\Facun\Desktop\TD1_TPS_Locales\Exercise_Guide_Chapter_9\guia_9\guia_9.srcs\sources_1\new\myFFDR.vhd:]
WARNING: [filemgmt 56-199] Attempt to get parsing info during refresh. "On-the-fly" syntax checking information may be incorrect. [C:\Users\Facun\Desktop\TD1_TPS_Locales\Exercise_Guide_Chapter_9\guia_9\guia_9.srcs\sources_1\new\myFFDR.vhd:]
ERROR: [Common 17-180] Spawn failed: No error
close [ open C:/Users/Facun/Desktop/TD1_TPS_Locales/Exercise_Guide_Chapter_9/guia_9/guia_9.srcs/sources_1/new/myFFDREna.vhd w ]
add_files C:/Users/Facun/Desktop/TD1_TPS_Locales/Exercise_Guide_Chapter_9/guia_9/guia_9.srcs/sources_1/new/myFFDREna.vhd
WARNING: [filemgmt 56-199] Attempt to get parsing info during refresh. "On-the-fly" syntax checking information may be incorrect. [C:\Users\Facun\Desktop\TD1_TPS_Locales\Exercise_Guide_Chapter_9\guia_9\guia_9.srcs\sources_1\new\myLatchD_Clr.vhd:]
WARNING: [filemgmt 56-199] Attempt to get parsing info during refresh. "On-the-fly" syntax checking information may be incorrect. [C:\Users\Facun\Desktop\TD1_TPS_Locales\Exercise_Guide_Chapter_9\guia_9\guia_9.srcs\sources_1\new\myFFDR.vhd:]
WARNING: [filemgmt 56-199] Attempt to get parsing info during refresh. "On-the-fly" syntax checking information may be incorrect. [C:\Users\Facun\Desktop\TD1_TPS_Locales\Exercise_Guide_Chapter_9\guia_9\guia_9.srcs\sources_1\new\myFFDR.vhd:]
WARNING: [filemgmt 56-199] Attempt to get parsing info during refresh. "On-the-fly" syntax checking information may be incorrect. [C:\Users\Facun\Desktop\TD1_TPS_Locales\Exercise_Guide_Chapter_9\guia_9\guia_9.srcs\sources_1\new\myFFDR.vhd:]
ERROR: [Common 17-180] Spawn failed: No error
WARNING: [filemgmt 56-199] Attempt to get parsing info during refresh. "On-the-fly" syntax checking information may be incorrect. [C:\Users\Facun\Desktop\TD1_TPS_Locales\Exercise_Guide_Chapter_9\guia_9\guia_9.srcs\sources_1\new\myLatchD_Clr.vhd:]
WARNING: [filemgmt 56-199] Attempt to get parsing info during refresh. "On-the-fly" syntax checking information may be incorrect. [C:\Users\Facun\Desktop\TD1_TPS_Locales\Exercise_Guide_Chapter_9\guia_9\guia_9.srcs\sources_1\new\myFFDR.vhd:]
WARNING: [filemgmt 56-199] Attempt to get parsing info during refresh. "On-the-fly" syntax checking information may be incorrect. [C:\Users\Facun\Desktop\TD1_TPS_Locales\Exercise_Guide_Chapter_9\guia_9\guia_9.srcs\sources_1\new\myLatchD_Clr.vhd:]
WARNING: [filemgmt 56-199] Attempt to get parsing info during refresh. "On-the-fly" syntax checking information may be incorrect. [C:\Users\Facun\Desktop\TD1_TPS_Locales\Exercise_Guide_Chapter_9\guia_9\guia_9.srcs\sources_1\new\myLatchD_Clr.vhd:]
ERROR: [Common 17-180] Spawn failed: No error
update_compile_order -fileset sources_1
WARNING: [filemgmt 56-199] Attempt to get parsing info during refresh. "On-the-fly" syntax checking information may be incorrect. [C:\Users\Facun\Desktop\TD1_TPS_Locales\Exercise_Guide_Chapter_9\guia_9\guia_9.srcs\sources_1\new\myLatchD_Clr.vhd:]
WARNING: [filemgmt 56-199] Attempt to get parsing info during refresh. "On-the-fly" syntax checking information may be incorrect. [C:\Users\Facun\Desktop\TD1_TPS_Locales\Exercise_Guide_Chapter_9\guia_9\guia_9.srcs\sources_1\new\myFFDR.vhd:]
WARNING: [filemgmt 56-199] Attempt to get parsing info during refresh. "On-the-fly" syntax checking information may be incorrect. [C:\Users\Facun\Desktop\TD1_TPS_Locales\Exercise_Guide_Chapter_9\guia_9\guia_9.srcs\sources_1\new\myFFDR.vhd:]
WARNING: [filemgmt 56-199] Attempt to get parsing info during refresh. "On-the-fly" syntax checking information may be incorrect. [C:\Users\Facun\Desktop\TD1_TPS_Locales\Exercise_Guide_Chapter_9\guia_9\guia_9.srcs\sources_1\new\myFFDR.vhd:]
ERROR: [Common 17-180] Spawn failed: No error
WARNING: [filemgmt 56-199] Attempt to get parsing info during refresh. "On-the-fly" syntax checking information may be incorrect. [C:\Users\Facun\Desktop\TD1_TPS_Locales\Exercise_Guide_Chapter_9\guia_9\guia_9.srcs\sources_1\new\myFFDREna.vhd:]
WARNING: [filemgmt 56-199] Attempt to get parsing info during refresh. "On-the-fly" syntax checking information may be incorrect. [C:\Users\Facun\Desktop\TD1_TPS_Locales\Exercise_Guide_Chapter_9\guia_9\guia_9.srcs\sources_1\new\myLatchD_Clr.vhd:]
WARNING: [filemgmt 56-199] Attempt to get parsing info during refresh. "On-the-fly" syntax checking information may be incorrect. [C:\Users\Facun\Desktop\TD1_TPS_Locales\Exercise_Guide_Chapter_9\guia_9\guia_9.srcs\sources_1\new\myFFDR.vhd:]
WARNING: [filemgmt 56-199] Attempt to get parsing info during refresh. "On-the-fly" syntax checking information may be incorrect. [C:\Users\Facun\Desktop\TD1_TPS_Locales\Exercise_Guide_Chapter_9\guia_9\guia_9.srcs\sources_1\new\myFFDR.vhd:]
WARNING: [filemgmt 56-199] Attempt to get parsing info during refresh. "On-the-fly" syntax checking information may be incorrect. [C:\Users\Facun\Desktop\TD1_TPS_Locales\Exercise_Guide_Chapter_9\guia_9\guia_9.srcs\sources_1\new\myFFDR.vhd:]
WARNING: [filemgmt 56-199] Attempt to get parsing info during refresh. "On-the-fly" syntax checking information may be incorrect. [C:\Users\Facun\Desktop\TD1_TPS_Locales\Exercise_Guide_Chapter_9\guia_9\guia_9.srcs\sources_1\new\myFFDREna.vhd:]
WARNING: [filemgmt 56-199] Attempt to get parsing info during refresh. "On-the-fly" syntax checking information may be incorrect. [C:\Users\Facun\Desktop\TD1_TPS_Locales\Exercise_Guide_Chapter_9\guia_9\guia_9.srcs\sources_1\new\myLatchD_Clr.vhd:]
WARNING: [filemgmt 56-199] Attempt to get parsing info during refresh. "On-the-fly" syntax checking information may be incorrect. [C:\Users\Facun\Desktop\TD1_TPS_Locales\Exercise_Guide_Chapter_9\guia_9\guia_9.srcs\sources_1\new\myFFDR.vhd:]
WARNING: [filemgmt 56-199] Attempt to get parsing info during refresh. "On-the-fly" syntax checking information may be incorrect. [C:\Users\Facun\Desktop\TD1_TPS_Locales\Exercise_Guide_Chapter_9\guia_9\guia_9.srcs\sources_1\new\myFFDREna.vhd:]
WARNING: [filemgmt 56-199] Attempt to get parsing info during refresh. "On-the-fly" syntax checking information may be incorrect. [C:\Users\Facun\Desktop\TD1_TPS_Locales\Exercise_Guide_Chapter_9\guia_9\guia_9.srcs\sources_1\new\myFFDREna.vhd:]
ERROR: [Common 17-180] Spawn failed: No error
WARNING: [filemgmt 56-199] Attempt to get parsing info during refresh. "On-the-fly" syntax checking information may be incorrect. [C:\Users\Facun\Desktop\TD1_TPS_Locales\Exercise_Guide_Chapter_9\guia_9\guia_9.srcs\sources_1\new\myFFDREna.vhd:]
WARNING: [filemgmt 56-199] Attempt to get parsing info during refresh. "On-the-fly" syntax checking information may be incorrect. [C:\Users\Facun\Desktop\TD1_TPS_Locales\Exercise_Guide_Chapter_9\guia_9\guia_9.srcs\sources_1\new\myLatchD_Clr.vhd:]
WARNING: [filemgmt 56-199] Attempt to get parsing info during refresh. "On-the-fly" syntax checking information may be incorrect. [C:\Users\Facun\Desktop\TD1_TPS_Locales\Exercise_Guide_Chapter_9\guia_9\guia_9.srcs\sources_1\new\myFFDR.vhd:]
WARNING: [filemgmt 56-199] Attempt to get parsing info during refresh. "On-the-fly" syntax checking information may be incorrect. [C:\Users\Facun\Desktop\TD1_TPS_Locales\Exercise_Guide_Chapter_9\guia_9\guia_9.srcs\sources_1\new\myFFDR.vhd:]
WARNING: [filemgmt 56-199] Attempt to get parsing info during refresh. "On-the-fly" syntax checking information may be incorrect. [C:\Users\Facun\Desktop\TD1_TPS_Locales\Exercise_Guide_Chapter_9\guia_9\guia_9.srcs\sources_1\new\myFFDR.vhd:]
WARNING: [filemgmt 56-199] Attempt to get parsing info during refresh. "On-the-fly" syntax checking information may be incorrect. [C:\Users\Facun\Desktop\TD1_TPS_Locales\Exercise_Guide_Chapter_9\guia_9\guia_9.srcs\sources_1\new\myFFDREna.vhd:]
WARNING: [filemgmt 56-199] Attempt to get parsing info during refresh. "On-the-fly" syntax checking information may be incorrect. [C:\Users\Facun\Desktop\TD1_TPS_Locales\Exercise_Guide_Chapter_9\guia_9\guia_9.srcs\sources_1\new\myLatchD_Clr.vhd:]
WARNING: [filemgmt 56-199] Attempt to get parsing info during refresh. "On-the-fly" syntax checking information may be incorrect. [C:\Users\Facun\Desktop\TD1_TPS_Locales\Exercise_Guide_Chapter_9\guia_9\guia_9.srcs\sources_1\new\myFFDR.vhd:]
WARNING: [filemgmt 56-199] Attempt to get parsing info during refresh. "On-the-fly" syntax checking information may be incorrect. [C:\Users\Facun\Desktop\TD1_TPS_Locales\Exercise_Guide_Chapter_9\guia_9\guia_9.srcs\sources_1\new\myFFDREna.vhd:]
WARNING: [filemgmt 56-199] Attempt to get parsing info during refresh. "On-the-fly" syntax checking information may be incorrect. [C:\Users\Facun\Desktop\TD1_TPS_Locales\Exercise_Guide_Chapter_9\guia_9\guia_9.srcs\sources_1\new\myFFDREna.vhd:]
ERROR: [Common 17-180] Spawn failed: No error
WARNING: [filemgmt 56-199] Attempt to get parsing info during refresh. "On-the-fly" syntax checking information may be incorrect. [C:\Users\Facun\Desktop\TD1_TPS_Locales\Exercise_Guide_Chapter_9\guia_9\guia_9.srcs\sources_1\new\myFFDREna.vhd:]
WARNING: [filemgmt 56-199] Attempt to get parsing info during refresh. "On-the-fly" syntax checking information may be incorrect. [C:\Users\Facun\Desktop\TD1_TPS_Locales\Exercise_Guide_Chapter_9\guia_9\guia_9.srcs\sources_1\new\myLatchD_Clr.vhd:]
WARNING: [filemgmt 56-199] Attempt to get parsing info during refresh. "On-the-fly" syntax checking information may be incorrect. [C:\Users\Facun\Desktop\TD1_TPS_Locales\Exercise_Guide_Chapter_9\guia_9\guia_9.srcs\sources_1\new\myFFDR.vhd:]
WARNING: [filemgmt 56-199] Attempt to get parsing info during refresh. "On-the-fly" syntax checking information may be incorrect. [C:\Users\Facun\Desktop\TD1_TPS_Locales\Exercise_Guide_Chapter_9\guia_9\guia_9.srcs\sources_1\new\myFFDR.vhd:]
WARNING: [filemgmt 56-199] Attempt to get parsing info during refresh. "On-the-fly" syntax checking information may be incorrect. [C:\Users\Facun\Desktop\TD1_TPS_Locales\Exercise_Guide_Chapter_9\guia_9\guia_9.srcs\sources_1\new\myFFDR.vhd:]
WARNING: [filemgmt 56-199] Attempt to get parsing info during refresh. "On-the-fly" syntax checking information may be incorrect. [C:\Users\Facun\Desktop\TD1_TPS_Locales\Exercise_Guide_Chapter_9\guia_9\guia_9.srcs\sources_1\new\myFFDREna.vhd:]
WARNING: [filemgmt 56-199] Attempt to get parsing info during refresh. "On-the-fly" syntax checking information may be incorrect. [C:\Users\Facun\Desktop\TD1_TPS_Locales\Exercise_Guide_Chapter_9\guia_9\guia_9.srcs\sources_1\new\myLatchD_Clr.vhd:]
WARNING: [filemgmt 56-199] Attempt to get parsing info during refresh. "On-the-fly" syntax checking information may be incorrect. [C:\Users\Facun\Desktop\TD1_TPS_Locales\Exercise_Guide_Chapter_9\guia_9\guia_9.srcs\sources_1\new\myFFDR.vhd:]
WARNING: [filemgmt 56-199] Attempt to get parsing info during refresh. "On-the-fly" syntax checking information may be incorrect. [C:\Users\Facun\Desktop\TD1_TPS_Locales\Exercise_Guide_Chapter_9\guia_9\guia_9.srcs\sources_1\new\myFFDREna.vhd:]
WARNING: [filemgmt 56-199] Attempt to get parsing info during refresh. "On-the-fly" syntax checking information may be incorrect. [C:\Users\Facun\Desktop\TD1_TPS_Locales\Exercise_Guide_Chapter_9\guia_9\guia_9.srcs\sources_1\new\myFFDREna.vhd:]
WARNING: [filemgmt 56-199] Attempt to get parsing info during refresh. "On-the-fly" syntax checking information may be incorrect. [C:\Users\Facun\Desktop\TD1_TPS_Locales\Exercise_Guide_Chapter_9\guia_9\guia_9.srcs\sources_1\new\myFFDREna.vhd:]
WARNING: [filemgmt 56-199] Attempt to get parsing info during refresh. "On-the-fly" syntax checking information may be incorrect. [C:\Users\Facun\Desktop\TD1_TPS_Locales\Exercise_Guide_Chapter_9\guia_9\guia_9.srcs\sources_1\new\myLatchD_Clr.vhd:]
WARNING: [filemgmt 56-199] Attempt to get parsing info during refresh. "On-the-fly" syntax checking information may be incorrect. [C:\Users\Facun\Desktop\TD1_TPS_Locales\Exercise_Guide_Chapter_9\guia_9\guia_9.srcs\sources_1\new\myFFDR.vhd:]
WARNING: [filemgmt 56-199] Attempt to get parsing info during refresh. "On-the-fly" syntax checking information may be incorrect. [C:\Users\Facun\Desktop\TD1_TPS_Locales\Exercise_Guide_Chapter_9\guia_9\guia_9.srcs\sources_1\new\myLatchD_Clr.vhd:]
WARNING: [filemgmt 56-199] Attempt to get parsing info during refresh. "On-the-fly" syntax checking information may be incorrect. [C:\Users\Facun\Desktop\TD1_TPS_Locales\Exercise_Guide_Chapter_9\guia_9\guia_9.srcs\sources_1\new\myLatchD_Clr.vhd:]
ERROR: [Common 17-180] Spawn failed: No error
WARNING: [filemgmt 56-199] Attempt to get parsing info during refresh. "On-the-fly" syntax checking information may be incorrect. [C:\Users\Facun\Desktop\TD1_TPS_Locales\Exercise_Guide_Chapter_9\guia_9\guia_9.srcs\sources_1\new\myFFDREna.vhd:]
WARNING: [filemgmt 56-199] Attempt to get parsing info during refresh. "On-the-fly" syntax checking information may be incorrect. [C:\Users\Facun\Desktop\TD1_TPS_Locales\Exercise_Guide_Chapter_9\guia_9\guia_9.srcs\sources_1\new\myLatchD_Clr.vhd:]
WARNING: [filemgmt 56-199] Attempt to get parsing info during refresh. "On-the-fly" syntax checking information may be incorrect. [C:\Users\Facun\Desktop\TD1_TPS_Locales\Exercise_Guide_Chapter_9\guia_9\guia_9.srcs\sources_1\new\myFFDR.vhd:]
WARNING: [filemgmt 56-199] Attempt to get parsing info during refresh. "On-the-fly" syntax checking information may be incorrect. [C:\Users\Facun\Desktop\TD1_TPS_Locales\Exercise_Guide_Chapter_9\guia_9\guia_9.srcs\sources_1\new\myFFDREna.vhd:]
WARNING: [filemgmt 56-199] Attempt to get parsing info during refresh. "On-the-fly" syntax checking information may be incorrect. [C:\Users\Facun\Desktop\TD1_TPS_Locales\Exercise_Guide_Chapter_9\guia_9\guia_9.srcs\sources_1\new\myFFDREna.vhd:]
WARNING: [filemgmt 56-199] Attempt to get parsing info during refresh. "On-the-fly" syntax checking information may be incorrect. [C:\Users\Facun\Desktop\TD1_TPS_Locales\Exercise_Guide_Chapter_9\guia_9\guia_9.srcs\sources_1\new\myFFDREna.vhd:]
WARNING: [filemgmt 56-199] Attempt to get parsing info during refresh. "On-the-fly" syntax checking information may be incorrect. [C:\Users\Facun\Desktop\TD1_TPS_Locales\Exercise_Guide_Chapter_9\guia_9\guia_9.srcs\sources_1\new\myLatchD_Clr.vhd:]
WARNING: [filemgmt 56-199] Attempt to get parsing info during refresh. "On-the-fly" syntax checking information may be incorrect. [C:\Users\Facun\Desktop\TD1_TPS_Locales\Exercise_Guide_Chapter_9\guia_9\guia_9.srcs\sources_1\new\myFFDR.vhd:]
WARNING: [filemgmt 56-199] Attempt to get parsing info during refresh. "On-the-fly" syntax checking information may be incorrect. [C:\Users\Facun\Desktop\TD1_TPS_Locales\Exercise_Guide_Chapter_9\guia_9\guia_9.srcs\sources_1\new\myLatchD_Clr.vhd:]
WARNING: [filemgmt 56-199] Attempt to get parsing info during refresh. "On-the-fly" syntax checking information may be incorrect. [C:\Users\Facun\Desktop\TD1_TPS_Locales\Exercise_Guide_Chapter_9\guia_9\guia_9.srcs\sources_1\new\myLatchD_Clr.vhd:]
WARNING: [filemgmt 56-199] Attempt to get parsing info during refresh. "On-the-fly" syntax checking information may be incorrect. [C:\Users\Facun\Desktop\TD1_TPS_Locales\Exercise_Guide_Chapter_9\guia_9\guia_9.srcs\sources_1\new\myFFDREna.vhd:]
WARNING: [filemgmt 56-199] Attempt to get parsing info during refresh. "On-the-fly" syntax checking information may be incorrect. [C:\Users\Facun\Desktop\TD1_TPS_Locales\Exercise_Guide_Chapter_9\guia_9\guia_9.srcs\sources_1\new\myLatchD_Clr.vhd:]
WARNING: [filemgmt 56-199] Attempt to get parsing info during refresh. "On-the-fly" syntax checking information may be incorrect. [C:\Users\Facun\Desktop\TD1_TPS_Locales\Exercise_Guide_Chapter_9\guia_9\guia_9.srcs\sources_1\new\myFFDR.vhd:]
WARNING: [filemgmt 56-199] Attempt to get parsing info during refresh. "On-the-fly" syntax checking information may be incorrect. [C:\Users\Facun\Desktop\TD1_TPS_Locales\Exercise_Guide_Chapter_9\guia_9\guia_9.srcs\sources_1\new\myFFDREna.vhd:]
WARNING: [filemgmt 56-199] Attempt to get parsing info during refresh. "On-the-fly" syntax checking information may be incorrect. [C:\Users\Facun\Desktop\TD1_TPS_Locales\Exercise_Guide_Chapter_9\guia_9\guia_9.srcs\sources_1\new\myFFDREna.vhd:]
WARNING: [filemgmt 56-199] Attempt to get parsing info during refresh. "On-the-fly" syntax checking information may be incorrect. [C:\Users\Facun\Desktop\TD1_TPS_Locales\Exercise_Guide_Chapter_9\guia_9\guia_9.srcs\sources_1\new\myFFDREna.vhd:]
WARNING: [filemgmt 56-199] Attempt to get parsing info during refresh. "On-the-fly" syntax checking information may be incorrect. [C:\Users\Facun\Desktop\TD1_TPS_Locales\Exercise_Guide_Chapter_9\guia_9\guia_9.srcs\sources_1\new\myLatchD_Clr.vhd:]
WARNING: [filemgmt 56-199] Attempt to get parsing info during refresh. "On-the-fly" syntax checking information may be incorrect. [C:\Users\Facun\Desktop\TD1_TPS_Locales\Exercise_Guide_Chapter_9\guia_9\guia_9.srcs\sources_1\new\myFFDR.vhd:]
WARNING: [filemgmt 56-199] Attempt to get parsing info during refresh. "On-the-fly" syntax checking information may be incorrect. [C:\Users\Facun\Desktop\TD1_TPS_Locales\Exercise_Guide_Chapter_9\guia_9\guia_9.srcs\sources_1\new\myFFDR.vhd:]
WARNING: [filemgmt 56-199] Attempt to get parsing info during refresh. "On-the-fly" syntax checking information may be incorrect. [C:\Users\Facun\Desktop\TD1_TPS_Locales\Exercise_Guide_Chapter_9\guia_9\guia_9.srcs\sources_1\new\myFFDR.vhd:]
close [ open C:/Users/Facun/Desktop/TD1_TPS_Locales/Exercise_Guide_Chapter_9/guia_9/guia_9.srcs/sources_1/new/myFFDREnaClr.vhd w ]
add_files C:/Users/Facun/Desktop/TD1_TPS_Locales/Exercise_Guide_Chapter_9/guia_9/guia_9.srcs/sources_1/new/myFFDREnaClr.vhd
WARNING: [filemgmt 56-199] Attempt to get parsing info during refresh. "On-the-fly" syntax checking information may be incorrect. [C:\Users\Facun\Desktop\TD1_TPS_Locales\Exercise_Guide_Chapter_9\guia_9\guia_9.srcs\sources_1\new\myFFDREna.vhd:]
WARNING: [filemgmt 56-199] Attempt to get parsing info during refresh. "On-the-fly" syntax checking information may be incorrect. [C:\Users\Facun\Desktop\TD1_TPS_Locales\Exercise_Guide_Chapter_9\guia_9\guia_9.srcs\sources_1\new\myLatchD_Clr.vhd:]
WARNING: [filemgmt 56-199] Attempt to get parsing info during refresh. "On-the-fly" syntax checking information may be incorrect. [C:\Users\Facun\Desktop\TD1_TPS_Locales\Exercise_Guide_Chapter_9\guia_9\guia_9.srcs\sources_1\new\myFFDR.vhd:]
WARNING: [filemgmt 56-199] Attempt to get parsing info during refresh. "On-the-fly" syntax checking information may be incorrect. [C:\Users\Facun\Desktop\TD1_TPS_Locales\Exercise_Guide_Chapter_9\guia_9\guia_9.srcs\sources_1\new\myFFDREna.vhd:]
WARNING: [filemgmt 56-199] Attempt to get parsing info during refresh. "On-the-fly" syntax checking information may be incorrect. [C:\Users\Facun\Desktop\TD1_TPS_Locales\Exercise_Guide_Chapter_9\guia_9\guia_9.srcs\sources_1\new\myFFDREna.vhd:]
ERROR: [Common 17-180] Spawn failed: No error
WARNING: [filemgmt 56-199] Attempt to get parsing info during refresh. "On-the-fly" syntax checking information may be incorrect. [C:\Users\Facun\Desktop\TD1_TPS_Locales\Exercise_Guide_Chapter_9\guia_9\guia_9.srcs\sources_1\new\myFFDREna.vhd:]
WARNING: [filemgmt 56-199] Attempt to get parsing info during refresh. "On-the-fly" syntax checking information may be incorrect. [C:\Users\Facun\Desktop\TD1_TPS_Locales\Exercise_Guide_Chapter_9\guia_9\guia_9.srcs\sources_1\new\myLatchD_Clr.vhd:]
WARNING: [filemgmt 56-199] Attempt to get parsing info during refresh. "On-the-fly" syntax checking information may be incorrect. [C:\Users\Facun\Desktop\TD1_TPS_Locales\Exercise_Guide_Chapter_9\guia_9\guia_9.srcs\sources_1\new\myFFDR.vhd:]
WARNING: [filemgmt 56-199] Attempt to get parsing info during refresh. "On-the-fly" syntax checking information may be incorrect. [C:\Users\Facun\Desktop\TD1_TPS_Locales\Exercise_Guide_Chapter_9\guia_9\guia_9.srcs\sources_1\new\myFFDR.vhd:]
WARNING: [filemgmt 56-199] Attempt to get parsing info during refresh. "On-the-fly" syntax checking information may be incorrect. [C:\Users\Facun\Desktop\TD1_TPS_Locales\Exercise_Guide_Chapter_9\guia_9\guia_9.srcs\sources_1\new\myFFDR.vhd:]
WARNING: [filemgmt 56-199] Attempt to get parsing info during refresh. "On-the-fly" syntax checking information may be incorrect. [C:\Users\Facun\Desktop\TD1_TPS_Locales\Exercise_Guide_Chapter_9\guia_9\guia_9.srcs\sources_1\new\myFFDREna.vhd:]
WARNING: [filemgmt 56-199] Attempt to get parsing info during refresh. "On-the-fly" syntax checking information may be incorrect. [C:\Users\Facun\Desktop\TD1_TPS_Locales\Exercise_Guide_Chapter_9\guia_9\guia_9.srcs\sources_1\new\myLatchD_Clr.vhd:]
WARNING: [filemgmt 56-199] Attempt to get parsing info during refresh. "On-the-fly" syntax checking information may be incorrect. [C:\Users\Facun\Desktop\TD1_TPS_Locales\Exercise_Guide_Chapter_9\guia_9\guia_9.srcs\sources_1\new\myFFDR.vhd:]
WARNING: [filemgmt 56-199] Attempt to get parsing info during refresh. "On-the-fly" syntax checking information may be incorrect. [C:\Users\Facun\Desktop\TD1_TPS_Locales\Exercise_Guide_Chapter_9\guia_9\guia_9.srcs\sources_1\new\myLatchD_Clr.vhd:]
WARNING: [filemgmt 56-199] Attempt to get parsing info during refresh. "On-the-fly" syntax checking information may be incorrect. [C:\Users\Facun\Desktop\TD1_TPS_Locales\Exercise_Guide_Chapter_9\guia_9\guia_9.srcs\sources_1\new\myLatchD_Clr.vhd:]
update_compile_order -fileset sources_1
WARNING: [filemgmt 56-199] Attempt to get parsing info during refresh. "On-the-fly" syntax checking information may be incorrect. [C:\Users\Facun\Desktop\TD1_TPS_Locales\Exercise_Guide_Chapter_9\guia_9\guia_9.srcs\sources_1\new\myFFDREna.vhd:]
WARNING: [filemgmt 56-199] Attempt to get parsing info during refresh. "On-the-fly" syntax checking information may be incorrect. [C:\Users\Facun\Desktop\TD1_TPS_Locales\Exercise_Guide_Chapter_9\guia_9\guia_9.srcs\sources_1\new\myLatchD_Clr.vhd:]
WARNING: [filemgmt 56-199] Attempt to get parsing info during refresh. "On-the-fly" syntax checking information may be incorrect. [C:\Users\Facun\Desktop\TD1_TPS_Locales\Exercise_Guide_Chapter_9\guia_9\guia_9.srcs\sources_1\new\myFFDR.vhd:]
WARNING: [filemgmt 56-199] Attempt to get parsing info during refresh. "On-the-fly" syntax checking information may be incorrect. [C:\Users\Facun\Desktop\TD1_TPS_Locales\Exercise_Guide_Chapter_9\guia_9\guia_9.srcs\sources_1\new\myFFDREna.vhd:]
WARNING: [filemgmt 56-199] Attempt to get parsing info during refresh. "On-the-fly" syntax checking information may be incorrect. [C:\Users\Facun\Desktop\TD1_TPS_Locales\Exercise_Guide_Chapter_9\guia_9\guia_9.srcs\sources_1\new\myFFDREna.vhd:]
WARNING: [filemgmt 56-199] Attempt to get parsing info during refresh. "On-the-fly" syntax checking information may be incorrect. [C:\Users\Facun\Desktop\TD1_TPS_Locales\Exercise_Guide_Chapter_9\guia_9\guia_9.srcs\sources_1\new\myFFDREna.vhd:]
WARNING: [filemgmt 56-199] Attempt to get parsing info during refresh. "On-the-fly" syntax checking information may be incorrect. [C:\Users\Facun\Desktop\TD1_TPS_Locales\Exercise_Guide_Chapter_9\guia_9\guia_9.srcs\sources_1\new\myFFDREnaClr.vhd:]
WARNING: [filemgmt 56-199] Attempt to get parsing info during refresh. "On-the-fly" syntax checking information may be incorrect. [C:\Users\Facun\Desktop\TD1_TPS_Locales\Exercise_Guide_Chapter_9\guia_9\guia_9.srcs\sources_1\new\myLatchD_Clr.vhd:]
WARNING: [filemgmt 56-199] Attempt to get parsing info during refresh. "On-the-fly" syntax checking information may be incorrect. [C:\Users\Facun\Desktop\TD1_TPS_Locales\Exercise_Guide_Chapter_9\guia_9\guia_9.srcs\sources_1\new\myFFDR.vhd:]
WARNING: [filemgmt 56-199] Attempt to get parsing info during refresh. "On-the-fly" syntax checking information may be incorrect. [C:\Users\Facun\Desktop\TD1_TPS_Locales\Exercise_Guide_Chapter_9\guia_9\guia_9.srcs\sources_1\new\myFFDREnaClr.vhd:]
WARNING: [filemgmt 56-199] Attempt to get parsing info during refresh. "On-the-fly" syntax checking information may be incorrect. [C:\Users\Facun\Desktop\TD1_TPS_Locales\Exercise_Guide_Chapter_9\guia_9\guia_9.srcs\sources_1\new\myFFDREnaClr.vhd:]
WARNING: [filemgmt 56-199] Attempt to get parsing info during refresh. "On-the-fly" syntax checking information may be incorrect. [C:\Users\Facun\Desktop\TD1_TPS_Locales\Exercise_Guide_Chapter_9\guia_9\guia_9.srcs\sources_1\new\myFFDREna.vhd:]
WARNING: [filemgmt 56-199] Attempt to get parsing info during refresh. "On-the-fly" syntax checking information may be incorrect. [C:\Users\Facun\Desktop\TD1_TPS_Locales\Exercise_Guide_Chapter_9\guia_9\guia_9.srcs\sources_1\new\myFFDREnaClr.vhd:]
WARNING: [filemgmt 56-199] Attempt to get parsing info during refresh. "On-the-fly" syntax checking information may be incorrect. [C:\Users\Facun\Desktop\TD1_TPS_Locales\Exercise_Guide_Chapter_9\guia_9\guia_9.srcs\sources_1\new\myLatchD_Clr.vhd:]
WARNING: [filemgmt 56-199] Attempt to get parsing info during refresh. "On-the-fly" syntax checking information may be incorrect. [C:\Users\Facun\Desktop\TD1_TPS_Locales\Exercise_Guide_Chapter_9\guia_9\guia_9.srcs\sources_1\new\myFFDR.vhd:]
WARNING: [filemgmt 56-199] Attempt to get parsing info during refresh. "On-the-fly" syntax checking information may be incorrect. [C:\Users\Facun\Desktop\TD1_TPS_Locales\Exercise_Guide_Chapter_9\guia_9\guia_9.srcs\sources_1\new\myFFDREna.vhd:]
WARNING: [filemgmt 56-199] Attempt to get parsing info during refresh. "On-the-fly" syntax checking information may be incorrect. [C:\Users\Facun\Desktop\TD1_TPS_Locales\Exercise_Guide_Chapter_9\guia_9\guia_9.srcs\sources_1\new\myFFDREna.vhd:]
ERROR: [Common 17-180] Spawn failed: No error
WARNING: [filemgmt 56-199] Attempt to get parsing info during refresh. "On-the-fly" syntax checking information may be incorrect. [C:\Users\Facun\Desktop\TD1_TPS_Locales\Exercise_Guide_Chapter_9\guia_9\guia_9.srcs\sources_1\new\myFFDREna.vhd:]
WARNING: [filemgmt 56-199] Attempt to get parsing info during refresh. "On-the-fly" syntax checking information may be incorrect. [C:\Users\Facun\Desktop\TD1_TPS_Locales\Exercise_Guide_Chapter_9\guia_9\guia_9.srcs\sources_1\new\myFFDREnaClr.vhd:]
WARNING: [filemgmt 56-199] Attempt to get parsing info during refresh. "On-the-fly" syntax checking information may be incorrect. [C:\Users\Facun\Desktop\TD1_TPS_Locales\Exercise_Guide_Chapter_9\guia_9\guia_9.srcs\sources_1\new\myLatchD_Clr.vhd:]
WARNING: [filemgmt 56-199] Attempt to get parsing info during refresh. "On-the-fly" syntax checking information may be incorrect. [C:\Users\Facun\Desktop\TD1_TPS_Locales\Exercise_Guide_Chapter_9\guia_9\guia_9.srcs\sources_1\new\myFFDR.vhd:]
WARNING: [filemgmt 56-199] Attempt to get parsing info during refresh. "On-the-fly" syntax checking information may be incorrect. [C:\Users\Facun\Desktop\TD1_TPS_Locales\Exercise_Guide_Chapter_9\guia_9\guia_9.srcs\sources_1\new\myFFDR.vhd:]
WARNING: [filemgmt 56-199] Attempt to get parsing info during refresh. "On-the-fly" syntax checking information may be incorrect. [C:\Users\Facun\Desktop\TD1_TPS_Locales\Exercise_Guide_Chapter_9\guia_9\guia_9.srcs\sources_1\new\myFFDR.vhd:]
ERROR: [Common 17-180] Spawn failed: No error
WARNING: [filemgmt 56-199] Attempt to get parsing info during refresh. "On-the-fly" syntax checking information may be incorrect. [C:\Users\Facun\Desktop\TD1_TPS_Locales\Exercise_Guide_Chapter_9\guia_9\guia_9.srcs\sources_1\new\myFFDREna.vhd:]
WARNING: [filemgmt 56-199] Attempt to get parsing info during refresh. "On-the-fly" syntax checking information may be incorrect. [C:\Users\Facun\Desktop\TD1_TPS_Locales\Exercise_Guide_Chapter_9\guia_9\guia_9.srcs\sources_1\new\myFFDREnaClr.vhd:]
WARNING: [filemgmt 56-199] Attempt to get parsing info during refresh. "On-the-fly" syntax checking information may be incorrect. [C:\Users\Facun\Desktop\TD1_TPS_Locales\Exercise_Guide_Chapter_9\guia_9\guia_9.srcs\sources_1\new\myLatchD_Clr.vhd:]
WARNING: [filemgmt 56-199] Attempt to get parsing info during refresh. "On-the-fly" syntax checking information may be incorrect. [C:\Users\Facun\Desktop\TD1_TPS_Locales\Exercise_Guide_Chapter_9\guia_9\guia_9.srcs\sources_1\new\myFFDR.vhd:]
WARNING: [filemgmt 56-199] Attempt to get parsing info during refresh. "On-the-fly" syntax checking information may be incorrect. [C:\Users\Facun\Desktop\TD1_TPS_Locales\Exercise_Guide_Chapter_9\guia_9\guia_9.srcs\sources_1\new\myLatchD_Clr.vhd:]
WARNING: [filemgmt 56-199] Attempt to get parsing info during refresh. "On-the-fly" syntax checking information may be incorrect. [C:\Users\Facun\Desktop\TD1_TPS_Locales\Exercise_Guide_Chapter_9\guia_9\guia_9.srcs\sources_1\new\myLatchD_Clr.vhd:]
WARNING: [filemgmt 56-199] Attempt to get parsing info during refresh. "On-the-fly" syntax checking information may be incorrect. [C:\Users\Facun\Desktop\TD1_TPS_Locales\Exercise_Guide_Chapter_9\guia_9\guia_9.srcs\sources_1\new\myFFDREna.vhd:]
WARNING: [filemgmt 56-199] Attempt to get parsing info during refresh. "On-the-fly" syntax checking information may be incorrect. [C:\Users\Facun\Desktop\TD1_TPS_Locales\Exercise_Guide_Chapter_9\guia_9\guia_9.srcs\sources_1\new\myFFDREnaClr.vhd:]
WARNING: [filemgmt 56-199] Attempt to get parsing info during refresh. "On-the-fly" syntax checking information may be incorrect. [C:\Users\Facun\Desktop\TD1_TPS_Locales\Exercise_Guide_Chapter_9\guia_9\guia_9.srcs\sources_1\new\myLatchD_Clr.vhd:]
WARNING: [filemgmt 56-199] Attempt to get parsing info during refresh. "On-the-fly" syntax checking information may be incorrect. [C:\Users\Facun\Desktop\TD1_TPS_Locales\Exercise_Guide_Chapter_9\guia_9\guia_9.srcs\sources_1\new\myFFDR.vhd:]
WARNING: [filemgmt 56-199] Attempt to get parsing info during refresh. "On-the-fly" syntax checking information may be incorrect. [C:\Users\Facun\Desktop\TD1_TPS_Locales\Exercise_Guide_Chapter_9\guia_9\guia_9.srcs\sources_1\new\myFFDREnaClr.vhd:]
WARNING: [filemgmt 56-199] Attempt to get parsing info during refresh. "On-the-fly" syntax checking information may be incorrect. [C:\Users\Facun\Desktop\TD1_TPS_Locales\Exercise_Guide_Chapter_9\guia_9\guia_9.srcs\sources_1\new\myFFDREnaClr.vhd:]
ERROR: [Common 17-180] Spawn failed: No error
WARNING: [filemgmt 56-199] Attempt to get parsing info during refresh. "On-the-fly" syntax checking information may be incorrect. [C:\Users\Facun\Desktop\TD1_TPS_Locales\Exercise_Guide_Chapter_9\guia_9\guia_9.srcs\sources_1\new\myFFDREna.vhd:]
WARNING: [filemgmt 56-199] Attempt to get parsing info during refresh. "On-the-fly" syntax checking information may be incorrect. [C:\Users\Facun\Desktop\TD1_TPS_Locales\Exercise_Guide_Chapter_9\guia_9\guia_9.srcs\sources_1\new\myFFDREnaClr.vhd:]
WARNING: [filemgmt 56-199] Attempt to get parsing info during refresh. "On-the-fly" syntax checking information may be incorrect. [C:\Users\Facun\Desktop\TD1_TPS_Locales\Exercise_Guide_Chapter_9\guia_9\guia_9.srcs\sources_1\new\myLatchD_Clr.vhd:]
WARNING: [filemgmt 56-199] Attempt to get parsing info during refresh. "On-the-fly" syntax checking information may be incorrect. [C:\Users\Facun\Desktop\TD1_TPS_Locales\Exercise_Guide_Chapter_9\guia_9\guia_9.srcs\sources_1\new\myFFDR.vhd:]
WARNING: [filemgmt 56-199] Attempt to get parsing info during refresh. "On-the-fly" syntax checking information may be incorrect. [C:\Users\Facun\Desktop\TD1_TPS_Locales\Exercise_Guide_Chapter_9\guia_9\guia_9.srcs\sources_1\new\myFFDR.vhd:]
WARNING: [filemgmt 56-199] Attempt to get parsing info during refresh. "On-the-fly" syntax checking information may be incorrect. [C:\Users\Facun\Desktop\TD1_TPS_Locales\Exercise_Guide_Chapter_9\guia_9\guia_9.srcs\sources_1\new\myFFDR.vhd:]
ERROR: [Common 17-180] Spawn failed: No error
WARNING: [filemgmt 56-199] Attempt to get parsing info during refresh. "On-the-fly" syntax checking information may be incorrect. [C:\Users\Facun\Desktop\TD1_TPS_Locales\Exercise_Guide_Chapter_9\guia_9\guia_9.srcs\sources_1\new\myFFDREna.vhd:]
WARNING: [filemgmt 56-199] Attempt to get parsing info during refresh. "On-the-fly" syntax checking information may be incorrect. [C:\Users\Facun\Desktop\TD1_TPS_Locales\Exercise_Guide_Chapter_9\guia_9\guia_9.srcs\sources_1\new\myFFDREnaClr.vhd:]
WARNING: [filemgmt 56-199] Attempt to get parsing info during refresh. "On-the-fly" syntax checking information may be incorrect. [C:\Users\Facun\Desktop\TD1_TPS_Locales\Exercise_Guide_Chapter_9\guia_9\guia_9.srcs\sources_1\new\myLatchD_Clr.vhd:]
WARNING: [filemgmt 56-199] Attempt to get parsing info during refresh. "On-the-fly" syntax checking information may be incorrect. [C:\Users\Facun\Desktop\TD1_TPS_Locales\Exercise_Guide_Chapter_9\guia_9\guia_9.srcs\sources_1\new\myFFDR.vhd:]
WARNING: [filemgmt 56-199] Attempt to get parsing info during refresh. "On-the-fly" syntax checking information may be incorrect. [C:\Users\Facun\Desktop\TD1_TPS_Locales\Exercise_Guide_Chapter_9\guia_9\guia_9.srcs\sources_1\new\myFFDR.vhd:]
WARNING: [filemgmt 56-199] Attempt to get parsing info during refresh. "On-the-fly" syntax checking information may be incorrect. [C:\Users\Facun\Desktop\TD1_TPS_Locales\Exercise_Guide_Chapter_9\guia_9\guia_9.srcs\sources_1\new\myFFDR.vhd:]
WARNING: [filemgmt 56-199] Attempt to get parsing info during refresh. "On-the-fly" syntax checking information may be incorrect. [C:\Users\Facun\Desktop\TD1_TPS_Locales\Exercise_Guide_Chapter_9\guia_9\guia_9.srcs\sources_1\new\myFFDREna.vhd:]
WARNING: [filemgmt 56-199] Attempt to get parsing info during refresh. "On-the-fly" syntax checking information may be incorrect. [C:\Users\Facun\Desktop\TD1_TPS_Locales\Exercise_Guide_Chapter_9\guia_9\guia_9.srcs\sources_1\new\myFFDREnaClr.vhd:]
WARNING: [filemgmt 56-199] Attempt to get parsing info during refresh. "On-the-fly" syntax checking information may be incorrect. [C:\Users\Facun\Desktop\TD1_TPS_Locales\Exercise_Guide_Chapter_9\guia_9\guia_9.srcs\sources_1\new\myLatchD_Clr.vhd:]
WARNING: [filemgmt 56-199] Attempt to get parsing info during refresh. "On-the-fly" syntax checking information may be incorrect. [C:\Users\Facun\Desktop\TD1_TPS_Locales\Exercise_Guide_Chapter_9\guia_9\guia_9.srcs\sources_1\new\myFFDR.vhd:]
WARNING: [filemgmt 56-199] Attempt to get parsing info during refresh. "On-the-fly" syntax checking information may be incorrect. [C:\Users\Facun\Desktop\TD1_TPS_Locales\Exercise_Guide_Chapter_9\guia_9\guia_9.srcs\sources_1\new\myFFDREnaClr.vhd:]
WARNING: [filemgmt 56-199] Attempt to get parsing info during refresh. "On-the-fly" syntax checking information may be incorrect. [C:\Users\Facun\Desktop\TD1_TPS_Locales\Exercise_Guide_Chapter_9\guia_9\guia_9.srcs\sources_1\new\myFFDREnaClr.vhd:]
ERROR: [Common 17-180] Spawn failed: No error
ERROR: [Common 17-180] Spawn failed: No error
WARNING: [filemgmt 56-199] Attempt to get parsing info during refresh. "On-the-fly" syntax checking information may be incorrect. [C:\Users\Facun\Desktop\TD1_TPS_Locales\Exercise_Guide_Chapter_9\guia_9\guia_9.srcs\sources_1\new\myFFDREna.vhd:]
WARNING: [filemgmt 56-199] Attempt to get parsing info during refresh. "On-the-fly" syntax checking information may be incorrect. [C:\Users\Facun\Desktop\TD1_TPS_Locales\Exercise_Guide_Chapter_9\guia_9\guia_9.srcs\sources_1\new\myFFDREnaClr.vhd:]
WARNING: [filemgmt 56-199] Attempt to get parsing info during refresh. "On-the-fly" syntax checking information may be incorrect. [C:\Users\Facun\Desktop\TD1_TPS_Locales\Exercise_Guide_Chapter_9\guia_9\guia_9.srcs\sources_1\new\myLatchD_Clr.vhd:]
WARNING: [filemgmt 56-199] Attempt to get parsing info during refresh. "On-the-fly" syntax checking information may be incorrect. [C:\Users\Facun\Desktop\TD1_TPS_Locales\Exercise_Guide_Chapter_9\guia_9\guia_9.srcs\sources_1\new\myFFDR.vhd:]
WARNING: [filemgmt 56-199] Attempt to get parsing info during refresh. "On-the-fly" syntax checking information may be incorrect. [C:\Users\Facun\Desktop\TD1_TPS_Locales\Exercise_Guide_Chapter_9\guia_9\guia_9.srcs\sources_1\new\myFFDR.vhd:]
WARNING: [filemgmt 56-199] Attempt to get parsing info during refresh. "On-the-fly" syntax checking information may be incorrect. [C:\Users\Facun\Desktop\TD1_TPS_Locales\Exercise_Guide_Chapter_9\guia_9\guia_9.srcs\sources_1\new\myFFDR.vhd:]
WARNING: [filemgmt 56-199] Attempt to get parsing info during refresh. "On-the-fly" syntax checking information may be incorrect. [C:\Users\Facun\Desktop\TD1_TPS_Locales\Exercise_Guide_Chapter_9\guia_9\guia_9.srcs\sources_1\new\myFFDREna.vhd:]
WARNING: [filemgmt 56-199] Attempt to get parsing info during refresh. "On-the-fly" syntax checking information may be incorrect. [C:\Users\Facun\Desktop\TD1_TPS_Locales\Exercise_Guide_Chapter_9\guia_9\guia_9.srcs\sources_1\new\myFFDREnaClr.vhd:]
WARNING: [filemgmt 56-199] Attempt to get parsing info during refresh. "On-the-fly" syntax checking information may be incorrect. [C:\Users\Facun\Desktop\TD1_TPS_Locales\Exercise_Guide_Chapter_9\guia_9\guia_9.srcs\sources_1\new\myLatchD_Clr.vhd:]
WARNING: [filemgmt 56-199] Attempt to get parsing info during refresh. "On-the-fly" syntax checking information may be incorrect. [C:\Users\Facun\Desktop\TD1_TPS_Locales\Exercise_Guide_Chapter_9\guia_9\guia_9.srcs\sources_1\new\myFFDR.vhd:]
WARNING: [filemgmt 56-199] Attempt to get parsing info during refresh. "On-the-fly" syntax checking information may be incorrect. [C:\Users\Facun\Desktop\TD1_TPS_Locales\Exercise_Guide_Chapter_9\guia_9\guia_9.srcs\sources_1\new\myFFDREnaClr.vhd:]
WARNING: [filemgmt 56-199] Attempt to get parsing info during refresh. "On-the-fly" syntax checking information may be incorrect. [C:\Users\Facun\Desktop\TD1_TPS_Locales\Exercise_Guide_Chapter_9\guia_9\guia_9.srcs\sources_1\new\myFFDREnaClr.vhd:]
ERROR: [Common 17-180] Spawn failed: No error
WARNING: [filemgmt 56-199] Attempt to get parsing info during refresh. "On-the-fly" syntax checking information may be incorrect. [C:\Users\Facun\Desktop\TD1_TPS_Locales\Exercise_Guide_Chapter_9\guia_9\guia_9.srcs\sources_1\new\myFFDREna.vhd:]
WARNING: [filemgmt 56-199] Attempt to get parsing info during refresh. "On-the-fly" syntax checking information may be incorrect. [C:\Users\Facun\Desktop\TD1_TPS_Locales\Exercise_Guide_Chapter_9\guia_9\guia_9.srcs\sources_1\new\myFFDREnaClr.vhd:]
WARNING: [filemgmt 56-199] Attempt to get parsing info during refresh. "On-the-fly" syntax checking information may be incorrect. [C:\Users\Facun\Desktop\TD1_TPS_Locales\Exercise_Guide_Chapter_9\guia_9\guia_9.srcs\sources_1\new\myLatchD_Clr.vhd:]
WARNING: [filemgmt 56-199] Attempt to get parsing info during refresh. "On-the-fly" syntax checking information may be incorrect. [C:\Users\Facun\Desktop\TD1_TPS_Locales\Exercise_Guide_Chapter_9\guia_9\guia_9.srcs\sources_1\new\myFFDR.vhd:]
WARNING: [filemgmt 56-199] Attempt to get parsing info during refresh. "On-the-fly" syntax checking information may be incorrect. [C:\Users\Facun\Desktop\TD1_TPS_Locales\Exercise_Guide_Chapter_9\guia_9\guia_9.srcs\sources_1\new\myLatchD_Clr.vhd:]
WARNING: [filemgmt 56-199] Attempt to get parsing info during refresh. "On-the-fly" syntax checking information may be incorrect. [C:\Users\Facun\Desktop\TD1_TPS_Locales\Exercise_Guide_Chapter_9\guia_9\guia_9.srcs\sources_1\new\myLatchD_Clr.vhd:]
ERROR: [Common 17-180] Spawn failed: No error
WARNING: [filemgmt 56-199] Attempt to get parsing info during refresh. "On-the-fly" syntax checking information may be incorrect. [C:\Users\Facun\Desktop\TD1_TPS_Locales\Exercise_Guide_Chapter_9\guia_9\guia_9.srcs\sources_1\new\myFFDREna.vhd:]
WARNING: [filemgmt 56-199] Attempt to get parsing info during refresh. "On-the-fly" syntax checking information may be incorrect. [C:\Users\Facun\Desktop\TD1_TPS_Locales\Exercise_Guide_Chapter_9\guia_9\guia_9.srcs\sources_1\new\myFFDREnaClr.vhd:]
WARNING: [filemgmt 56-199] Attempt to get parsing info during refresh. "On-the-fly" syntax checking information may be incorrect. [C:\Users\Facun\Desktop\TD1_TPS_Locales\Exercise_Guide_Chapter_9\guia_9\guia_9.srcs\sources_1\new\myLatchD_Clr.vhd:]
WARNING: [filemgmt 56-199] Attempt to get parsing info during refresh. "On-the-fly" syntax checking information may be incorrect. [C:\Users\Facun\Desktop\TD1_TPS_Locales\Exercise_Guide_Chapter_9\guia_9\guia_9.srcs\sources_1\new\myFFDR.vhd:]
WARNING: [filemgmt 56-199] Attempt to get parsing info during refresh. "On-the-fly" syntax checking information may be incorrect. [C:\Users\Facun\Desktop\TD1_TPS_Locales\Exercise_Guide_Chapter_9\guia_9\guia_9.srcs\sources_1\new\myFFDR.vhd:]
WARNING: [filemgmt 56-199] Attempt to get parsing info during refresh. "On-the-fly" syntax checking information may be incorrect. [C:\Users\Facun\Desktop\TD1_TPS_Locales\Exercise_Guide_Chapter_9\guia_9\guia_9.srcs\sources_1\new\myFFDR.vhd:]
WARNING: [filemgmt 56-199] Attempt to get parsing info during refresh. "On-the-fly" syntax checking information may be incorrect. [C:\Users\Facun\Desktop\TD1_TPS_Locales\Exercise_Guide_Chapter_9\guia_9\guia_9.srcs\sources_1\new\myFFDREna.vhd:]
WARNING: [filemgmt 56-199] Attempt to get parsing info during refresh. "On-the-fly" syntax checking information may be incorrect. [C:\Users\Facun\Desktop\TD1_TPS_Locales\Exercise_Guide_Chapter_9\guia_9\guia_9.srcs\sources_1\new\myFFDREnaClr.vhd:]
WARNING: [filemgmt 56-199] Attempt to get parsing info during refresh. "On-the-fly" syntax checking information may be incorrect. [C:\Users\Facun\Desktop\TD1_TPS_Locales\Exercise_Guide_Chapter_9\guia_9\guia_9.srcs\sources_1\new\myLatchD_Clr.vhd:]
WARNING: [filemgmt 56-199] Attempt to get parsing info during refresh. "On-the-fly" syntax checking information may be incorrect. [C:\Users\Facun\Desktop\TD1_TPS_Locales\Exercise_Guide_Chapter_9\guia_9\guia_9.srcs\sources_1\new\myFFDR.vhd:]
WARNING: [filemgmt 56-199] Attempt to get parsing info during refresh. "On-the-fly" syntax checking information may be incorrect. [C:\Users\Facun\Desktop\TD1_TPS_Locales\Exercise_Guide_Chapter_9\guia_9\guia_9.srcs\sources_1\new\myFFDREnaClr.vhd:]
WARNING: [filemgmt 56-199] Attempt to get parsing info during refresh. "On-the-fly" syntax checking information may be incorrect. [C:\Users\Facun\Desktop\TD1_TPS_Locales\Exercise_Guide_Chapter_9\guia_9\guia_9.srcs\sources_1\new\myFFDREnaClr.vhd:]
ERROR: [Common 17-180] Spawn failed: No error
WARNING: [filemgmt 56-199] Attempt to get parsing info during refresh. "On-the-fly" syntax checking information may be incorrect. [C:\Users\Facun\Desktop\TD1_TPS_Locales\Exercise_Guide_Chapter_9\guia_9\guia_9.srcs\sources_1\new\myFFDREna.vhd:]
WARNING: [filemgmt 56-199] Attempt to get parsing info during refresh. "On-the-fly" syntax checking information may be incorrect. [C:\Users\Facun\Desktop\TD1_TPS_Locales\Exercise_Guide_Chapter_9\guia_9\guia_9.srcs\sources_1\new\myFFDREnaClr.vhd:]
WARNING: [filemgmt 56-199] Attempt to get parsing info during refresh. "On-the-fly" syntax checking information may be incorrect. [C:\Users\Facun\Desktop\TD1_TPS_Locales\Exercise_Guide_Chapter_9\guia_9\guia_9.srcs\sources_1\new\myLatchD_Clr.vhd:]
WARNING: [filemgmt 56-199] Attempt to get parsing info during refresh. "On-the-fly" syntax checking information may be incorrect. [C:\Users\Facun\Desktop\TD1_TPS_Locales\Exercise_Guide_Chapter_9\guia_9\guia_9.srcs\sources_1\new\myFFDR.vhd:]
WARNING: [filemgmt 56-199] Attempt to get parsing info during refresh. "On-the-fly" syntax checking information may be incorrect. [C:\Users\Facun\Desktop\TD1_TPS_Locales\Exercise_Guide_Chapter_9\guia_9\guia_9.srcs\sources_1\new\myFFDREna.vhd:]
WARNING: [filemgmt 56-199] Attempt to get parsing info during refresh. "On-the-fly" syntax checking information may be incorrect. [C:\Users\Facun\Desktop\TD1_TPS_Locales\Exercise_Guide_Chapter_9\guia_9\guia_9.srcs\sources_1\new\myFFDREna.vhd:]
ERROR: [Common 17-180] Spawn failed: No error
WARNING: [filemgmt 56-199] Attempt to get parsing info during refresh. "On-the-fly" syntax checking information may be incorrect. [C:\Users\Facun\Desktop\TD1_TPS_Locales\Exercise_Guide_Chapter_9\guia_9\guia_9.srcs\sources_1\new\myFFDREna.vhd:]
WARNING: [filemgmt 56-199] Attempt to get parsing info during refresh. "On-the-fly" syntax checking information may be incorrect. [C:\Users\Facun\Desktop\TD1_TPS_Locales\Exercise_Guide_Chapter_9\guia_9\guia_9.srcs\sources_1\new\myFFDREnaClr.vhd:]
WARNING: [filemgmt 56-199] Attempt to get parsing info during refresh. "On-the-fly" syntax checking information may be incorrect. [C:\Users\Facun\Desktop\TD1_TPS_Locales\Exercise_Guide_Chapter_9\guia_9\guia_9.srcs\sources_1\new\myLatchD_Clr.vhd:]
WARNING: [filemgmt 56-199] Attempt to get parsing info during refresh. "On-the-fly" syntax checking information may be incorrect. [C:\Users\Facun\Desktop\TD1_TPS_Locales\Exercise_Guide_Chapter_9\guia_9\guia_9.srcs\sources_1\new\myFFDR.vhd:]
WARNING: [filemgmt 56-199] Attempt to get parsing info during refresh. "On-the-fly" syntax checking information may be incorrect. [C:\Users\Facun\Desktop\TD1_TPS_Locales\Exercise_Guide_Chapter_9\guia_9\guia_9.srcs\sources_1\new\myFFDR.vhd:]
WARNING: [filemgmt 56-199] Attempt to get parsing info during refresh. "On-the-fly" syntax checking information may be incorrect. [C:\Users\Facun\Desktop\TD1_TPS_Locales\Exercise_Guide_Chapter_9\guia_9\guia_9.srcs\sources_1\new\myFFDR.vhd:]
WARNING: [filemgmt 56-199] Attempt to get parsing info during refresh. "On-the-fly" syntax checking information may be incorrect. [C:\Users\Facun\Desktop\TD1_TPS_Locales\Exercise_Guide_Chapter_9\guia_9\guia_9.srcs\sources_1\new\myFFDREna.vhd:]
WARNING: [filemgmt 56-199] Attempt to get parsing info during refresh. "On-the-fly" syntax checking information may be incorrect. [C:\Users\Facun\Desktop\TD1_TPS_Locales\Exercise_Guide_Chapter_9\guia_9\guia_9.srcs\sources_1\new\myFFDREnaClr.vhd:]
WARNING: [filemgmt 56-199] Attempt to get parsing info during refresh. "On-the-fly" syntax checking information may be incorrect. [C:\Users\Facun\Desktop\TD1_TPS_Locales\Exercise_Guide_Chapter_9\guia_9\guia_9.srcs\sources_1\new\myLatchD_Clr.vhd:]
WARNING: [filemgmt 56-199] Attempt to get parsing info during refresh. "On-the-fly" syntax checking information may be incorrect. [C:\Users\Facun\Desktop\TD1_TPS_Locales\Exercise_Guide_Chapter_9\guia_9\guia_9.srcs\sources_1\new\myFFDR.vhd:]
WARNING: [filemgmt 56-199] Attempt to get parsing info during refresh. "On-the-fly" syntax checking information may be incorrect. [C:\Users\Facun\Desktop\TD1_TPS_Locales\Exercise_Guide_Chapter_9\guia_9\guia_9.srcs\sources_1\new\myFFDREnaClr.vhd:]
WARNING: [filemgmt 56-199] Attempt to get parsing info during refresh. "On-the-fly" syntax checking information may be incorrect. [C:\Users\Facun\Desktop\TD1_TPS_Locales\Exercise_Guide_Chapter_9\guia_9\guia_9.srcs\sources_1\new\myFFDREnaClr.vhd:]
ERROR: [Common 17-180] Spawn failed: No error
WARNING: [filemgmt 56-199] Attempt to get parsing info during refresh. "On-the-fly" syntax checking information may be incorrect. [C:\Users\Facun\Desktop\TD1_TPS_Locales\Exercise_Guide_Chapter_9\guia_9\guia_9.srcs\sources_1\new\myFFDREna.vhd:]
WARNING: [filemgmt 56-199] Attempt to get parsing info during refresh. "On-the-fly" syntax checking information may be incorrect. [C:\Users\Facun\Desktop\TD1_TPS_Locales\Exercise_Guide_Chapter_9\guia_9\guia_9.srcs\sources_1\new\myFFDREnaClr.vhd:]
WARNING: [filemgmt 56-199] Attempt to get parsing info during refresh. "On-the-fly" syntax checking information may be incorrect. [C:\Users\Facun\Desktop\TD1_TPS_Locales\Exercise_Guide_Chapter_9\guia_9\guia_9.srcs\sources_1\new\myLatchD_Clr.vhd:]
WARNING: [filemgmt 56-199] Attempt to get parsing info during refresh. "On-the-fly" syntax checking information may be incorrect. [C:\Users\Facun\Desktop\TD1_TPS_Locales\Exercise_Guide_Chapter_9\guia_9\guia_9.srcs\sources_1\new\myFFDR.vhd:]
WARNING: [filemgmt 56-199] Attempt to get parsing info during refresh. "On-the-fly" syntax checking information may be incorrect. [C:\Users\Facun\Desktop\TD1_TPS_Locales\Exercise_Guide_Chapter_9\guia_9\guia_9.srcs\sources_1\new\myLatchD_Clr.vhd:]
WARNING: [filemgmt 56-199] Attempt to get parsing info during refresh. "On-the-fly" syntax checking information may be incorrect. [C:\Users\Facun\Desktop\TD1_TPS_Locales\Exercise_Guide_Chapter_9\guia_9\guia_9.srcs\sources_1\new\myLatchD_Clr.vhd:]
ERROR: [Common 17-180] Spawn failed: No error
WARNING: [filemgmt 56-199] Attempt to get parsing info during refresh. "On-the-fly" syntax checking information may be incorrect. [C:\Users\Facun\Desktop\TD1_TPS_Locales\Exercise_Guide_Chapter_9\guia_9\guia_9.srcs\sources_1\new\myFFDREna.vhd:]
WARNING: [filemgmt 56-199] Attempt to get parsing info during refresh. "On-the-fly" syntax checking information may be incorrect. [C:\Users\Facun\Desktop\TD1_TPS_Locales\Exercise_Guide_Chapter_9\guia_9\guia_9.srcs\sources_1\new\myFFDREnaClr.vhd:]
WARNING: [filemgmt 56-199] Attempt to get parsing info during refresh. "On-the-fly" syntax checking information may be incorrect. [C:\Users\Facun\Desktop\TD1_TPS_Locales\Exercise_Guide_Chapter_9\guia_9\guia_9.srcs\sources_1\new\myLatchD_Clr.vhd:]
WARNING: [filemgmt 56-199] Attempt to get parsing info during refresh. "On-the-fly" syntax checking information may be incorrect. [C:\Users\Facun\Desktop\TD1_TPS_Locales\Exercise_Guide_Chapter_9\guia_9\guia_9.srcs\sources_1\new\myFFDR.vhd:]
WARNING: [filemgmt 56-199] Attempt to get parsing info during refresh. "On-the-fly" syntax checking information may be incorrect. [C:\Users\Facun\Desktop\TD1_TPS_Locales\Exercise_Guide_Chapter_9\guia_9\guia_9.srcs\sources_1\new\myLatchD_Clr.vhd:]
WARNING: [filemgmt 56-199] Attempt to get parsing info during refresh. "On-the-fly" syntax checking information may be incorrect. [C:\Users\Facun\Desktop\TD1_TPS_Locales\Exercise_Guide_Chapter_9\guia_9\guia_9.srcs\sources_1\new\myLatchD_Clr.vhd:]
WARNING: [filemgmt 56-199] Attempt to get parsing info during refresh. "On-the-fly" syntax checking information may be incorrect. [C:\Users\Facun\Desktop\TD1_TPS_Locales\Exercise_Guide_Chapter_9\guia_9\guia_9.srcs\sources_1\new\myFFDREna.vhd:]
WARNING: [filemgmt 56-199] Attempt to get parsing info during refresh. "On-the-fly" syntax checking information may be incorrect. [C:\Users\Facun\Desktop\TD1_TPS_Locales\Exercise_Guide_Chapter_9\guia_9\guia_9.srcs\sources_1\new\myFFDREnaClr.vhd:]
WARNING: [filemgmt 56-199] Attempt to get parsing info during refresh. "On-the-fly" syntax checking information may be incorrect. [C:\Users\Facun\Desktop\TD1_TPS_Locales\Exercise_Guide_Chapter_9\guia_9\guia_9.srcs\sources_1\new\myLatchD_Clr.vhd:]
WARNING: [filemgmt 56-199] Attempt to get parsing info during refresh. "On-the-fly" syntax checking information may be incorrect. [C:\Users\Facun\Desktop\TD1_TPS_Locales\Exercise_Guide_Chapter_9\guia_9\guia_9.srcs\sources_1\new\myFFDR.vhd:]
WARNING: [filemgmt 56-199] Attempt to get parsing info during refresh. "On-the-fly" syntax checking information may be incorrect. [C:\Users\Facun\Desktop\TD1_TPS_Locales\Exercise_Guide_Chapter_9\guia_9\guia_9.srcs\sources_1\new\myFFDREnaClr.vhd:]
WARNING: [filemgmt 56-199] Attempt to get parsing info during refresh. "On-the-fly" syntax checking information may be incorrect. [C:\Users\Facun\Desktop\TD1_TPS_Locales\Exercise_Guide_Chapter_9\guia_9\guia_9.srcs\sources_1\new\myFFDREnaClr.vhd:]
ERROR: [Common 17-180] Spawn failed: No error
WARNING: [filemgmt 56-199] Attempt to get parsing info during refresh. "On-the-fly" syntax checking information may be incorrect. [C:\Users\Facun\Desktop\TD1_TPS_Locales\Exercise_Guide_Chapter_9\guia_9\guia_9.srcs\sources_1\new\myFFDREna.vhd:]
WARNING: [filemgmt 56-199] Attempt to get parsing info during refresh. "On-the-fly" syntax checking information may be incorrect. [C:\Users\Facun\Desktop\TD1_TPS_Locales\Exercise_Guide_Chapter_9\guia_9\guia_9.srcs\sources_1\new\myFFDREnaClr.vhd:]
WARNING: [filemgmt 56-199] Attempt to get parsing info during refresh. "On-the-fly" syntax checking information may be incorrect. [C:\Users\Facun\Desktop\TD1_TPS_Locales\Exercise_Guide_Chapter_9\guia_9\guia_9.srcs\sources_1\new\myLatchD_Clr.vhd:]
WARNING: [filemgmt 56-199] Attempt to get parsing info during refresh. "On-the-fly" syntax checking information may be incorrect. [C:\Users\Facun\Desktop\TD1_TPS_Locales\Exercise_Guide_Chapter_9\guia_9\guia_9.srcs\sources_1\new\myFFDR.vhd:]
WARNING: [filemgmt 56-199] Attempt to get parsing info during refresh. "On-the-fly" syntax checking information may be incorrect. [C:\Users\Facun\Desktop\TD1_TPS_Locales\Exercise_Guide_Chapter_9\guia_9\guia_9.srcs\sources_1\new\myFFDREna.vhd:]
WARNING: [filemgmt 56-199] Attempt to get parsing info during refresh. "On-the-fly" syntax checking information may be incorrect. [C:\Users\Facun\Desktop\TD1_TPS_Locales\Exercise_Guide_Chapter_9\guia_9\guia_9.srcs\sources_1\new\myFFDREna.vhd:]
ERROR: [Common 17-180] Spawn failed: No error
WARNING: [filemgmt 56-199] Attempt to get parsing info during refresh. "On-the-fly" syntax checking information may be incorrect. [C:\Users\Facun\Desktop\TD1_TPS_Locales\Exercise_Guide_Chapter_9\guia_9\guia_9.srcs\sources_1\new\myFFDREna.vhd:]
WARNING: [filemgmt 56-199] Attempt to get parsing info during refresh. "On-the-fly" syntax checking information may be incorrect. [C:\Users\Facun\Desktop\TD1_TPS_Locales\Exercise_Guide_Chapter_9\guia_9\guia_9.srcs\sources_1\new\myFFDREnaClr.vhd:]
WARNING: [filemgmt 56-199] Attempt to get parsing info during refresh. "On-the-fly" syntax checking information may be incorrect. [C:\Users\Facun\Desktop\TD1_TPS_Locales\Exercise_Guide_Chapter_9\guia_9\guia_9.srcs\sources_1\new\myLatchD_Clr.vhd:]
WARNING: [filemgmt 56-199] Attempt to get parsing info during refresh. "On-the-fly" syntax checking information may be incorrect. [C:\Users\Facun\Desktop\TD1_TPS_Locales\Exercise_Guide_Chapter_9\guia_9\guia_9.srcs\sources_1\new\myFFDR.vhd:]
WARNING: [filemgmt 56-199] Attempt to get parsing info during refresh. "On-the-fly" syntax checking information may be incorrect. [C:\Users\Facun\Desktop\TD1_TPS_Locales\Exercise_Guide_Chapter_9\guia_9\guia_9.srcs\sources_1\new\myFFDR.vhd:]
WARNING: [filemgmt 56-199] Attempt to get parsing info during refresh. "On-the-fly" syntax checking information may be incorrect. [C:\Users\Facun\Desktop\TD1_TPS_Locales\Exercise_Guide_Chapter_9\guia_9\guia_9.srcs\sources_1\new\myFFDR.vhd:]
WARNING: [filemgmt 56-199] Attempt to get parsing info during refresh. "On-the-fly" syntax checking information may be incorrect. [C:\Users\Facun\Desktop\TD1_TPS_Locales\Exercise_Guide_Chapter_9\guia_9\guia_9.srcs\sources_1\new\myFFDREna.vhd:]
WARNING: [filemgmt 56-199] Attempt to get parsing info during refresh. "On-the-fly" syntax checking information may be incorrect. [C:\Users\Facun\Desktop\TD1_TPS_Locales\Exercise_Guide_Chapter_9\guia_9\guia_9.srcs\sources_1\new\myFFDREnaClr.vhd:]
WARNING: [filemgmt 56-199] Attempt to get parsing info during refresh. "On-the-fly" syntax checking information may be incorrect. [C:\Users\Facun\Desktop\TD1_TPS_Locales\Exercise_Guide_Chapter_9\guia_9\guia_9.srcs\sources_1\new\myLatchD_Clr.vhd:]
WARNING: [filemgmt 56-199] Attempt to get parsing info during refresh. "On-the-fly" syntax checking information may be incorrect. [C:\Users\Facun\Desktop\TD1_TPS_Locales\Exercise_Guide_Chapter_9\guia_9\guia_9.srcs\sources_1\new\myFFDR.vhd:]
WARNING: [filemgmt 56-199] Attempt to get parsing info during refresh. "On-the-fly" syntax checking information may be incorrect. [C:\Users\Facun\Desktop\TD1_TPS_Locales\Exercise_Guide_Chapter_9\guia_9\guia_9.srcs\sources_1\new\myFFDREnaClr.vhd:]
WARNING: [filemgmt 56-199] Attempt to get parsing info during refresh. "On-the-fly" syntax checking information may be incorrect. [C:\Users\Facun\Desktop\TD1_TPS_Locales\Exercise_Guide_Chapter_9\guia_9\guia_9.srcs\sources_1\new\myFFDREnaClr.vhd:]
ERROR: [Common 17-180] Spawn failed: No error
WARNING: [filemgmt 56-199] Attempt to get parsing info during refresh. "On-the-fly" syntax checking information may be incorrect. [C:\Users\Facun\Desktop\TD1_TPS_Locales\Exercise_Guide_Chapter_9\guia_9\guia_9.srcs\sources_1\new\myFFDREna.vhd:]
WARNING: [filemgmt 56-199] Attempt to get parsing info during refresh. "On-the-fly" syntax checking information may be incorrect. [C:\Users\Facun\Desktop\TD1_TPS_Locales\Exercise_Guide_Chapter_9\guia_9\guia_9.srcs\sources_1\new\myFFDREnaClr.vhd:]
WARNING: [filemgmt 56-199] Attempt to get parsing info during refresh. "On-the-fly" syntax checking information may be incorrect. [C:\Users\Facun\Desktop\TD1_TPS_Locales\Exercise_Guide_Chapter_9\guia_9\guia_9.srcs\sources_1\new\myLatchD_Clr.vhd:]
WARNING: [filemgmt 56-199] Attempt to get parsing info during refresh. "On-the-fly" syntax checking information may be incorrect. [C:\Users\Facun\Desktop\TD1_TPS_Locales\Exercise_Guide_Chapter_9\guia_9\guia_9.srcs\sources_1\new\myFFDR.vhd:]
WARNING: [filemgmt 56-199] Attempt to get parsing info during refresh. "On-the-fly" syntax checking information may be incorrect. [C:\Users\Facun\Desktop\TD1_TPS_Locales\Exercise_Guide_Chapter_9\guia_9\guia_9.srcs\sources_1\new\myFFDREna.vhd:]
WARNING: [filemgmt 56-199] Attempt to get parsing info during refresh. "On-the-fly" syntax checking information may be incorrect. [C:\Users\Facun\Desktop\TD1_TPS_Locales\Exercise_Guide_Chapter_9\guia_9\guia_9.srcs\sources_1\new\myFFDREna.vhd:]
ERROR: [Common 17-180] Spawn failed: No error
WARNING: [filemgmt 56-199] Attempt to get parsing info during refresh. "On-the-fly" syntax checking information may be incorrect. [C:\Users\Facun\Desktop\TD1_TPS_Locales\Exercise_Guide_Chapter_9\guia_9\guia_9.srcs\sources_1\new\myFFDREna.vhd:]
WARNING: [filemgmt 56-199] Attempt to get parsing info during refresh. "On-the-fly" syntax checking information may be incorrect. [C:\Users\Facun\Desktop\TD1_TPS_Locales\Exercise_Guide_Chapter_9\guia_9\guia_9.srcs\sources_1\new\myFFDREnaClr.vhd:]
WARNING: [filemgmt 56-199] Attempt to get parsing info during refresh. "On-the-fly" syntax checking information may be incorrect. [C:\Users\Facun\Desktop\TD1_TPS_Locales\Exercise_Guide_Chapter_9\guia_9\guia_9.srcs\sources_1\new\myLatchD_Clr.vhd:]
WARNING: [filemgmt 56-199] Attempt to get parsing info during refresh. "On-the-fly" syntax checking information may be incorrect. [C:\Users\Facun\Desktop\TD1_TPS_Locales\Exercise_Guide_Chapter_9\guia_9\guia_9.srcs\sources_1\new\myFFDR.vhd:]
WARNING: [filemgmt 56-199] Attempt to get parsing info during refresh. "On-the-fly" syntax checking information may be incorrect. [C:\Users\Facun\Desktop\TD1_TPS_Locales\Exercise_Guide_Chapter_9\guia_9\guia_9.srcs\sources_1\new\myFFDR.vhd:]
WARNING: [filemgmt 56-199] Attempt to get parsing info during refresh. "On-the-fly" syntax checking information may be incorrect. [C:\Users\Facun\Desktop\TD1_TPS_Locales\Exercise_Guide_Chapter_9\guia_9\guia_9.srcs\sources_1\new\myFFDR.vhd:]
WARNING: [filemgmt 56-199] Attempt to get parsing info during refresh. "On-the-fly" syntax checking information may be incorrect. [C:\Users\Facun\Desktop\TD1_TPS_Locales\Exercise_Guide_Chapter_9\guia_9\guia_9.srcs\sources_1\new\myFFDREna.vhd:]
WARNING: [filemgmt 56-199] Attempt to get parsing info during refresh. "On-the-fly" syntax checking information may be incorrect. [C:\Users\Facun\Desktop\TD1_TPS_Locales\Exercise_Guide_Chapter_9\guia_9\guia_9.srcs\sources_1\new\myFFDREnaClr.vhd:]
WARNING: [filemgmt 56-199] Attempt to get parsing info during refresh. "On-the-fly" syntax checking information may be incorrect. [C:\Users\Facun\Desktop\TD1_TPS_Locales\Exercise_Guide_Chapter_9\guia_9\guia_9.srcs\sources_1\new\myLatchD_Clr.vhd:]
WARNING: [filemgmt 56-199] Attempt to get parsing info during refresh. "On-the-fly" syntax checking information may be incorrect. [C:\Users\Facun\Desktop\TD1_TPS_Locales\Exercise_Guide_Chapter_9\guia_9\guia_9.srcs\sources_1\new\myFFDR.vhd:]
WARNING: [filemgmt 56-199] Attempt to get parsing info during refresh. "On-the-fly" syntax checking information may be incorrect. [C:\Users\Facun\Desktop\TD1_TPS_Locales\Exercise_Guide_Chapter_9\guia_9\guia_9.srcs\sources_1\new\myFFDREnaClr.vhd:]
WARNING: [filemgmt 56-199] Attempt to get parsing info during refresh. "On-the-fly" syntax checking information may be incorrect. [C:\Users\Facun\Desktop\TD1_TPS_Locales\Exercise_Guide_Chapter_9\guia_9\guia_9.srcs\sources_1\new\myFFDREnaClr.vhd:]
ERROR: [Common 17-180] Spawn failed: No error
WARNING: [filemgmt 56-199] Attempt to get parsing info during refresh. "On-the-fly" syntax checking information may be incorrect. [C:\Users\Facun\Desktop\TD1_TPS_Locales\Exercise_Guide_Chapter_9\guia_9\guia_9.srcs\sources_1\new\myFFDREna.vhd:]
WARNING: [filemgmt 56-199] Attempt to get parsing info during refresh. "On-the-fly" syntax checking information may be incorrect. [C:\Users\Facun\Desktop\TD1_TPS_Locales\Exercise_Guide_Chapter_9\guia_9\guia_9.srcs\sources_1\new\myFFDREnaClr.vhd:]
WARNING: [filemgmt 56-199] Attempt to get parsing info during refresh. "On-the-fly" syntax checking information may be incorrect. [C:\Users\Facun\Desktop\TD1_TPS_Locales\Exercise_Guide_Chapter_9\guia_9\guia_9.srcs\sources_1\new\myLatchD_Clr.vhd:]
WARNING: [filemgmt 56-199] Attempt to get parsing info during refresh. "On-the-fly" syntax checking information may be incorrect. [C:\Users\Facun\Desktop\TD1_TPS_Locales\Exercise_Guide_Chapter_9\guia_9\guia_9.srcs\sources_1\new\myFFDR.vhd:]
WARNING: [filemgmt 56-199] Attempt to get parsing info during refresh. "On-the-fly" syntax checking information may be incorrect. [C:\Users\Facun\Desktop\TD1_TPS_Locales\Exercise_Guide_Chapter_9\guia_9\guia_9.srcs\sources_1\new\myFFDREna.vhd:]
WARNING: [filemgmt 56-199] Attempt to get parsing info during refresh. "On-the-fly" syntax checking information may be incorrect. [C:\Users\Facun\Desktop\TD1_TPS_Locales\Exercise_Guide_Chapter_9\guia_9\guia_9.srcs\sources_1\new\myFFDREna.vhd:]
ERROR: [Common 17-180] Spawn failed: No error
WARNING: [filemgmt 56-199] Attempt to get parsing info during refresh. "On-the-fly" syntax checking information may be incorrect. [C:\Users\Facun\Desktop\TD1_TPS_Locales\Exercise_Guide_Chapter_9\guia_9\guia_9.srcs\sources_1\new\myFFDREna.vhd:]
WARNING: [filemgmt 56-199] Attempt to get parsing info during refresh. "On-the-fly" syntax checking information may be incorrect. [C:\Users\Facun\Desktop\TD1_TPS_Locales\Exercise_Guide_Chapter_9\guia_9\guia_9.srcs\sources_1\new\myFFDREnaClr.vhd:]
WARNING: [filemgmt 56-199] Attempt to get parsing info during refresh. "On-the-fly" syntax checking information may be incorrect. [C:\Users\Facun\Desktop\TD1_TPS_Locales\Exercise_Guide_Chapter_9\guia_9\guia_9.srcs\sources_1\new\myLatchD_Clr.vhd:]
WARNING: [filemgmt 56-199] Attempt to get parsing info during refresh. "On-the-fly" syntax checking information may be incorrect. [C:\Users\Facun\Desktop\TD1_TPS_Locales\Exercise_Guide_Chapter_9\guia_9\guia_9.srcs\sources_1\new\myFFDR.vhd:]
WARNING: [filemgmt 56-199] Attempt to get parsing info during refresh. "On-the-fly" syntax checking information may be incorrect. [C:\Users\Facun\Desktop\TD1_TPS_Locales\Exercise_Guide_Chapter_9\guia_9\guia_9.srcs\sources_1\new\myFFDR.vhd:]
WARNING: [filemgmt 56-199] Attempt to get parsing info during refresh. "On-the-fly" syntax checking information may be incorrect. [C:\Users\Facun\Desktop\TD1_TPS_Locales\Exercise_Guide_Chapter_9\guia_9\guia_9.srcs\sources_1\new\myFFDR.vhd:]
WARNING: [filemgmt 56-199] Attempt to get parsing info during refresh. "On-the-fly" syntax checking information may be incorrect. [C:\Users\Facun\Desktop\TD1_TPS_Locales\Exercise_Guide_Chapter_9\guia_9\guia_9.srcs\sources_1\new\myFFDREna.vhd:]
WARNING: [filemgmt 56-199] Attempt to get parsing info during refresh. "On-the-fly" syntax checking information may be incorrect. [C:\Users\Facun\Desktop\TD1_TPS_Locales\Exercise_Guide_Chapter_9\guia_9\guia_9.srcs\sources_1\new\myFFDREnaClr.vhd:]
WARNING: [filemgmt 56-199] Attempt to get parsing info during refresh. "On-the-fly" syntax checking information may be incorrect. [C:\Users\Facun\Desktop\TD1_TPS_Locales\Exercise_Guide_Chapter_9\guia_9\guia_9.srcs\sources_1\new\myLatchD_Clr.vhd:]
WARNING: [filemgmt 56-199] Attempt to get parsing info during refresh. "On-the-fly" syntax checking information may be incorrect. [C:\Users\Facun\Desktop\TD1_TPS_Locales\Exercise_Guide_Chapter_9\guia_9\guia_9.srcs\sources_1\new\myFFDR.vhd:]
WARNING: [filemgmt 56-199] Attempt to get parsing info during refresh. "On-the-fly" syntax checking information may be incorrect. [C:\Users\Facun\Desktop\TD1_TPS_Locales\Exercise_Guide_Chapter_9\guia_9\guia_9.srcs\sources_1\new\myFFDREna.vhd:]
WARNING: [filemgmt 56-199] Attempt to get parsing info during refresh. "On-the-fly" syntax checking information may be incorrect. [C:\Users\Facun\Desktop\TD1_TPS_Locales\Exercise_Guide_Chapter_9\guia_9\guia_9.srcs\sources_1\new\myFFDREna.vhd:]
ERROR: [Common 17-180] Spawn failed: No error
WARNING: [filemgmt 56-199] Attempt to get parsing info during refresh. "On-the-fly" syntax checking information may be incorrect. [C:\Users\Facun\Desktop\TD1_TPS_Locales\Exercise_Guide_Chapter_9\guia_9\guia_9.srcs\sources_1\new\myFFDREna.vhd:]
WARNING: [filemgmt 56-199] Attempt to get parsing info during refresh. "On-the-fly" syntax checking information may be incorrect. [C:\Users\Facun\Desktop\TD1_TPS_Locales\Exercise_Guide_Chapter_9\guia_9\guia_9.srcs\sources_1\new\myFFDREnaClr.vhd:]
WARNING: [filemgmt 56-199] Attempt to get parsing info during refresh. "On-the-fly" syntax checking information may be incorrect. [C:\Users\Facun\Desktop\TD1_TPS_Locales\Exercise_Guide_Chapter_9\guia_9\guia_9.srcs\sources_1\new\myLatchD_Clr.vhd:]
WARNING: [filemgmt 56-199] Attempt to get parsing info during refresh. "On-the-fly" syntax checking information may be incorrect. [C:\Users\Facun\Desktop\TD1_TPS_Locales\Exercise_Guide_Chapter_9\guia_9\guia_9.srcs\sources_1\new\myFFDR.vhd:]
WARNING: [filemgmt 56-199] Attempt to get parsing info during refresh. "On-the-fly" syntax checking information may be incorrect. [C:\Users\Facun\Desktop\TD1_TPS_Locales\Exercise_Guide_Chapter_9\guia_9\guia_9.srcs\sources_1\new\myLatchD_Clr.vhd:]
WARNING: [filemgmt 56-199] Attempt to get parsing info during refresh. "On-the-fly" syntax checking information may be incorrect. [C:\Users\Facun\Desktop\TD1_TPS_Locales\Exercise_Guide_Chapter_9\guia_9\guia_9.srcs\sources_1\new\myLatchD_Clr.vhd:]
ERROR: [Common 17-180] Spawn failed: No error
WARNING: [filemgmt 56-199] Attempt to get parsing info during refresh. "On-the-fly" syntax checking information may be incorrect. [C:\Users\Facun\Desktop\TD1_TPS_Locales\Exercise_Guide_Chapter_9\guia_9\guia_9.srcs\sources_1\new\myFFDREna.vhd:]
WARNING: [filemgmt 56-199] Attempt to get parsing info during refresh. "On-the-fly" syntax checking information may be incorrect. [C:\Users\Facun\Desktop\TD1_TPS_Locales\Exercise_Guide_Chapter_9\guia_9\guia_9.srcs\sources_1\new\myFFDREnaClr.vhd:]
WARNING: [filemgmt 56-199] Attempt to get parsing info during refresh. "On-the-fly" syntax checking information may be incorrect. [C:\Users\Facun\Desktop\TD1_TPS_Locales\Exercise_Guide_Chapter_9\guia_9\guia_9.srcs\sources_1\new\myLatchD_Clr.vhd:]
WARNING: [filemgmt 56-199] Attempt to get parsing info during refresh. "On-the-fly" syntax checking information may be incorrect. [C:\Users\Facun\Desktop\TD1_TPS_Locales\Exercise_Guide_Chapter_9\guia_9\guia_9.srcs\sources_1\new\myFFDR.vhd:]
WARNING: [filemgmt 56-199] Attempt to get parsing info during refresh. "On-the-fly" syntax checking information may be incorrect. [C:\Users\Facun\Desktop\TD1_TPS_Locales\Exercise_Guide_Chapter_9\guia_9\guia_9.srcs\sources_1\new\myFFDR.vhd:]
WARNING: [filemgmt 56-199] Attempt to get parsing info during refresh. "On-the-fly" syntax checking information may be incorrect. [C:\Users\Facun\Desktop\TD1_TPS_Locales\Exercise_Guide_Chapter_9\guia_9\guia_9.srcs\sources_1\new\myFFDR.vhd:]
WARNING: [filemgmt 56-199] Attempt to get parsing info during refresh. "On-the-fly" syntax checking information may be incorrect. [C:\Users\Facun\Desktop\TD1_TPS_Locales\Exercise_Guide_Chapter_9\guia_9\guia_9.srcs\sources_1\new\myFFDREna.vhd:]
WARNING: [filemgmt 56-199] Attempt to get parsing info during refresh. "On-the-fly" syntax checking information may be incorrect. [C:\Users\Facun\Desktop\TD1_TPS_Locales\Exercise_Guide_Chapter_9\guia_9\guia_9.srcs\sources_1\new\myFFDREnaClr.vhd:]
WARNING: [filemgmt 56-199] Attempt to get parsing info during refresh. "On-the-fly" syntax checking information may be incorrect. [C:\Users\Facun\Desktop\TD1_TPS_Locales\Exercise_Guide_Chapter_9\guia_9\guia_9.srcs\sources_1\new\myLatchD_Clr.vhd:]
WARNING: [filemgmt 56-199] Attempt to get parsing info during refresh. "On-the-fly" syntax checking information may be incorrect. [C:\Users\Facun\Desktop\TD1_TPS_Locales\Exercise_Guide_Chapter_9\guia_9\guia_9.srcs\sources_1\new\myFFDR.vhd:]
WARNING: [filemgmt 56-199] Attempt to get parsing info during refresh. "On-the-fly" syntax checking information may be incorrect. [C:\Users\Facun\Desktop\TD1_TPS_Locales\Exercise_Guide_Chapter_9\guia_9\guia_9.srcs\sources_1\new\myFFDREnaClr.vhd:]
WARNING: [filemgmt 56-199] Attempt to get parsing info during refresh. "On-the-fly" syntax checking information may be incorrect. [C:\Users\Facun\Desktop\TD1_TPS_Locales\Exercise_Guide_Chapter_9\guia_9\guia_9.srcs\sources_1\new\myFFDREnaClr.vhd:]
ERROR: [Common 17-180] Spawn failed: No error
WARNING: [filemgmt 56-199] Attempt to get parsing info during refresh. "On-the-fly" syntax checking information may be incorrect. [C:\Users\Facun\Desktop\TD1_TPS_Locales\Exercise_Guide_Chapter_9\guia_9\guia_9.srcs\sources_1\new\myFFDREna.vhd:]
WARNING: [filemgmt 56-199] Attempt to get parsing info during refresh. "On-the-fly" syntax checking information may be incorrect. [C:\Users\Facun\Desktop\TD1_TPS_Locales\Exercise_Guide_Chapter_9\guia_9\guia_9.srcs\sources_1\new\myFFDREnaClr.vhd:]
WARNING: [filemgmt 56-199] Attempt to get parsing info during refresh. "On-the-fly" syntax checking information may be incorrect. [C:\Users\Facun\Desktop\TD1_TPS_Locales\Exercise_Guide_Chapter_9\guia_9\guia_9.srcs\sources_1\new\myLatchD_Clr.vhd:]
WARNING: [filemgmt 56-199] Attempt to get parsing info during refresh. "On-the-fly" syntax checking information may be incorrect. [C:\Users\Facun\Desktop\TD1_TPS_Locales\Exercise_Guide_Chapter_9\guia_9\guia_9.srcs\sources_1\new\myFFDR.vhd:]
WARNING: [filemgmt 56-199] Attempt to get parsing info during refresh. "On-the-fly" syntax checking information may be incorrect. [C:\Users\Facun\Desktop\TD1_TPS_Locales\Exercise_Guide_Chapter_9\guia_9\guia_9.srcs\sources_1\new\myLatchD_Clr.vhd:]
WARNING: [filemgmt 56-199] Attempt to get parsing info during refresh. "On-the-fly" syntax checking information may be incorrect. [C:\Users\Facun\Desktop\TD1_TPS_Locales\Exercise_Guide_Chapter_9\guia_9\guia_9.srcs\sources_1\new\myLatchD_Clr.vhd:]
ERROR: [Common 17-180] Spawn failed: No error
close [ open C:/Users/Facun/Desktop/TD1_TPS_Locales/Exercise_Guide_Chapter_9/guia_9/guia_9.srcs/sources_1/new/myFFDREN.vhd w ]
add_files C:/Users/Facun/Desktop/TD1_TPS_Locales/Exercise_Guide_Chapter_9/guia_9/guia_9.srcs/sources_1/new/myFFDREN.vhd
WARNING: [filemgmt 56-199] Attempt to get parsing info during refresh. "On-the-fly" syntax checking information may be incorrect. [C:\Users\Facun\Desktop\TD1_TPS_Locales\Exercise_Guide_Chapter_9\guia_9\guia_9.srcs\sources_1\new\myFFDREna.vhd:]
WARNING: [filemgmt 56-199] Attempt to get parsing info during refresh. "On-the-fly" syntax checking information may be incorrect. [C:\Users\Facun\Desktop\TD1_TPS_Locales\Exercise_Guide_Chapter_9\guia_9\guia_9.srcs\sources_1\new\myFFDREnaClr.vhd:]
WARNING: [filemgmt 56-199] Attempt to get parsing info during refresh. "On-the-fly" syntax checking information may be incorrect. [C:\Users\Facun\Desktop\TD1_TPS_Locales\Exercise_Guide_Chapter_9\guia_9\guia_9.srcs\sources_1\new\myLatchD_Clr.vhd:]
WARNING: [filemgmt 56-199] Attempt to get parsing info during refresh. "On-the-fly" syntax checking information may be incorrect. [C:\Users\Facun\Desktop\TD1_TPS_Locales\Exercise_Guide_Chapter_9\guia_9\guia_9.srcs\sources_1\new\myFFDR.vhd:]
WARNING: [filemgmt 56-199] Attempt to get parsing info during refresh. "On-the-fly" syntax checking information may be incorrect. [C:\Users\Facun\Desktop\TD1_TPS_Locales\Exercise_Guide_Chapter_9\guia_9\guia_9.srcs\sources_1\new\myFFDR.vhd:]
WARNING: [filemgmt 56-199] Attempt to get parsing info during refresh. "On-the-fly" syntax checking information may be incorrect. [C:\Users\Facun\Desktop\TD1_TPS_Locales\Exercise_Guide_Chapter_9\guia_9\guia_9.srcs\sources_1\new\myFFDR.vhd:]
WARNING: [filemgmt 56-199] Attempt to get parsing info during refresh. "On-the-fly" syntax checking information may be incorrect. [C:\Users\Facun\Desktop\TD1_TPS_Locales\Exercise_Guide_Chapter_9\guia_9\guia_9.srcs\sources_1\new\myFFDREna.vhd:]
WARNING: [filemgmt 56-199] Attempt to get parsing info during refresh. "On-the-fly" syntax checking information may be incorrect. [C:\Users\Facun\Desktop\TD1_TPS_Locales\Exercise_Guide_Chapter_9\guia_9\guia_9.srcs\sources_1\new\myFFDREnaClr.vhd:]
WARNING: [filemgmt 56-199] Attempt to get parsing info during refresh. "On-the-fly" syntax checking information may be incorrect. [C:\Users\Facun\Desktop\TD1_TPS_Locales\Exercise_Guide_Chapter_9\guia_9\guia_9.srcs\sources_1\new\myLatchD_Clr.vhd:]
WARNING: [filemgmt 56-199] Attempt to get parsing info during refresh. "On-the-fly" syntax checking information may be incorrect. [C:\Users\Facun\Desktop\TD1_TPS_Locales\Exercise_Guide_Chapter_9\guia_9\guia_9.srcs\sources_1\new\myFFDR.vhd:]
WARNING: [filemgmt 56-199] Attempt to get parsing info during refresh. "On-the-fly" syntax checking information may be incorrect. [C:\Users\Facun\Desktop\TD1_TPS_Locales\Exercise_Guide_Chapter_9\guia_9\guia_9.srcs\sources_1\new\myFFDREnaClr.vhd:]
WARNING: [filemgmt 56-199] Attempt to get parsing info during refresh. "On-the-fly" syntax checking information may be incorrect. [C:\Users\Facun\Desktop\TD1_TPS_Locales\Exercise_Guide_Chapter_9\guia_9\guia_9.srcs\sources_1\new\myFFDREnaClr.vhd:]
ERROR: [Common 17-180] Spawn failed: No error
WARNING: [filemgmt 56-199] Attempt to get parsing info during refresh. "On-the-fly" syntax checking information may be incorrect. [C:\Users\Facun\Desktop\TD1_TPS_Locales\Exercise_Guide_Chapter_9\guia_9\guia_9.srcs\sources_1\new\myFFDREna.vhd:]
WARNING: [filemgmt 56-199] Attempt to get parsing info during refresh. "On-the-fly" syntax checking information may be incorrect. [C:\Users\Facun\Desktop\TD1_TPS_Locales\Exercise_Guide_Chapter_9\guia_9\guia_9.srcs\sources_1\new\myFFDREnaClr.vhd:]
WARNING: [filemgmt 56-199] Attempt to get parsing info during refresh. "On-the-fly" syntax checking information may be incorrect. [C:\Users\Facun\Desktop\TD1_TPS_Locales\Exercise_Guide_Chapter_9\guia_9\guia_9.srcs\sources_1\new\myLatchD_Clr.vhd:]
WARNING: [filemgmt 56-199] Attempt to get parsing info during refresh. "On-the-fly" syntax checking information may be incorrect. [C:\Users\Facun\Desktop\TD1_TPS_Locales\Exercise_Guide_Chapter_9\guia_9\guia_9.srcs\sources_1\new\myFFDR.vhd:]
WARNING: [filemgmt 56-199] Attempt to get parsing info during refresh. "On-the-fly" syntax checking information may be incorrect. [C:\Users\Facun\Desktop\TD1_TPS_Locales\Exercise_Guide_Chapter_9\guia_9\guia_9.srcs\sources_1\new\myFFDREna.vhd:]
WARNING: [filemgmt 56-199] Attempt to get parsing info during refresh. "On-the-fly" syntax checking information may be incorrect. [C:\Users\Facun\Desktop\TD1_TPS_Locales\Exercise_Guide_Chapter_9\guia_9\guia_9.srcs\sources_1\new\myFFDREna.vhd:]
ERROR: [Common 17-180] Spawn failed: No error
WARNING: [filemgmt 56-199] Attempt to get parsing info during refresh. "On-the-fly" syntax checking information may be incorrect. [C:\Users\Facun\Desktop\TD1_TPS_Locales\Exercise_Guide_Chapter_9\guia_9\guia_9.srcs\sources_1\new\myFFDREna.vhd:]
WARNING: [filemgmt 56-199] Attempt to get parsing info during refresh. "On-the-fly" syntax checking information may be incorrect. [C:\Users\Facun\Desktop\TD1_TPS_Locales\Exercise_Guide_Chapter_9\guia_9\guia_9.srcs\sources_1\new\myFFDREnaClr.vhd:]
WARNING: [filemgmt 56-199] Attempt to get parsing info during refresh. "On-the-fly" syntax checking information may be incorrect. [C:\Users\Facun\Desktop\TD1_TPS_Locales\Exercise_Guide_Chapter_9\guia_9\guia_9.srcs\sources_1\new\myLatchD_Clr.vhd:]
WARNING: [filemgmt 56-199] Attempt to get parsing info during refresh. "On-the-fly" syntax checking information may be incorrect. [C:\Users\Facun\Desktop\TD1_TPS_Locales\Exercise_Guide_Chapter_9\guia_9\guia_9.srcs\sources_1\new\myFFDR.vhd:]
WARNING: [filemgmt 56-199] Attempt to get parsing info during refresh. "On-the-fly" syntax checking information may be incorrect. [C:\Users\Facun\Desktop\TD1_TPS_Locales\Exercise_Guide_Chapter_9\guia_9\guia_9.srcs\sources_1\new\myFFDR.vhd:]
WARNING: [filemgmt 56-199] Attempt to get parsing info during refresh. "On-the-fly" syntax checking information may be incorrect. [C:\Users\Facun\Desktop\TD1_TPS_Locales\Exercise_Guide_Chapter_9\guia_9\guia_9.srcs\sources_1\new\myFFDR.vhd:]
WARNING: [filemgmt 56-199] Attempt to get parsing info during refresh. "On-the-fly" syntax checking information may be incorrect. [C:\Users\Facun\Desktop\TD1_TPS_Locales\Exercise_Guide_Chapter_9\guia_9\guia_9.srcs\sources_1\new\myFFDREna.vhd:]
WARNING: [filemgmt 56-199] Attempt to get parsing info during refresh. "On-the-fly" syntax checking information may be incorrect. [C:\Users\Facun\Desktop\TD1_TPS_Locales\Exercise_Guide_Chapter_9\guia_9\guia_9.srcs\sources_1\new\myFFDREnaClr.vhd:]
WARNING: [filemgmt 56-199] Attempt to get parsing info during refresh. "On-the-fly" syntax checking information may be incorrect. [C:\Users\Facun\Desktop\TD1_TPS_Locales\Exercise_Guide_Chapter_9\guia_9\guia_9.srcs\sources_1\new\myLatchD_Clr.vhd:]
WARNING: [filemgmt 56-199] Attempt to get parsing info during refresh. "On-the-fly" syntax checking information may be incorrect. [C:\Users\Facun\Desktop\TD1_TPS_Locales\Exercise_Guide_Chapter_9\guia_9\guia_9.srcs\sources_1\new\myFFDR.vhd:]
WARNING: [filemgmt 56-199] Attempt to get parsing info during refresh. "On-the-fly" syntax checking information may be incorrect. [C:\Users\Facun\Desktop\TD1_TPS_Locales\Exercise_Guide_Chapter_9\guia_9\guia_9.srcs\sources_1\new\myFFDREnaClr.vhd:]
WARNING: [filemgmt 56-199] Attempt to get parsing info during refresh. "On-the-fly" syntax checking information may be incorrect. [C:\Users\Facun\Desktop\TD1_TPS_Locales\Exercise_Guide_Chapter_9\guia_9\guia_9.srcs\sources_1\new\myFFDREnaClr.vhd:]
ERROR: [Common 17-180] Spawn failed: No error
WARNING: [filemgmt 56-199] Attempt to get parsing info during refresh. "On-the-fly" syntax checking information may be incorrect. [C:\Users\Facun\Desktop\TD1_TPS_Locales\Exercise_Guide_Chapter_9\guia_9\guia_9.srcs\sources_1\new\myFFDREna.vhd:]
WARNING: [filemgmt 56-199] Attempt to get parsing info during refresh. "On-the-fly" syntax checking information may be incorrect. [C:\Users\Facun\Desktop\TD1_TPS_Locales\Exercise_Guide_Chapter_9\guia_9\guia_9.srcs\sources_1\new\myFFDREnaClr.vhd:]
WARNING: [filemgmt 56-199] Attempt to get parsing info during refresh. "On-the-fly" syntax checking information may be incorrect. [C:\Users\Facun\Desktop\TD1_TPS_Locales\Exercise_Guide_Chapter_9\guia_9\guia_9.srcs\sources_1\new\myLatchD_Clr.vhd:]
WARNING: [filemgmt 56-199] Attempt to get parsing info during refresh. "On-the-fly" syntax checking information may be incorrect. [C:\Users\Facun\Desktop\TD1_TPS_Locales\Exercise_Guide_Chapter_9\guia_9\guia_9.srcs\sources_1\new\myFFDR.vhd:]
WARNING: [filemgmt 56-199] Attempt to get parsing info during refresh. "On-the-fly" syntax checking information may be incorrect. [C:\Users\Facun\Desktop\TD1_TPS_Locales\Exercise_Guide_Chapter_9\guia_9\guia_9.srcs\sources_1\new\myLatchD_Clr.vhd:]
WARNING: [filemgmt 56-199] Attempt to get parsing info during refresh. "On-the-fly" syntax checking information may be incorrect. [C:\Users\Facun\Desktop\TD1_TPS_Locales\Exercise_Guide_Chapter_9\guia_9\guia_9.srcs\sources_1\new\myLatchD_Clr.vhd:]
ERROR: [Common 17-180] Spawn failed: No error
update_compile_order -fileset sources_1
WARNING: [filemgmt 56-199] Attempt to get parsing info during refresh. "On-the-fly" syntax checking information may be incorrect. [C:\Users\Facun\Desktop\TD1_TPS_Locales\Exercise_Guide_Chapter_9\guia_9\guia_9.srcs\sources_1\new\myFFDREna.vhd:]
WARNING: [filemgmt 56-199] Attempt to get parsing info during refresh. "On-the-fly" syntax checking information may be incorrect. [C:\Users\Facun\Desktop\TD1_TPS_Locales\Exercise_Guide_Chapter_9\guia_9\guia_9.srcs\sources_1\new\myFFDREnaClr.vhd:]
WARNING: [filemgmt 56-199] Attempt to get parsing info during refresh. "On-the-fly" syntax checking information may be incorrect. [C:\Users\Facun\Desktop\TD1_TPS_Locales\Exercise_Guide_Chapter_9\guia_9\guia_9.srcs\sources_1\new\myLatchD_Clr.vhd:]
WARNING: [filemgmt 56-199] Attempt to get parsing info during refresh. "On-the-fly" syntax checking information may be incorrect. [C:\Users\Facun\Desktop\TD1_TPS_Locales\Exercise_Guide_Chapter_9\guia_9\guia_9.srcs\sources_1\new\myFFDR.vhd:]
WARNING: [filemgmt 56-199] Attempt to get parsing info during refresh. "On-the-fly" syntax checking information may be incorrect. [C:\Users\Facun\Desktop\TD1_TPS_Locales\Exercise_Guide_Chapter_9\guia_9\guia_9.srcs\sources_1\new\myFFDR.vhd:]
WARNING: [filemgmt 56-199] Attempt to get parsing info during refresh. "On-the-fly" syntax checking information may be incorrect. [C:\Users\Facun\Desktop\TD1_TPS_Locales\Exercise_Guide_Chapter_9\guia_9\guia_9.srcs\sources_1\new\myFFDR.vhd:]
WARNING: [filemgmt 56-199] Attempt to get parsing info during refresh. "On-the-fly" syntax checking information may be incorrect. [C:\Users\Facun\Desktop\TD1_TPS_Locales\Exercise_Guide_Chapter_9\guia_9\guia_9.srcs\sources_1\new\myFFDREna.vhd:]
WARNING: [filemgmt 56-199] Attempt to get parsing info during refresh. "On-the-fly" syntax checking information may be incorrect. [C:\Users\Facun\Desktop\TD1_TPS_Locales\Exercise_Guide_Chapter_9\guia_9\guia_9.srcs\sources_1\new\myFFDREnaClr.vhd:]
WARNING: [filemgmt 56-199] Attempt to get parsing info during refresh. "On-the-fly" syntax checking information may be incorrect. [C:\Users\Facun\Desktop\TD1_TPS_Locales\Exercise_Guide_Chapter_9\guia_9\guia_9.srcs\sources_1\new\myLatchD_Clr.vhd:]
WARNING: [filemgmt 56-199] Attempt to get parsing info during refresh. "On-the-fly" syntax checking information may be incorrect. [C:\Users\Facun\Desktop\TD1_TPS_Locales\Exercise_Guide_Chapter_9\guia_9\guia_9.srcs\sources_1\new\myFFDR.vhd:]
WARNING: [filemgmt 56-199] Attempt to get parsing info during refresh. "On-the-fly" syntax checking information may be incorrect. [C:\Users\Facun\Desktop\TD1_TPS_Locales\Exercise_Guide_Chapter_9\guia_9\guia_9.srcs\sources_1\new\myFFDREnaClr.vhd:]
WARNING: [filemgmt 56-199] Attempt to get parsing info during refresh. "On-the-fly" syntax checking information may be incorrect. [C:\Users\Facun\Desktop\TD1_TPS_Locales\Exercise_Guide_Chapter_9\guia_9\guia_9.srcs\sources_1\new\myFFDREnaClr.vhd:]
ERROR: [Common 17-180] Spawn failed: No error
WARNING: [filemgmt 56-199] Attempt to get parsing info during refresh. "On-the-fly" syntax checking information may be incorrect. [C:\Users\Facun\Desktop\TD1_TPS_Locales\Exercise_Guide_Chapter_9\guia_9\guia_9.srcs\sources_1\new\myFFDREna.vhd:]
WARNING: [filemgmt 56-199] Attempt to get parsing info during refresh. "On-the-fly" syntax checking information may be incorrect. [C:\Users\Facun\Desktop\TD1_TPS_Locales\Exercise_Guide_Chapter_9\guia_9\guia_9.srcs\sources_1\new\myFFDREnaClr.vhd:]
WARNING: [filemgmt 56-199] Attempt to get parsing info during refresh. "On-the-fly" syntax checking information may be incorrect. [C:\Users\Facun\Desktop\TD1_TPS_Locales\Exercise_Guide_Chapter_9\guia_9\guia_9.srcs\sources_1\new\myLatchD_Clr.vhd:]
WARNING: [filemgmt 56-199] Attempt to get parsing info during refresh. "On-the-fly" syntax checking information may be incorrect. [C:\Users\Facun\Desktop\TD1_TPS_Locales\Exercise_Guide_Chapter_9\guia_9\guia_9.srcs\sources_1\new\myFFDR.vhd:]
WARNING: [filemgmt 56-199] Attempt to get parsing info during refresh. "On-the-fly" syntax checking information may be incorrect. [C:\Users\Facun\Desktop\TD1_TPS_Locales\Exercise_Guide_Chapter_9\guia_9\guia_9.srcs\sources_1\new\myLatchD_Clr.vhd:]
WARNING: [filemgmt 56-199] Attempt to get parsing info during refresh. "On-the-fly" syntax checking information may be incorrect. [C:\Users\Facun\Desktop\TD1_TPS_Locales\Exercise_Guide_Chapter_9\guia_9\guia_9.srcs\sources_1\new\myLatchD_Clr.vhd:]
ERROR: [Common 17-180] Spawn failed: No error
WARNING: [filemgmt 56-199] Attempt to get parsing info during refresh. "On-the-fly" syntax checking information may be incorrect. [C:\Users\Facun\Desktop\TD1_TPS_Locales\Exercise_Guide_Chapter_9\guia_9\guia_9.srcs\sources_1\new\myFFDREna.vhd:]
WARNING: [filemgmt 56-199] Attempt to get parsing info during refresh. "On-the-fly" syntax checking information may be incorrect. [C:\Users\Facun\Desktop\TD1_TPS_Locales\Exercise_Guide_Chapter_9\guia_9\guia_9.srcs\sources_1\new\myFFDREnaClr.vhd:]
WARNING: [filemgmt 56-199] Attempt to get parsing info during refresh. "On-the-fly" syntax checking information may be incorrect. [C:\Users\Facun\Desktop\TD1_TPS_Locales\Exercise_Guide_Chapter_9\guia_9\guia_9.srcs\sources_1\new\myFFDREN.vhd:]
WARNING: [filemgmt 56-199] Attempt to get parsing info during refresh. "On-the-fly" syntax checking information may be incorrect. [C:\Users\Facun\Desktop\TD1_TPS_Locales\Exercise_Guide_Chapter_9\guia_9\guia_9.srcs\sources_1\new\myLatchD_Clr.vhd:]
WARNING: [filemgmt 56-199] Attempt to get parsing info during refresh. "On-the-fly" syntax checking information may be incorrect. [C:\Users\Facun\Desktop\TD1_TPS_Locales\Exercise_Guide_Chapter_9\guia_9\guia_9.srcs\sources_1\new\myFFDR.vhd:]
WARNING: [filemgmt 56-199] Attempt to get parsing info during refresh. "On-the-fly" syntax checking information may be incorrect. [C:\Users\Facun\Desktop\TD1_TPS_Locales\Exercise_Guide_Chapter_9\guia_9\guia_9.srcs\sources_1\new\myFFDR.vhd:]
WARNING: [filemgmt 56-199] Attempt to get parsing info during refresh. "On-the-fly" syntax checking information may be incorrect. [C:\Users\Facun\Desktop\TD1_TPS_Locales\Exercise_Guide_Chapter_9\guia_9\guia_9.srcs\sources_1\new\myFFDR.vhd:]
WARNING: [filemgmt 56-199] Attempt to get parsing info during refresh. "On-the-fly" syntax checking information may be incorrect. [C:\Users\Facun\Desktop\TD1_TPS_Locales\Exercise_Guide_Chapter_9\guia_9\guia_9.srcs\sources_1\new\myFFDREna.vhd:]
WARNING: [filemgmt 56-199] Attempt to get parsing info during refresh. "On-the-fly" syntax checking information may be incorrect. [C:\Users\Facun\Desktop\TD1_TPS_Locales\Exercise_Guide_Chapter_9\guia_9\guia_9.srcs\sources_1\new\myFFDREnaClr.vhd:]
WARNING: [filemgmt 56-199] Attempt to get parsing info during refresh. "On-the-fly" syntax checking information may be incorrect. [C:\Users\Facun\Desktop\TD1_TPS_Locales\Exercise_Guide_Chapter_9\guia_9\guia_9.srcs\sources_1\new\myFFDREN.vhd:]
WARNING: [filemgmt 56-199] Attempt to get parsing info during refresh. "On-the-fly" syntax checking information may be incorrect. [C:\Users\Facun\Desktop\TD1_TPS_Locales\Exercise_Guide_Chapter_9\guia_9\guia_9.srcs\sources_1\new\myLatchD_Clr.vhd:]
WARNING: [filemgmt 56-199] Attempt to get parsing info during refresh. "On-the-fly" syntax checking information may be incorrect. [C:\Users\Facun\Desktop\TD1_TPS_Locales\Exercise_Guide_Chapter_9\guia_9\guia_9.srcs\sources_1\new\myFFDR.vhd:]
WARNING: [filemgmt 56-199] Attempt to get parsing info during refresh. "On-the-fly" syntax checking information may be incorrect. [C:\Users\Facun\Desktop\TD1_TPS_Locales\Exercise_Guide_Chapter_9\guia_9\guia_9.srcs\sources_1\new\myFFDREnaClr.vhd:]
WARNING: [filemgmt 56-199] Attempt to get parsing info during refresh. "On-the-fly" syntax checking information may be incorrect. [C:\Users\Facun\Desktop\TD1_TPS_Locales\Exercise_Guide_Chapter_9\guia_9\guia_9.srcs\sources_1\new\myFFDREnaClr.vhd:]
WARNING: [filemgmt 56-199] Attempt to get parsing info during refresh. "On-the-fly" syntax checking information may be incorrect. [C:\Users\Facun\Desktop\TD1_TPS_Locales\Exercise_Guide_Chapter_9\guia_9\guia_9.srcs\sources_1\new\myFFDREna.vhd:]
WARNING: [filemgmt 56-199] Attempt to get parsing info during refresh. "On-the-fly" syntax checking information may be incorrect. [C:\Users\Facun\Desktop\TD1_TPS_Locales\Exercise_Guide_Chapter_9\guia_9\guia_9.srcs\sources_1\new\myFFDREnaClr.vhd:]
WARNING: [filemgmt 56-199] Attempt to get parsing info during refresh. "On-the-fly" syntax checking information may be incorrect. [C:\Users\Facun\Desktop\TD1_TPS_Locales\Exercise_Guide_Chapter_9\guia_9\guia_9.srcs\sources_1\new\myFFDREN.vhd:]
WARNING: [filemgmt 56-199] Attempt to get parsing info during refresh. "On-the-fly" syntax checking information may be incorrect. [C:\Users\Facun\Desktop\TD1_TPS_Locales\Exercise_Guide_Chapter_9\guia_9\guia_9.srcs\sources_1\new\myLatchD_Clr.vhd:]
WARNING: [filemgmt 56-199] Attempt to get parsing info during refresh. "On-the-fly" syntax checking information may be incorrect. [C:\Users\Facun\Desktop\TD1_TPS_Locales\Exercise_Guide_Chapter_9\guia_9\guia_9.srcs\sources_1\new\myFFDR.vhd:]
WARNING: [filemgmt 56-199] Attempt to get parsing info during refresh. "On-the-fly" syntax checking information may be incorrect. [C:\Users\Facun\Desktop\TD1_TPS_Locales\Exercise_Guide_Chapter_9\guia_9\guia_9.srcs\sources_1\new\myLatchD_Clr.vhd:]
WARNING: [filemgmt 56-199] Attempt to get parsing info during refresh. "On-the-fly" syntax checking information may be incorrect. [C:\Users\Facun\Desktop\TD1_TPS_Locales\Exercise_Guide_Chapter_9\guia_9\guia_9.srcs\sources_1\new\myLatchD_Clr.vhd:]
ERROR: [Common 17-180] Spawn failed: No error
WARNING: [filemgmt 56-199] Attempt to get parsing info during refresh. "On-the-fly" syntax checking information may be incorrect. [C:\Users\Facun\Desktop\TD1_TPS_Locales\Exercise_Guide_Chapter_9\guia_9\guia_9.srcs\sources_1\new\myFFDREna.vhd:]
WARNING: [filemgmt 56-199] Attempt to get parsing info during refresh. "On-the-fly" syntax checking information may be incorrect. [C:\Users\Facun\Desktop\TD1_TPS_Locales\Exercise_Guide_Chapter_9\guia_9\guia_9.srcs\sources_1\new\myFFDREnaClr.vhd:]
WARNING: [filemgmt 56-199] Attempt to get parsing info during refresh. "On-the-fly" syntax checking information may be incorrect. [C:\Users\Facun\Desktop\TD1_TPS_Locales\Exercise_Guide_Chapter_9\guia_9\guia_9.srcs\sources_1\new\myFFDREN.vhd:]
WARNING: [filemgmt 56-199] Attempt to get parsing info during refresh. "On-the-fly" syntax checking information may be incorrect. [C:\Users\Facun\Desktop\TD1_TPS_Locales\Exercise_Guide_Chapter_9\guia_9\guia_9.srcs\sources_1\new\myLatchD_Clr.vhd:]
WARNING: [filemgmt 56-199] Attempt to get parsing info during refresh. "On-the-fly" syntax checking information may be incorrect. [C:\Users\Facun\Desktop\TD1_TPS_Locales\Exercise_Guide_Chapter_9\guia_9\guia_9.srcs\sources_1\new\myFFDR.vhd:]
WARNING: [filemgmt 56-199] Attempt to get parsing info during refresh. "On-the-fly" syntax checking information may be incorrect. [C:\Users\Facun\Desktop\TD1_TPS_Locales\Exercise_Guide_Chapter_9\guia_9\guia_9.srcs\sources_1\new\myFFDREN.vhd:]
WARNING: [filemgmt 56-199] Attempt to get parsing info during refresh. "On-the-fly" syntax checking information may be incorrect. [C:\Users\Facun\Desktop\TD1_TPS_Locales\Exercise_Guide_Chapter_9\guia_9\guia_9.srcs\sources_1\new\myFFDREN.vhd:]
WARNING: [filemgmt 56-199] Attempt to get parsing info during refresh. "On-the-fly" syntax checking information may be incorrect. [C:\Users\Facun\Desktop\TD1_TPS_Locales\Exercise_Guide_Chapter_9\guia_9\guia_9.srcs\sources_1\new\myFFDREna.vhd:]
WARNING: [filemgmt 56-199] Attempt to get parsing info during refresh. "On-the-fly" syntax checking information may be incorrect. [C:\Users\Facun\Desktop\TD1_TPS_Locales\Exercise_Guide_Chapter_9\guia_9\guia_9.srcs\sources_1\new\myFFDREnaClr.vhd:]
WARNING: [filemgmt 56-199] Attempt to get parsing info during refresh. "On-the-fly" syntax checking information may be incorrect. [C:\Users\Facun\Desktop\TD1_TPS_Locales\Exercise_Guide_Chapter_9\guia_9\guia_9.srcs\sources_1\new\myFFDREN.vhd:]
WARNING: [filemgmt 56-199] Attempt to get parsing info during refresh. "On-the-fly" syntax checking information may be incorrect. [C:\Users\Facun\Desktop\TD1_TPS_Locales\Exercise_Guide_Chapter_9\guia_9\guia_9.srcs\sources_1\new\myLatchD_Clr.vhd:]
WARNING: [filemgmt 56-199] Attempt to get parsing info during refresh. "On-the-fly" syntax checking information may be incorrect. [C:\Users\Facun\Desktop\TD1_TPS_Locales\Exercise_Guide_Chapter_9\guia_9\guia_9.srcs\sources_1\new\myFFDR.vhd:]
WARNING: [filemgmt 56-199] Attempt to get parsing info during refresh. "On-the-fly" syntax checking information may be incorrect. [C:\Users\Facun\Desktop\TD1_TPS_Locales\Exercise_Guide_Chapter_9\guia_9\guia_9.srcs\sources_1\new\myFFDR.vhd:]
WARNING: [filemgmt 56-199] Attempt to get parsing info during refresh. "On-the-fly" syntax checking information may be incorrect. [C:\Users\Facun\Desktop\TD1_TPS_Locales\Exercise_Guide_Chapter_9\guia_9\guia_9.srcs\sources_1\new\myFFDR.vhd:]
WARNING: [filemgmt 56-199] Attempt to get parsing info during refresh. "On-the-fly" syntax checking information may be incorrect. [C:\Users\Facun\Desktop\TD1_TPS_Locales\Exercise_Guide_Chapter_9\guia_9\guia_9.srcs\sources_1\new\myFFDREna.vhd:]
WARNING: [filemgmt 56-199] Attempt to get parsing info during refresh. "On-the-fly" syntax checking information may be incorrect. [C:\Users\Facun\Desktop\TD1_TPS_Locales\Exercise_Guide_Chapter_9\guia_9\guia_9.srcs\sources_1\new\myFFDREnaClr.vhd:]
WARNING: [filemgmt 56-199] Attempt to get parsing info during refresh. "On-the-fly" syntax checking information may be incorrect. [C:\Users\Facun\Desktop\TD1_TPS_Locales\Exercise_Guide_Chapter_9\guia_9\guia_9.srcs\sources_1\new\myFFDREN.vhd:]
WARNING: [filemgmt 56-199] Attempt to get parsing info during refresh. "On-the-fly" syntax checking information may be incorrect. [C:\Users\Facun\Desktop\TD1_TPS_Locales\Exercise_Guide_Chapter_9\guia_9\guia_9.srcs\sources_1\new\myLatchD_Clr.vhd:]
WARNING: [filemgmt 56-199] Attempt to get parsing info during refresh. "On-the-fly" syntax checking information may be incorrect. [C:\Users\Facun\Desktop\TD1_TPS_Locales\Exercise_Guide_Chapter_9\guia_9\guia_9.srcs\sources_1\new\myFFDR.vhd:]
WARNING: [filemgmt 56-199] Attempt to get parsing info during refresh. "On-the-fly" syntax checking information may be incorrect. [C:\Users\Facun\Desktop\TD1_TPS_Locales\Exercise_Guide_Chapter_9\guia_9\guia_9.srcs\sources_1\new\myFFDREnaClr.vhd:]
WARNING: [filemgmt 56-199] Attempt to get parsing info during refresh. "On-the-fly" syntax checking information may be incorrect. [C:\Users\Facun\Desktop\TD1_TPS_Locales\Exercise_Guide_Chapter_9\guia_9\guia_9.srcs\sources_1\new\myFFDREnaClr.vhd:]
WARNING: [filemgmt 56-199] Attempt to get parsing info during refresh. "On-the-fly" syntax checking information may be incorrect. [C:\Users\Facun\Desktop\TD1_TPS_Locales\Exercise_Guide_Chapter_9\guia_9\guia_9.srcs\sources_1\new\myFFDREna.vhd:]
WARNING: [filemgmt 56-199] Attempt to get parsing info during refresh. "On-the-fly" syntax checking information may be incorrect. [C:\Users\Facun\Desktop\TD1_TPS_Locales\Exercise_Guide_Chapter_9\guia_9\guia_9.srcs\sources_1\new\myFFDREnaClr.vhd:]
WARNING: [filemgmt 56-199] Attempt to get parsing info during refresh. "On-the-fly" syntax checking information may be incorrect. [C:\Users\Facun\Desktop\TD1_TPS_Locales\Exercise_Guide_Chapter_9\guia_9\guia_9.srcs\sources_1\new\myFFDREN.vhd:]
WARNING: [filemgmt 56-199] Attempt to get parsing info during refresh. "On-the-fly" syntax checking information may be incorrect. [C:\Users\Facun\Desktop\TD1_TPS_Locales\Exercise_Guide_Chapter_9\guia_9\guia_9.srcs\sources_1\new\myLatchD_Clr.vhd:]
WARNING: [filemgmt 56-199] Attempt to get parsing info during refresh. "On-the-fly" syntax checking information may be incorrect. [C:\Users\Facun\Desktop\TD1_TPS_Locales\Exercise_Guide_Chapter_9\guia_9\guia_9.srcs\sources_1\new\myFFDR.vhd:]
WARNING: [filemgmt 56-199] Attempt to get parsing info during refresh. "On-the-fly" syntax checking information may be incorrect. [C:\Users\Facun\Desktop\TD1_TPS_Locales\Exercise_Guide_Chapter_9\guia_9\guia_9.srcs\sources_1\new\myFFDREna.vhd:]
WARNING: [filemgmt 56-199] Attempt to get parsing info during refresh. "On-the-fly" syntax checking information may be incorrect. [C:\Users\Facun\Desktop\TD1_TPS_Locales\Exercise_Guide_Chapter_9\guia_9\guia_9.srcs\sources_1\new\myFFDREna.vhd:]
WARNING: [filemgmt 56-199] Attempt to get parsing info during refresh. "On-the-fly" syntax checking information may be incorrect. [C:\Users\Facun\Desktop\TD1_TPS_Locales\Exercise_Guide_Chapter_9\guia_9\guia_9.srcs\sources_1\new\myFFDREna.vhd:]
WARNING: [filemgmt 56-199] Attempt to get parsing info during refresh. "On-the-fly" syntax checking information may be incorrect. [C:\Users\Facun\Desktop\TD1_TPS_Locales\Exercise_Guide_Chapter_9\guia_9\guia_9.srcs\sources_1\new\myFFDREnaClr.vhd:]
WARNING: [filemgmt 56-199] Attempt to get parsing info during refresh. "On-the-fly" syntax checking information may be incorrect. [C:\Users\Facun\Desktop\TD1_TPS_Locales\Exercise_Guide_Chapter_9\guia_9\guia_9.srcs\sources_1\new\myFFDREN.vhd:]
WARNING: [filemgmt 56-199] Attempt to get parsing info during refresh. "On-the-fly" syntax checking information may be incorrect. [C:\Users\Facun\Desktop\TD1_TPS_Locales\Exercise_Guide_Chapter_9\guia_9\guia_9.srcs\sources_1\new\myLatchD_Clr.vhd:]
WARNING: [filemgmt 56-199] Attempt to get parsing info during refresh. "On-the-fly" syntax checking information may be incorrect. [C:\Users\Facun\Desktop\TD1_TPS_Locales\Exercise_Guide_Chapter_9\guia_9\guia_9.srcs\sources_1\new\myFFDR.vhd:]
WARNING: [filemgmt 56-199] Attempt to get parsing info during refresh. "On-the-fly" syntax checking information may be incorrect. [C:\Users\Facun\Desktop\TD1_TPS_Locales\Exercise_Guide_Chapter_9\guia_9\guia_9.srcs\sources_1\new\myFFDREN.vhd:]
WARNING: [filemgmt 56-199] Attempt to get parsing info during refresh. "On-the-fly" syntax checking information may be incorrect. [C:\Users\Facun\Desktop\TD1_TPS_Locales\Exercise_Guide_Chapter_9\guia_9\guia_9.srcs\sources_1\new\myFFDREN.vhd:]
WARNING: [filemgmt 56-199] Attempt to get parsing info during refresh. "On-the-fly" syntax checking information may be incorrect. [C:\Users\Facun\Desktop\TD1_TPS_Locales\Exercise_Guide_Chapter_9\guia_9\guia_9.srcs\sources_1\new\myFFDREna.vhd:]
WARNING: [filemgmt 56-199] Attempt to get parsing info during refresh. "On-the-fly" syntax checking information may be incorrect. [C:\Users\Facun\Desktop\TD1_TPS_Locales\Exercise_Guide_Chapter_9\guia_9\guia_9.srcs\sources_1\new\myFFDREnaClr.vhd:]
WARNING: [filemgmt 56-199] Attempt to get parsing info during refresh. "On-the-fly" syntax checking information may be incorrect. [C:\Users\Facun\Desktop\TD1_TPS_Locales\Exercise_Guide_Chapter_9\guia_9\guia_9.srcs\sources_1\new\myFFDREN.vhd:]
WARNING: [filemgmt 56-199] Attempt to get parsing info during refresh. "On-the-fly" syntax checking information may be incorrect. [C:\Users\Facun\Desktop\TD1_TPS_Locales\Exercise_Guide_Chapter_9\guia_9\guia_9.srcs\sources_1\new\myLatchD_Clr.vhd:]
WARNING: [filemgmt 56-199] Attempt to get parsing info during refresh. "On-the-fly" syntax checking information may be incorrect. [C:\Users\Facun\Desktop\TD1_TPS_Locales\Exercise_Guide_Chapter_9\guia_9\guia_9.srcs\sources_1\new\myFFDR.vhd:]
WARNING: [filemgmt 56-199] Attempt to get parsing info during refresh. "On-the-fly" syntax checking information may be incorrect. [C:\Users\Facun\Desktop\TD1_TPS_Locales\Exercise_Guide_Chapter_9\guia_9\guia_9.srcs\sources_1\new\myFFDREna.vhd:]
WARNING: [filemgmt 56-199] Attempt to get parsing info during refresh. "On-the-fly" syntax checking information may be incorrect. [C:\Users\Facun\Desktop\TD1_TPS_Locales\Exercise_Guide_Chapter_9\guia_9\guia_9.srcs\sources_1\new\myFFDREna.vhd:]
WARNING: [filemgmt 56-199] Attempt to get parsing info during refresh. "On-the-fly" syntax checking information may be incorrect. [C:\Users\Facun\Desktop\TD1_TPS_Locales\Exercise_Guide_Chapter_9\guia_9\guia_9.srcs\sources_1\new\myFFDREna.vhd:]
WARNING: [filemgmt 56-199] Attempt to get parsing info during refresh. "On-the-fly" syntax checking information may be incorrect. [C:\Users\Facun\Desktop\TD1_TPS_Locales\Exercise_Guide_Chapter_9\guia_9\guia_9.srcs\sources_1\new\myFFDREnaClr.vhd:]
WARNING: [filemgmt 56-199] Attempt to get parsing info during refresh. "On-the-fly" syntax checking information may be incorrect. [C:\Users\Facun\Desktop\TD1_TPS_Locales\Exercise_Guide_Chapter_9\guia_9\guia_9.srcs\sources_1\new\myFFDREN.vhd:]
WARNING: [filemgmt 56-199] Attempt to get parsing info during refresh. "On-the-fly" syntax checking information may be incorrect. [C:\Users\Facun\Desktop\TD1_TPS_Locales\Exercise_Guide_Chapter_9\guia_9\guia_9.srcs\sources_1\new\myLatchD_Clr.vhd:]
WARNING: [filemgmt 56-199] Attempt to get parsing info during refresh. "On-the-fly" syntax checking information may be incorrect. [C:\Users\Facun\Desktop\TD1_TPS_Locales\Exercise_Guide_Chapter_9\guia_9\guia_9.srcs\sources_1\new\myFFDR.vhd:]
WARNING: [filemgmt 56-199] Attempt to get parsing info during refresh. "On-the-fly" syntax checking information may be incorrect. [C:\Users\Facun\Desktop\TD1_TPS_Locales\Exercise_Guide_Chapter_9\guia_9\guia_9.srcs\sources_1\new\myFFDREnaClr.vhd:]
WARNING: [filemgmt 56-199] Attempt to get parsing info during refresh. "On-the-fly" syntax checking information may be incorrect. [C:\Users\Facun\Desktop\TD1_TPS_Locales\Exercise_Guide_Chapter_9\guia_9\guia_9.srcs\sources_1\new\myFFDREnaClr.vhd:]
WARNING: [filemgmt 56-199] Attempt to get parsing info during refresh. "On-the-fly" syntax checking information may be incorrect. [C:\Users\Facun\Desktop\TD1_TPS_Locales\Exercise_Guide_Chapter_9\guia_9\guia_9.srcs\sources_1\new\myFFDREna.vhd:]
WARNING: [filemgmt 56-199] Attempt to get parsing info during refresh. "On-the-fly" syntax checking information may be incorrect. [C:\Users\Facun\Desktop\TD1_TPS_Locales\Exercise_Guide_Chapter_9\guia_9\guia_9.srcs\sources_1\new\myFFDREnaClr.vhd:]
WARNING: [filemgmt 56-199] Attempt to get parsing info during refresh. "On-the-fly" syntax checking information may be incorrect. [C:\Users\Facun\Desktop\TD1_TPS_Locales\Exercise_Guide_Chapter_9\guia_9\guia_9.srcs\sources_1\new\myFFDREN.vhd:]
WARNING: [filemgmt 56-199] Attempt to get parsing info during refresh. "On-the-fly" syntax checking information may be incorrect. [C:\Users\Facun\Desktop\TD1_TPS_Locales\Exercise_Guide_Chapter_9\guia_9\guia_9.srcs\sources_1\new\myLatchD_Clr.vhd:]
WARNING: [filemgmt 56-199] Attempt to get parsing info during refresh. "On-the-fly" syntax checking information may be incorrect. [C:\Users\Facun\Desktop\TD1_TPS_Locales\Exercise_Guide_Chapter_9\guia_9\guia_9.srcs\sources_1\new\myFFDR.vhd:]
WARNING: [filemgmt 56-199] Attempt to get parsing info during refresh. "On-the-fly" syntax checking information may be incorrect. [C:\Users\Facun\Desktop\TD1_TPS_Locales\Exercise_Guide_Chapter_9\guia_9\guia_9.srcs\sources_1\new\myLatchD_Clr.vhd:]
WARNING: [filemgmt 56-199] Attempt to get parsing info during refresh. "On-the-fly" syntax checking information may be incorrect. [C:\Users\Facun\Desktop\TD1_TPS_Locales\Exercise_Guide_Chapter_9\guia_9\guia_9.srcs\sources_1\new\myLatchD_Clr.vhd:]
WARNING: [filemgmt 56-199] Attempt to get parsing info during refresh. "On-the-fly" syntax checking information may be incorrect. [C:\Users\Facun\Desktop\TD1_TPS_Locales\Exercise_Guide_Chapter_9\guia_9\guia_9.srcs\sources_1\new\myFFDREna.vhd:]
WARNING: [filemgmt 56-199] Attempt to get parsing info during refresh. "On-the-fly" syntax checking information may be incorrect. [C:\Users\Facun\Desktop\TD1_TPS_Locales\Exercise_Guide_Chapter_9\guia_9\guia_9.srcs\sources_1\new\myFFDREnaClr.vhd:]
WARNING: [filemgmt 56-199] Attempt to get parsing info during refresh. "On-the-fly" syntax checking information may be incorrect. [C:\Users\Facun\Desktop\TD1_TPS_Locales\Exercise_Guide_Chapter_9\guia_9\guia_9.srcs\sources_1\new\myFFDREN.vhd:]
WARNING: [filemgmt 56-199] Attempt to get parsing info during refresh. "On-the-fly" syntax checking information may be incorrect. [C:\Users\Facun\Desktop\TD1_TPS_Locales\Exercise_Guide_Chapter_9\guia_9\guia_9.srcs\sources_1\new\myLatchD_Clr.vhd:]
WARNING: [filemgmt 56-199] Attempt to get parsing info during refresh. "On-the-fly" syntax checking information may be incorrect. [C:\Users\Facun\Desktop\TD1_TPS_Locales\Exercise_Guide_Chapter_9\guia_9\guia_9.srcs\sources_1\new\myFFDR.vhd:]
WARNING: [filemgmt 56-199] Attempt to get parsing info during refresh. "On-the-fly" syntax checking information may be incorrect. [C:\Users\Facun\Desktop\TD1_TPS_Locales\Exercise_Guide_Chapter_9\guia_9\guia_9.srcs\sources_1\new\myFFDR.vhd:]
WARNING: [filemgmt 56-199] Attempt to get parsing info during refresh. "On-the-fly" syntax checking information may be incorrect. [C:\Users\Facun\Desktop\TD1_TPS_Locales\Exercise_Guide_Chapter_9\guia_9\guia_9.srcs\sources_1\new\myFFDR.vhd:]
WARNING: [filemgmt 56-199] Attempt to get parsing info during refresh. "On-the-fly" syntax checking information may be incorrect. [C:\Users\Facun\Desktop\TD1_TPS_Locales\Exercise_Guide_Chapter_9\guia_9\guia_9.srcs\sources_1\new\myFFDREna.vhd:]
WARNING: [filemgmt 56-199] Attempt to get parsing info during refresh. "On-the-fly" syntax checking information may be incorrect. [C:\Users\Facun\Desktop\TD1_TPS_Locales\Exercise_Guide_Chapter_9\guia_9\guia_9.srcs\sources_1\new\myFFDREnaClr.vhd:]
WARNING: [filemgmt 56-199] Attempt to get parsing info during refresh. "On-the-fly" syntax checking information may be incorrect. [C:\Users\Facun\Desktop\TD1_TPS_Locales\Exercise_Guide_Chapter_9\guia_9\guia_9.srcs\sources_1\new\myFFDREN.vhd:]
WARNING: [filemgmt 56-199] Attempt to get parsing info during refresh. "On-the-fly" syntax checking information may be incorrect. [C:\Users\Facun\Desktop\TD1_TPS_Locales\Exercise_Guide_Chapter_9\guia_9\guia_9.srcs\sources_1\new\myLatchD_Clr.vhd:]
WARNING: [filemgmt 56-199] Attempt to get parsing info during refresh. "On-the-fly" syntax checking information may be incorrect. [C:\Users\Facun\Desktop\TD1_TPS_Locales\Exercise_Guide_Chapter_9\guia_9\guia_9.srcs\sources_1\new\myFFDR.vhd:]
WARNING: [filemgmt 56-199] Attempt to get parsing info during refresh. "On-the-fly" syntax checking information may be incorrect. [C:\Users\Facun\Desktop\TD1_TPS_Locales\Exercise_Guide_Chapter_9\guia_9\guia_9.srcs\sources_1\new\myFFDR.vhd:]
WARNING: [filemgmt 56-199] Attempt to get parsing info during refresh. "On-the-fly" syntax checking information may be incorrect. [C:\Users\Facun\Desktop\TD1_TPS_Locales\Exercise_Guide_Chapter_9\guia_9\guia_9.srcs\sources_1\new\myFFDR.vhd:]
WARNING: [filemgmt 56-199] Attempt to get parsing info during refresh. "On-the-fly" syntax checking information may be incorrect. [C:\Users\Facun\Desktop\TD1_TPS_Locales\Exercise_Guide_Chapter_9\guia_9\guia_9.srcs\sources_1\new\myFFDREna.vhd:]
WARNING: [filemgmt 56-199] Attempt to get parsing info during refresh. "On-the-fly" syntax checking information may be incorrect. [C:\Users\Facun\Desktop\TD1_TPS_Locales\Exercise_Guide_Chapter_9\guia_9\guia_9.srcs\sources_1\new\myFFDREnaClr.vhd:]
WARNING: [filemgmt 56-199] Attempt to get parsing info during refresh. "On-the-fly" syntax checking information may be incorrect. [C:\Users\Facun\Desktop\TD1_TPS_Locales\Exercise_Guide_Chapter_9\guia_9\guia_9.srcs\sources_1\new\myFFDREN.vhd:]
WARNING: [filemgmt 56-199] Attempt to get parsing info during refresh. "On-the-fly" syntax checking information may be incorrect. [C:\Users\Facun\Desktop\TD1_TPS_Locales\Exercise_Guide_Chapter_9\guia_9\guia_9.srcs\sources_1\new\myLatchD_Clr.vhd:]
WARNING: [filemgmt 56-199] Attempt to get parsing info during refresh. "On-the-fly" syntax checking information may be incorrect. [C:\Users\Facun\Desktop\TD1_TPS_Locales\Exercise_Guide_Chapter_9\guia_9\guia_9.srcs\sources_1\new\myFFDR.vhd:]
WARNING: [filemgmt 56-199] Attempt to get parsing info during refresh. "On-the-fly" syntax checking information may be incorrect. [C:\Users\Facun\Desktop\TD1_TPS_Locales\Exercise_Guide_Chapter_9\guia_9\guia_9.srcs\sources_1\new\myFFDREnaClr.vhd:]
WARNING: [filemgmt 56-199] Attempt to get parsing info during refresh. "On-the-fly" syntax checking information may be incorrect. [C:\Users\Facun\Desktop\TD1_TPS_Locales\Exercise_Guide_Chapter_9\guia_9\guia_9.srcs\sources_1\new\myFFDREnaClr.vhd:]
WARNING: [filemgmt 56-199] Attempt to get parsing info during refresh. "On-the-fly" syntax checking information may be incorrect. [C:\Users\Facun\Desktop\TD1_TPS_Locales\Exercise_Guide_Chapter_9\guia_9\guia_9.srcs\sources_1\new\myFFDREna.vhd:]
WARNING: [filemgmt 56-199] Attempt to get parsing info during refresh. "On-the-fly" syntax checking information may be incorrect. [C:\Users\Facun\Desktop\TD1_TPS_Locales\Exercise_Guide_Chapter_9\guia_9\guia_9.srcs\sources_1\new\myFFDREnaClr.vhd:]
WARNING: [filemgmt 56-199] Attempt to get parsing info during refresh. "On-the-fly" syntax checking information may be incorrect. [C:\Users\Facun\Desktop\TD1_TPS_Locales\Exercise_Guide_Chapter_9\guia_9\guia_9.srcs\sources_1\new\myFFDREN.vhd:]
WARNING: [filemgmt 56-199] Attempt to get parsing info during refresh. "On-the-fly" syntax checking information may be incorrect. [C:\Users\Facun\Desktop\TD1_TPS_Locales\Exercise_Guide_Chapter_9\guia_9\guia_9.srcs\sources_1\new\myLatchD_Clr.vhd:]
WARNING: [filemgmt 56-199] Attempt to get parsing info during refresh. "On-the-fly" syntax checking information may be incorrect. [C:\Users\Facun\Desktop\TD1_TPS_Locales\Exercise_Guide_Chapter_9\guia_9\guia_9.srcs\sources_1\new\myFFDR.vhd:]
WARNING: [filemgmt 56-199] Attempt to get parsing info during refresh. "On-the-fly" syntax checking information may be incorrect. [C:\Users\Facun\Desktop\TD1_TPS_Locales\Exercise_Guide_Chapter_9\guia_9\guia_9.srcs\sources_1\new\myLatchD_Clr.vhd:]
WARNING: [filemgmt 56-199] Attempt to get parsing info during refresh. "On-the-fly" syntax checking information may be incorrect. [C:\Users\Facun\Desktop\TD1_TPS_Locales\Exercise_Guide_Chapter_9\guia_9\guia_9.srcs\sources_1\new\myLatchD_Clr.vhd:]
WARNING: [filemgmt 56-199] Attempt to get parsing info during refresh. "On-the-fly" syntax checking information may be incorrect. [C:\Users\Facun\Desktop\TD1_TPS_Locales\Exercise_Guide_Chapter_9\guia_9\guia_9.srcs\sources_1\new\myFFDREna.vhd:]
WARNING: [filemgmt 56-199] Attempt to get parsing info during refresh. "On-the-fly" syntax checking information may be incorrect. [C:\Users\Facun\Desktop\TD1_TPS_Locales\Exercise_Guide_Chapter_9\guia_9\guia_9.srcs\sources_1\new\myFFDREnaClr.vhd:]
WARNING: [filemgmt 56-199] Attempt to get parsing info during refresh. "On-the-fly" syntax checking information may be incorrect. [C:\Users\Facun\Desktop\TD1_TPS_Locales\Exercise_Guide_Chapter_9\guia_9\guia_9.srcs\sources_1\new\myFFDREN.vhd:]
WARNING: [filemgmt 56-199] Attempt to get parsing info during refresh. "On-the-fly" syntax checking information may be incorrect. [C:\Users\Facun\Desktop\TD1_TPS_Locales\Exercise_Guide_Chapter_9\guia_9\guia_9.srcs\sources_1\new\myLatchD_Clr.vhd:]
WARNING: [filemgmt 56-199] Attempt to get parsing info during refresh. "On-the-fly" syntax checking information may be incorrect. [C:\Users\Facun\Desktop\TD1_TPS_Locales\Exercise_Guide_Chapter_9\guia_9\guia_9.srcs\sources_1\new\myFFDR.vhd:]
WARNING: [filemgmt 56-199] Attempt to get parsing info during refresh. "On-the-fly" syntax checking information may be incorrect. [C:\Users\Facun\Desktop\TD1_TPS_Locales\Exercise_Guide_Chapter_9\guia_9\guia_9.srcs\sources_1\new\myFFDREna.vhd:]
WARNING: [filemgmt 56-199] Attempt to get parsing info during refresh. "On-the-fly" syntax checking information may be incorrect. [C:\Users\Facun\Desktop\TD1_TPS_Locales\Exercise_Guide_Chapter_9\guia_9\guia_9.srcs\sources_1\new\myFFDREna.vhd:]
WARNING: [filemgmt 56-199] Attempt to get parsing info during refresh. "On-the-fly" syntax checking information may be incorrect. [C:\Users\Facun\Desktop\TD1_TPS_Locales\Exercise_Guide_Chapter_9\guia_9\guia_9.srcs\sources_1\new\myFFDREna.vhd:]
WARNING: [filemgmt 56-199] Attempt to get parsing info during refresh. "On-the-fly" syntax checking information may be incorrect. [C:\Users\Facun\Desktop\TD1_TPS_Locales\Exercise_Guide_Chapter_9\guia_9\guia_9.srcs\sources_1\new\myFFDREnaClr.vhd:]
WARNING: [filemgmt 56-199] Attempt to get parsing info during refresh. "On-the-fly" syntax checking information may be incorrect. [C:\Users\Facun\Desktop\TD1_TPS_Locales\Exercise_Guide_Chapter_9\guia_9\guia_9.srcs\sources_1\new\myFFDREN.vhd:]
WARNING: [filemgmt 56-199] Attempt to get parsing info during refresh. "On-the-fly" syntax checking information may be incorrect. [C:\Users\Facun\Desktop\TD1_TPS_Locales\Exercise_Guide_Chapter_9\guia_9\guia_9.srcs\sources_1\new\myLatchD_Clr.vhd:]
WARNING: [filemgmt 56-199] Attempt to get parsing info during refresh. "On-the-fly" syntax checking information may be incorrect. [C:\Users\Facun\Desktop\TD1_TPS_Locales\Exercise_Guide_Chapter_9\guia_9\guia_9.srcs\sources_1\new\myFFDR.vhd:]
WARNING: [filemgmt 56-199] Attempt to get parsing info during refresh. "On-the-fly" syntax checking information may be incorrect. [C:\Users\Facun\Desktop\TD1_TPS_Locales\Exercise_Guide_Chapter_9\guia_9\guia_9.srcs\sources_1\new\myFFDR.vhd:]
WARNING: [filemgmt 56-199] Attempt to get parsing info during refresh. "On-the-fly" syntax checking information may be incorrect. [C:\Users\Facun\Desktop\TD1_TPS_Locales\Exercise_Guide_Chapter_9\guia_9\guia_9.srcs\sources_1\new\myFFDR.vhd:]
WARNING: [filemgmt 56-199] Attempt to get parsing info during refresh. "On-the-fly" syntax checking information may be incorrect. [C:\Users\Facun\Desktop\TD1_TPS_Locales\Exercise_Guide_Chapter_9\guia_9\guia_9.srcs\sources_1\new\myFFDREna.vhd:]
WARNING: [filemgmt 56-199] Attempt to get parsing info during refresh. "On-the-fly" syntax checking information may be incorrect. [C:\Users\Facun\Desktop\TD1_TPS_Locales\Exercise_Guide_Chapter_9\guia_9\guia_9.srcs\sources_1\new\myFFDREnaClr.vhd:]
WARNING: [filemgmt 56-199] Attempt to get parsing info during refresh. "On-the-fly" syntax checking information may be incorrect. [C:\Users\Facun\Desktop\TD1_TPS_Locales\Exercise_Guide_Chapter_9\guia_9\guia_9.srcs\sources_1\new\myFFDREN.vhd:]
WARNING: [filemgmt 56-199] Attempt to get parsing info during refresh. "On-the-fly" syntax checking information may be incorrect. [C:\Users\Facun\Desktop\TD1_TPS_Locales\Exercise_Guide_Chapter_9\guia_9\guia_9.srcs\sources_1\new\myLatchD_Clr.vhd:]
WARNING: [filemgmt 56-199] Attempt to get parsing info during refresh. "On-the-fly" syntax checking information may be incorrect. [C:\Users\Facun\Desktop\TD1_TPS_Locales\Exercise_Guide_Chapter_9\guia_9\guia_9.srcs\sources_1\new\myFFDR.vhd:]
WARNING: [filemgmt 56-199] Attempt to get parsing info during refresh. "On-the-fly" syntax checking information may be incorrect. [C:\Users\Facun\Desktop\TD1_TPS_Locales\Exercise_Guide_Chapter_9\guia_9\guia_9.srcs\sources_1\new\myFFDREnaClr.vhd:]
WARNING: [filemgmt 56-199] Attempt to get parsing info during refresh. "On-the-fly" syntax checking information may be incorrect. [C:\Users\Facun\Desktop\TD1_TPS_Locales\Exercise_Guide_Chapter_9\guia_9\guia_9.srcs\sources_1\new\myFFDREnaClr.vhd:]
WARNING: [filemgmt 56-199] Attempt to get parsing info during refresh. "On-the-fly" syntax checking information may be incorrect. [C:\Users\Facun\Desktop\TD1_TPS_Locales\Exercise_Guide_Chapter_9\guia_9\guia_9.srcs\sources_1\new\myFFDREna.vhd:]
WARNING: [filemgmt 56-199] Attempt to get parsing info during refresh. "On-the-fly" syntax checking information may be incorrect. [C:\Users\Facun\Desktop\TD1_TPS_Locales\Exercise_Guide_Chapter_9\guia_9\guia_9.srcs\sources_1\new\myFFDREnaClr.vhd:]
WARNING: [filemgmt 56-199] Attempt to get parsing info during refresh. "On-the-fly" syntax checking information may be incorrect. [C:\Users\Facun\Desktop\TD1_TPS_Locales\Exercise_Guide_Chapter_9\guia_9\guia_9.srcs\sources_1\new\myFFDREN.vhd:]
WARNING: [filemgmt 56-199] Attempt to get parsing info during refresh. "On-the-fly" syntax checking information may be incorrect. [C:\Users\Facun\Desktop\TD1_TPS_Locales\Exercise_Guide_Chapter_9\guia_9\guia_9.srcs\sources_1\new\myLatchD_Clr.vhd:]
WARNING: [filemgmt 56-199] Attempt to get parsing info during refresh. "On-the-fly" syntax checking information may be incorrect. [C:\Users\Facun\Desktop\TD1_TPS_Locales\Exercise_Guide_Chapter_9\guia_9\guia_9.srcs\sources_1\new\myFFDR.vhd:]
WARNING: [filemgmt 56-199] Attempt to get parsing info during refresh. "On-the-fly" syntax checking information may be incorrect. [C:\Users\Facun\Desktop\TD1_TPS_Locales\Exercise_Guide_Chapter_9\guia_9\guia_9.srcs\sources_1\new\myFFDREN.vhd:]
WARNING: [filemgmt 56-199] Attempt to get parsing info during refresh. "On-the-fly" syntax checking information may be incorrect. [C:\Users\Facun\Desktop\TD1_TPS_Locales\Exercise_Guide_Chapter_9\guia_9\guia_9.srcs\sources_1\new\myFFDREN.vhd:]
WARNING: [filemgmt 56-199] Attempt to get parsing info during refresh. "On-the-fly" syntax checking information may be incorrect. [C:\Users\Facun\Desktop\TD1_TPS_Locales\Exercise_Guide_Chapter_9\guia_9\guia_9.srcs\sources_1\new\myFFDREna.vhd:]
WARNING: [filemgmt 56-199] Attempt to get parsing info during refresh. "On-the-fly" syntax checking information may be incorrect. [C:\Users\Facun\Desktop\TD1_TPS_Locales\Exercise_Guide_Chapter_9\guia_9\guia_9.srcs\sources_1\new\myFFDREnaClr.vhd:]
WARNING: [filemgmt 56-199] Attempt to get parsing info during refresh. "On-the-fly" syntax checking information may be incorrect. [C:\Users\Facun\Desktop\TD1_TPS_Locales\Exercise_Guide_Chapter_9\guia_9\guia_9.srcs\sources_1\new\myFFDREN.vhd:]
WARNING: [filemgmt 56-199] Attempt to get parsing info during refresh. "On-the-fly" syntax checking information may be incorrect. [C:\Users\Facun\Desktop\TD1_TPS_Locales\Exercise_Guide_Chapter_9\guia_9\guia_9.srcs\sources_1\new\myLatchD_Clr.vhd:]
WARNING: [filemgmt 56-199] Attempt to get parsing info during refresh. "On-the-fly" syntax checking information may be incorrect. [C:\Users\Facun\Desktop\TD1_TPS_Locales\Exercise_Guide_Chapter_9\guia_9\guia_9.srcs\sources_1\new\myFFDR.vhd:]
WARNING: [filemgmt 56-199] Attempt to get parsing info during refresh. "On-the-fly" syntax checking information may be incorrect. [C:\Users\Facun\Desktop\TD1_TPS_Locales\Exercise_Guide_Chapter_9\guia_9\guia_9.srcs\sources_1\new\myLatchD_Clr.vhd:]
WARNING: [filemgmt 56-199] Attempt to get parsing info during refresh. "On-the-fly" syntax checking information may be incorrect. [C:\Users\Facun\Desktop\TD1_TPS_Locales\Exercise_Guide_Chapter_9\guia_9\guia_9.srcs\sources_1\new\myLatchD_Clr.vhd:]
WARNING: [filemgmt 56-199] Attempt to get parsing info during refresh. "On-the-fly" syntax checking information may be incorrect. [C:\Users\Facun\Desktop\TD1_TPS_Locales\Exercise_Guide_Chapter_9\guia_9\guia_9.srcs\sources_1\new\myFFDREna.vhd:]
WARNING: [filemgmt 56-199] Attempt to get parsing info during refresh. "On-the-fly" syntax checking information may be incorrect. [C:\Users\Facun\Desktop\TD1_TPS_Locales\Exercise_Guide_Chapter_9\guia_9\guia_9.srcs\sources_1\new\myFFDREnaClr.vhd:]
WARNING: [filemgmt 56-199] Attempt to get parsing info during refresh. "On-the-fly" syntax checking information may be incorrect. [C:\Users\Facun\Desktop\TD1_TPS_Locales\Exercise_Guide_Chapter_9\guia_9\guia_9.srcs\sources_1\new\myFFDREN.vhd:]
WARNING: [filemgmt 56-199] Attempt to get parsing info during refresh. "On-the-fly" syntax checking information may be incorrect. [C:\Users\Facun\Desktop\TD1_TPS_Locales\Exercise_Guide_Chapter_9\guia_9\guia_9.srcs\sources_1\new\myLatchD_Clr.vhd:]
WARNING: [filemgmt 56-199] Attempt to get parsing info during refresh. "On-the-fly" syntax checking information may be incorrect. [C:\Users\Facun\Desktop\TD1_TPS_Locales\Exercise_Guide_Chapter_9\guia_9\guia_9.srcs\sources_1\new\myFFDR.vhd:]
WARNING: [filemgmt 56-199] Attempt to get parsing info during refresh. "On-the-fly" syntax checking information may be incorrect. [C:\Users\Facun\Desktop\TD1_TPS_Locales\Exercise_Guide_Chapter_9\guia_9\guia_9.srcs\sources_1\new\myFFDR.vhd:]
WARNING: [filemgmt 56-199] Attempt to get parsing info during refresh. "On-the-fly" syntax checking information may be incorrect. [C:\Users\Facun\Desktop\TD1_TPS_Locales\Exercise_Guide_Chapter_9\guia_9\guia_9.srcs\sources_1\new\myFFDR.vhd:]
WARNING: [filemgmt 56-199] Attempt to get parsing info during refresh. "On-the-fly" syntax checking information may be incorrect. [C:\Users\Facun\Desktop\TD1_TPS_Locales\Exercise_Guide_Chapter_9\guia_9\guia_9.srcs\sources_1\new\myFFDREna.vhd:]
WARNING: [filemgmt 56-199] Attempt to get parsing info during refresh. "On-the-fly" syntax checking information may be incorrect. [C:\Users\Facun\Desktop\TD1_TPS_Locales\Exercise_Guide_Chapter_9\guia_9\guia_9.srcs\sources_1\new\myFFDREnaClr.vhd:]
WARNING: [filemgmt 56-199] Attempt to get parsing info during refresh. "On-the-fly" syntax checking information may be incorrect. [C:\Users\Facun\Desktop\TD1_TPS_Locales\Exercise_Guide_Chapter_9\guia_9\guia_9.srcs\sources_1\new\myFFDREN.vhd:]
WARNING: [filemgmt 56-199] Attempt to get parsing info during refresh. "On-the-fly" syntax checking information may be incorrect. [C:\Users\Facun\Desktop\TD1_TPS_Locales\Exercise_Guide_Chapter_9\guia_9\guia_9.srcs\sources_1\new\myLatchD_Clr.vhd:]
WARNING: [filemgmt 56-199] Attempt to get parsing info during refresh. "On-the-fly" syntax checking information may be incorrect. [C:\Users\Facun\Desktop\TD1_TPS_Locales\Exercise_Guide_Chapter_9\guia_9\guia_9.srcs\sources_1\new\myFFDR.vhd:]
WARNING: [filemgmt 56-199] Attempt to get parsing info during refresh. "On-the-fly" syntax checking information may be incorrect. [C:\Users\Facun\Desktop\TD1_TPS_Locales\Exercise_Guide_Chapter_9\guia_9\guia_9.srcs\sources_1\new\myFFDREnaClr.vhd:]
WARNING: [filemgmt 56-199] Attempt to get parsing info during refresh. "On-the-fly" syntax checking information may be incorrect. [C:\Users\Facun\Desktop\TD1_TPS_Locales\Exercise_Guide_Chapter_9\guia_9\guia_9.srcs\sources_1\new\myFFDREnaClr.vhd:]
WARNING: [filemgmt 56-199] Attempt to get parsing info during refresh. "On-the-fly" syntax checking information may be incorrect. [C:\Users\Facun\Desktop\TD1_TPS_Locales\Exercise_Guide_Chapter_9\guia_9\guia_9.srcs\sources_1\new\myFFDREna.vhd:]
WARNING: [filemgmt 56-199] Attempt to get parsing info during refresh. "On-the-fly" syntax checking information may be incorrect. [C:\Users\Facun\Desktop\TD1_TPS_Locales\Exercise_Guide_Chapter_9\guia_9\guia_9.srcs\sources_1\new\myFFDREnaClr.vhd:]
WARNING: [filemgmt 56-199] Attempt to get parsing info during refresh. "On-the-fly" syntax checking information may be incorrect. [C:\Users\Facun\Desktop\TD1_TPS_Locales\Exercise_Guide_Chapter_9\guia_9\guia_9.srcs\sources_1\new\myFFDREN.vhd:]
WARNING: [filemgmt 56-199] Attempt to get parsing info during refresh. "On-the-fly" syntax checking information may be incorrect. [C:\Users\Facun\Desktop\TD1_TPS_Locales\Exercise_Guide_Chapter_9\guia_9\guia_9.srcs\sources_1\new\myLatchD_Clr.vhd:]
WARNING: [filemgmt 56-199] Attempt to get parsing info during refresh. "On-the-fly" syntax checking information may be incorrect. [C:\Users\Facun\Desktop\TD1_TPS_Locales\Exercise_Guide_Chapter_9\guia_9\guia_9.srcs\sources_1\new\myFFDR.vhd:]
WARNING: [filemgmt 56-199] Attempt to get parsing info during refresh. "On-the-fly" syntax checking information may be incorrect. [C:\Users\Facun\Desktop\TD1_TPS_Locales\Exercise_Guide_Chapter_9\guia_9\guia_9.srcs\sources_1\new\myFFDREna.vhd:]
WARNING: [filemgmt 56-199] Attempt to get parsing info during refresh. "On-the-fly" syntax checking information may be incorrect. [C:\Users\Facun\Desktop\TD1_TPS_Locales\Exercise_Guide_Chapter_9\guia_9\guia_9.srcs\sources_1\new\myFFDREna.vhd:]
WARNING: [filemgmt 56-199] Attempt to get parsing info during refresh. "On-the-fly" syntax checking information may be incorrect. [C:\Users\Facun\Desktop\TD1_TPS_Locales\Exercise_Guide_Chapter_9\guia_9\guia_9.srcs\sources_1\new\myFFDREna.vhd:]
WARNING: [filemgmt 56-199] Attempt to get parsing info during refresh. "On-the-fly" syntax checking information may be incorrect. [C:\Users\Facun\Desktop\TD1_TPS_Locales\Exercise_Guide_Chapter_9\guia_9\guia_9.srcs\sources_1\new\myFFDREnaClr.vhd:]
WARNING: [filemgmt 56-199] Attempt to get parsing info during refresh. "On-the-fly" syntax checking information may be incorrect. [C:\Users\Facun\Desktop\TD1_TPS_Locales\Exercise_Guide_Chapter_9\guia_9\guia_9.srcs\sources_1\new\myFFDREN.vhd:]
WARNING: [filemgmt 56-199] Attempt to get parsing info during refresh. "On-the-fly" syntax checking information may be incorrect. [C:\Users\Facun\Desktop\TD1_TPS_Locales\Exercise_Guide_Chapter_9\guia_9\guia_9.srcs\sources_1\new\myLatchD_Clr.vhd:]
WARNING: [filemgmt 56-199] Attempt to get parsing info during refresh. "On-the-fly" syntax checking information may be incorrect. [C:\Users\Facun\Desktop\TD1_TPS_Locales\Exercise_Guide_Chapter_9\guia_9\guia_9.srcs\sources_1\new\myFFDR.vhd:]
WARNING: [filemgmt 56-199] Attempt to get parsing info during refresh. "On-the-fly" syntax checking information may be incorrect. [C:\Users\Facun\Desktop\TD1_TPS_Locales\Exercise_Guide_Chapter_9\guia_9\guia_9.srcs\sources_1\new\myFFDREN.vhd:]
WARNING: [filemgmt 56-199] Attempt to get parsing info during refresh. "On-the-fly" syntax checking information may be incorrect. [C:\Users\Facun\Desktop\TD1_TPS_Locales\Exercise_Guide_Chapter_9\guia_9\guia_9.srcs\sources_1\new\myFFDREN.vhd:]
close [ open C:/Users/Facun/Desktop/TD1_TPS_Locales/Exercise_Guide_Chapter_9/guia_9/guia_9.srcs/sources_1/new/FFT.vhd w ]
add_files C:/Users/Facun/Desktop/TD1_TPS_Locales/Exercise_Guide_Chapter_9/guia_9/guia_9.srcs/sources_1/new/FFT.vhd
WARNING: [filemgmt 56-199] Attempt to get parsing info during refresh. "On-the-fly" syntax checking information may be incorrect. [C:\Users\Facun\Desktop\TD1_TPS_Locales\Exercise_Guide_Chapter_9\guia_9\guia_9.srcs\sources_1\new\myFFDREna.vhd:]
WARNING: [filemgmt 56-199] Attempt to get parsing info during refresh. "On-the-fly" syntax checking information may be incorrect. [C:\Users\Facun\Desktop\TD1_TPS_Locales\Exercise_Guide_Chapter_9\guia_9\guia_9.srcs\sources_1\new\myFFDREnaClr.vhd:]
WARNING: [filemgmt 56-199] Attempt to get parsing info during refresh. "On-the-fly" syntax checking information may be incorrect. [C:\Users\Facun\Desktop\TD1_TPS_Locales\Exercise_Guide_Chapter_9\guia_9\guia_9.srcs\sources_1\new\myFFDREN.vhd:]
WARNING: [filemgmt 56-199] Attempt to get parsing info during refresh. "On-the-fly" syntax checking information may be incorrect. [C:\Users\Facun\Desktop\TD1_TPS_Locales\Exercise_Guide_Chapter_9\guia_9\guia_9.srcs\sources_1\new\myLatchD_Clr.vhd:]
WARNING: [filemgmt 56-199] Attempt to get parsing info during refresh. "On-the-fly" syntax checking information may be incorrect. [C:\Users\Facun\Desktop\TD1_TPS_Locales\Exercise_Guide_Chapter_9\guia_9\guia_9.srcs\sources_1\new\myFFDR.vhd:]
WARNING: [filemgmt 56-199] Attempt to get parsing info during refresh. "On-the-fly" syntax checking information may be incorrect. [C:\Users\Facun\Desktop\TD1_TPS_Locales\Exercise_Guide_Chapter_9\guia_9\guia_9.srcs\sources_1\new\myLatchD_Clr.vhd:]
WARNING: [filemgmt 56-199] Attempt to get parsing info during refresh. "On-the-fly" syntax checking information may be incorrect. [C:\Users\Facun\Desktop\TD1_TPS_Locales\Exercise_Guide_Chapter_9\guia_9\guia_9.srcs\sources_1\new\myLatchD_Clr.vhd:]
WARNING: [filemgmt 56-199] Attempt to get parsing info during refresh. "On-the-fly" syntax checking information may be incorrect. [C:\Users\Facun\Desktop\TD1_TPS_Locales\Exercise_Guide_Chapter_9\guia_9\guia_9.srcs\sources_1\new\myFFDREna.vhd:]
WARNING: [filemgmt 56-199] Attempt to get parsing info during refresh. "On-the-fly" syntax checking information may be incorrect. [C:\Users\Facun\Desktop\TD1_TPS_Locales\Exercise_Guide_Chapter_9\guia_9\guia_9.srcs\sources_1\new\myFFDREnaClr.vhd:]
WARNING: [filemgmt 56-199] Attempt to get parsing info during refresh. "On-the-fly" syntax checking information may be incorrect. [C:\Users\Facun\Desktop\TD1_TPS_Locales\Exercise_Guide_Chapter_9\guia_9\guia_9.srcs\sources_1\new\myFFDREN.vhd:]
WARNING: [filemgmt 56-199] Attempt to get parsing info during refresh. "On-the-fly" syntax checking information may be incorrect. [C:\Users\Facun\Desktop\TD1_TPS_Locales\Exercise_Guide_Chapter_9\guia_9\guia_9.srcs\sources_1\new\myLatchD_Clr.vhd:]
WARNING: [filemgmt 56-199] Attempt to get parsing info during refresh. "On-the-fly" syntax checking information may be incorrect. [C:\Users\Facun\Desktop\TD1_TPS_Locales\Exercise_Guide_Chapter_9\guia_9\guia_9.srcs\sources_1\new\myFFDR.vhd:]
WARNING: [filemgmt 56-199] Attempt to get parsing info during refresh. "On-the-fly" syntax checking information may be incorrect. [C:\Users\Facun\Desktop\TD1_TPS_Locales\Exercise_Guide_Chapter_9\guia_9\guia_9.srcs\sources_1\new\myFFDREN.vhd:]
WARNING: [filemgmt 56-199] Attempt to get parsing info during refresh. "On-the-fly" syntax checking information may be incorrect. [C:\Users\Facun\Desktop\TD1_TPS_Locales\Exercise_Guide_Chapter_9\guia_9\guia_9.srcs\sources_1\new\myFFDREN.vhd:]
WARNING: [filemgmt 56-199] Attempt to get parsing info during refresh. "On-the-fly" syntax checking information may be incorrect. [C:\Users\Facun\Desktop\TD1_TPS_Locales\Exercise_Guide_Chapter_9\guia_9\guia_9.srcs\sources_1\new\myFFDREna.vhd:]
WARNING: [filemgmt 56-199] Attempt to get parsing info during refresh. "On-the-fly" syntax checking information may be incorrect. [C:\Users\Facun\Desktop\TD1_TPS_Locales\Exercise_Guide_Chapter_9\guia_9\guia_9.srcs\sources_1\new\myFFDREnaClr.vhd:]
WARNING: [filemgmt 56-199] Attempt to get parsing info during refresh. "On-the-fly" syntax checking information may be incorrect. [C:\Users\Facun\Desktop\TD1_TPS_Locales\Exercise_Guide_Chapter_9\guia_9\guia_9.srcs\sources_1\new\myFFDREN.vhd:]
WARNING: [filemgmt 56-199] Attempt to get parsing info during refresh. "On-the-fly" syntax checking information may be incorrect. [C:\Users\Facun\Desktop\TD1_TPS_Locales\Exercise_Guide_Chapter_9\guia_9\guia_9.srcs\sources_1\new\myLatchD_Clr.vhd:]
WARNING: [filemgmt 56-199] Attempt to get parsing info during refresh. "On-the-fly" syntax checking information may be incorrect. [C:\Users\Facun\Desktop\TD1_TPS_Locales\Exercise_Guide_Chapter_9\guia_9\guia_9.srcs\sources_1\new\myFFDR.vhd:]
WARNING: [filemgmt 56-199] Attempt to get parsing info during refresh. "On-the-fly" syntax checking information may be incorrect. [C:\Users\Facun\Desktop\TD1_TPS_Locales\Exercise_Guide_Chapter_9\guia_9\guia_9.srcs\sources_1\new\myFFDREnaClr.vhd:]
WARNING: [filemgmt 56-199] Attempt to get parsing info during refresh. "On-the-fly" syntax checking information may be incorrect. [C:\Users\Facun\Desktop\TD1_TPS_Locales\Exercise_Guide_Chapter_9\guia_9\guia_9.srcs\sources_1\new\myFFDREnaClr.vhd:]
ERROR: [Common 17-180] Spawn failed: No error
WARNING: [filemgmt 56-199] Attempt to get parsing info during refresh. "On-the-fly" syntax checking information may be incorrect. [C:\Users\Facun\Desktop\TD1_TPS_Locales\Exercise_Guide_Chapter_9\guia_9\guia_9.srcs\sources_1\new\myFFDREna.vhd:]
WARNING: [filemgmt 56-199] Attempt to get parsing info during refresh. "On-the-fly" syntax checking information may be incorrect. [C:\Users\Facun\Desktop\TD1_TPS_Locales\Exercise_Guide_Chapter_9\guia_9\guia_9.srcs\sources_1\new\myFFDREnaClr.vhd:]
WARNING: [filemgmt 56-199] Attempt to get parsing info during refresh. "On-the-fly" syntax checking information may be incorrect. [C:\Users\Facun\Desktop\TD1_TPS_Locales\Exercise_Guide_Chapter_9\guia_9\guia_9.srcs\sources_1\new\myFFDREN.vhd:]
WARNING: [filemgmt 56-199] Attempt to get parsing info during refresh. "On-the-fly" syntax checking information may be incorrect. [C:\Users\Facun\Desktop\TD1_TPS_Locales\Exercise_Guide_Chapter_9\guia_9\guia_9.srcs\sources_1\new\myLatchD_Clr.vhd:]
WARNING: [filemgmt 56-199] Attempt to get parsing info during refresh. "On-the-fly" syntax checking information may be incorrect. [C:\Users\Facun\Desktop\TD1_TPS_Locales\Exercise_Guide_Chapter_9\guia_9\guia_9.srcs\sources_1\new\myFFDR.vhd:]
WARNING: [filemgmt 56-199] Attempt to get parsing info during refresh. "On-the-fly" syntax checking information may be incorrect. [C:\Users\Facun\Desktop\TD1_TPS_Locales\Exercise_Guide_Chapter_9\guia_9\guia_9.srcs\sources_1\new\myFFDR.vhd:]
WARNING: [filemgmt 56-199] Attempt to get parsing info during refresh. "On-the-fly" syntax checking information may be incorrect. [C:\Users\Facun\Desktop\TD1_TPS_Locales\Exercise_Guide_Chapter_9\guia_9\guia_9.srcs\sources_1\new\myFFDR.vhd:]
ERROR: [Common 17-180] Spawn failed: No error
WARNING: [filemgmt 56-199] Attempt to get parsing info during refresh. "On-the-fly" syntax checking information may be incorrect. [C:\Users\Facun\Desktop\TD1_TPS_Locales\Exercise_Guide_Chapter_9\guia_9\guia_9.srcs\sources_1\new\myFFDREna.vhd:]
WARNING: [filemgmt 56-199] Attempt to get parsing info during refresh. "On-the-fly" syntax checking information may be incorrect. [C:\Users\Facun\Desktop\TD1_TPS_Locales\Exercise_Guide_Chapter_9\guia_9\guia_9.srcs\sources_1\new\myFFDREnaClr.vhd:]
WARNING: [filemgmt 56-199] Attempt to get parsing info during refresh. "On-the-fly" syntax checking information may be incorrect. [C:\Users\Facun\Desktop\TD1_TPS_Locales\Exercise_Guide_Chapter_9\guia_9\guia_9.srcs\sources_1\new\myFFDREN.vhd:]
WARNING: [filemgmt 56-199] Attempt to get parsing info during refresh. "On-the-fly" syntax checking information may be incorrect. [C:\Users\Facun\Desktop\TD1_TPS_Locales\Exercise_Guide_Chapter_9\guia_9\guia_9.srcs\sources_1\new\myLatchD_Clr.vhd:]
WARNING: [filemgmt 56-199] Attempt to get parsing info during refresh. "On-the-fly" syntax checking information may be incorrect. [C:\Users\Facun\Desktop\TD1_TPS_Locales\Exercise_Guide_Chapter_9\guia_9\guia_9.srcs\sources_1\new\myFFDR.vhd:]
WARNING: [filemgmt 56-199] Attempt to get parsing info during refresh. "On-the-fly" syntax checking information may be incorrect. [C:\Users\Facun\Desktop\TD1_TPS_Locales\Exercise_Guide_Chapter_9\guia_9\guia_9.srcs\sources_1\new\myFFDR.vhd:]
WARNING: [filemgmt 56-199] Attempt to get parsing info during refresh. "On-the-fly" syntax checking information may be incorrect. [C:\Users\Facun\Desktop\TD1_TPS_Locales\Exercise_Guide_Chapter_9\guia_9\guia_9.srcs\sources_1\new\myFFDR.vhd:]
WARNING: [filemgmt 56-199] Attempt to get parsing info during refresh. "On-the-fly" syntax checking information may be incorrect. [C:\Users\Facun\Desktop\TD1_TPS_Locales\Exercise_Guide_Chapter_9\guia_9\guia_9.srcs\sources_1\new\myFFDREna.vhd:]
WARNING: [filemgmt 56-199] Attempt to get parsing info during refresh. "On-the-fly" syntax checking information may be incorrect. [C:\Users\Facun\Desktop\TD1_TPS_Locales\Exercise_Guide_Chapter_9\guia_9\guia_9.srcs\sources_1\new\myFFDREnaClr.vhd:]
WARNING: [filemgmt 56-199] Attempt to get parsing info during refresh. "On-the-fly" syntax checking information may be incorrect. [C:\Users\Facun\Desktop\TD1_TPS_Locales\Exercise_Guide_Chapter_9\guia_9\guia_9.srcs\sources_1\new\myFFDREN.vhd:]
WARNING: [filemgmt 56-199] Attempt to get parsing info during refresh. "On-the-fly" syntax checking information may be incorrect. [C:\Users\Facun\Desktop\TD1_TPS_Locales\Exercise_Guide_Chapter_9\guia_9\guia_9.srcs\sources_1\new\myLatchD_Clr.vhd:]
WARNING: [filemgmt 56-199] Attempt to get parsing info during refresh. "On-the-fly" syntax checking information may be incorrect. [C:\Users\Facun\Desktop\TD1_TPS_Locales\Exercise_Guide_Chapter_9\guia_9\guia_9.srcs\sources_1\new\myFFDR.vhd:]
WARNING: [filemgmt 56-199] Attempt to get parsing info during refresh. "On-the-fly" syntax checking information may be incorrect. [C:\Users\Facun\Desktop\TD1_TPS_Locales\Exercise_Guide_Chapter_9\guia_9\guia_9.srcs\sources_1\new\myFFDREnaClr.vhd:]
WARNING: [filemgmt 56-199] Attempt to get parsing info during refresh. "On-the-fly" syntax checking information may be incorrect. [C:\Users\Facun\Desktop\TD1_TPS_Locales\Exercise_Guide_Chapter_9\guia_9\guia_9.srcs\sources_1\new\myFFDREnaClr.vhd:]
WARNING: [filemgmt 56-199] Attempt to get parsing info during refresh. "On-the-fly" syntax checking information may be incorrect. [C:\Users\Facun\Desktop\TD1_TPS_Locales\Exercise_Guide_Chapter_9\guia_9\guia_9.srcs\sources_1\new\myFFDREna.vhd:]
WARNING: [filemgmt 56-199] Attempt to get parsing info during refresh. "On-the-fly" syntax checking information may be incorrect. [C:\Users\Facun\Desktop\TD1_TPS_Locales\Exercise_Guide_Chapter_9\guia_9\guia_9.srcs\sources_1\new\myFFDREnaClr.vhd:]
WARNING: [filemgmt 56-199] Attempt to get parsing info during refresh. "On-the-fly" syntax checking information may be incorrect. [C:\Users\Facun\Desktop\TD1_TPS_Locales\Exercise_Guide_Chapter_9\guia_9\guia_9.srcs\sources_1\new\myFFDREN.vhd:]
WARNING: [filemgmt 56-199] Attempt to get parsing info during refresh. "On-the-fly" syntax checking information may be incorrect. [C:\Users\Facun\Desktop\TD1_TPS_Locales\Exercise_Guide_Chapter_9\guia_9\guia_9.srcs\sources_1\new\myLatchD_Clr.vhd:]
WARNING: [filemgmt 56-199] Attempt to get parsing info during refresh. "On-the-fly" syntax checking information may be incorrect. [C:\Users\Facun\Desktop\TD1_TPS_Locales\Exercise_Guide_Chapter_9\guia_9\guia_9.srcs\sources_1\new\myFFDR.vhd:]
WARNING: [filemgmt 56-199] Attempt to get parsing info during refresh. "On-the-fly" syntax checking information may be incorrect. [C:\Users\Facun\Desktop\TD1_TPS_Locales\Exercise_Guide_Chapter_9\guia_9\guia_9.srcs\sources_1\new\myLatchD_Clr.vhd:]
WARNING: [filemgmt 56-199] Attempt to get parsing info during refresh. "On-the-fly" syntax checking information may be incorrect. [C:\Users\Facun\Desktop\TD1_TPS_Locales\Exercise_Guide_Chapter_9\guia_9\guia_9.srcs\sources_1\new\myLatchD_Clr.vhd:]
ERROR: [Common 17-180] Spawn failed: No error
WARNING: [filemgmt 56-199] Attempt to get parsing info during refresh. "On-the-fly" syntax checking information may be incorrect. [C:\Users\Facun\Desktop\TD1_TPS_Locales\Exercise_Guide_Chapter_9\guia_9\guia_9.srcs\sources_1\new\myFFDREna.vhd:]
WARNING: [filemgmt 56-199] Attempt to get parsing info during refresh. "On-the-fly" syntax checking information may be incorrect. [C:\Users\Facun\Desktop\TD1_TPS_Locales\Exercise_Guide_Chapter_9\guia_9\guia_9.srcs\sources_1\new\myFFDREnaClr.vhd:]
WARNING: [filemgmt 56-199] Attempt to get parsing info during refresh. "On-the-fly" syntax checking information may be incorrect. [C:\Users\Facun\Desktop\TD1_TPS_Locales\Exercise_Guide_Chapter_9\guia_9\guia_9.srcs\sources_1\new\myFFDREN.vhd:]
WARNING: [filemgmt 56-199] Attempt to get parsing info during refresh. "On-the-fly" syntax checking information may be incorrect. [C:\Users\Facun\Desktop\TD1_TPS_Locales\Exercise_Guide_Chapter_9\guia_9\guia_9.srcs\sources_1\new\myLatchD_Clr.vhd:]
WARNING: [filemgmt 56-199] Attempt to get parsing info during refresh. "On-the-fly" syntax checking information may be incorrect. [C:\Users\Facun\Desktop\TD1_TPS_Locales\Exercise_Guide_Chapter_9\guia_9\guia_9.srcs\sources_1\new\myFFDR.vhd:]
WARNING: [filemgmt 56-199] Attempt to get parsing info during refresh. "On-the-fly" syntax checking information may be incorrect. [C:\Users\Facun\Desktop\TD1_TPS_Locales\Exercise_Guide_Chapter_9\guia_9\guia_9.srcs\sources_1\new\myFFDREN.vhd:]
WARNING: [filemgmt 56-199] Attempt to get parsing info during refresh. "On-the-fly" syntax checking information may be incorrect. [C:\Users\Facun\Desktop\TD1_TPS_Locales\Exercise_Guide_Chapter_9\guia_9\guia_9.srcs\sources_1\new\myFFDREN.vhd:]
update_compile_order -fileset sources_1
WARNING: [filemgmt 56-199] Attempt to get parsing info during refresh. "On-the-fly" syntax checking information may be incorrect. [C:\Users\Facun\Desktop\TD1_TPS_Locales\Exercise_Guide_Chapter_9\guia_9\guia_9.srcs\sources_1\new\myFFDREna.vhd:]
WARNING: [filemgmt 56-199] Attempt to get parsing info during refresh. "On-the-fly" syntax checking information may be incorrect. [C:\Users\Facun\Desktop\TD1_TPS_Locales\Exercise_Guide_Chapter_9\guia_9\guia_9.srcs\sources_1\new\myFFDREnaClr.vhd:]
WARNING: [filemgmt 56-199] Attempt to get parsing info during refresh. "On-the-fly" syntax checking information may be incorrect. [C:\Users\Facun\Desktop\TD1_TPS_Locales\Exercise_Guide_Chapter_9\guia_9\guia_9.srcs\sources_1\new\myFFDREN.vhd:]
WARNING: [filemgmt 56-199] Attempt to get parsing info during refresh. "On-the-fly" syntax checking information may be incorrect. [C:\Users\Facun\Desktop\TD1_TPS_Locales\Exercise_Guide_Chapter_9\guia_9\guia_9.srcs\sources_1\new\myLatchD_Clr.vhd:]
WARNING: [filemgmt 56-199] Attempt to get parsing info during refresh. "On-the-fly" syntax checking information may be incorrect. [C:\Users\Facun\Desktop\TD1_TPS_Locales\Exercise_Guide_Chapter_9\guia_9\guia_9.srcs\sources_1\new\myFFDR.vhd:]
WARNING: [filemgmt 56-199] Attempt to get parsing info during refresh. "On-the-fly" syntax checking information may be incorrect. [C:\Users\Facun\Desktop\TD1_TPS_Locales\Exercise_Guide_Chapter_9\guia_9\guia_9.srcs\sources_1\new\myFFDR.vhd:]
WARNING: [filemgmt 56-199] Attempt to get parsing info during refresh. "On-the-fly" syntax checking information may be incorrect. [C:\Users\Facun\Desktop\TD1_TPS_Locales\Exercise_Guide_Chapter_9\guia_9\guia_9.srcs\sources_1\new\myFFDR.vhd:]
WARNING: [filemgmt 56-199] Attempt to get parsing info during refresh. "On-the-fly" syntax checking information may be incorrect. [C:\Users\Facun\Desktop\TD1_TPS_Locales\Exercise_Guide_Chapter_9\guia_9\guia_9.srcs\sources_1\new\myFFDREna.vhd:]
WARNING: [filemgmt 56-199] Attempt to get parsing info during refresh. "On-the-fly" syntax checking information may be incorrect. [C:\Users\Facun\Desktop\TD1_TPS_Locales\Exercise_Guide_Chapter_9\guia_9\guia_9.srcs\sources_1\new\myFFDREnaClr.vhd:]
WARNING: [filemgmt 56-199] Attempt to get parsing info during refresh. "On-the-fly" syntax checking information may be incorrect. [C:\Users\Facun\Desktop\TD1_TPS_Locales\Exercise_Guide_Chapter_9\guia_9\guia_9.srcs\sources_1\new\myFFDREN.vhd:]
WARNING: [filemgmt 56-199] Attempt to get parsing info during refresh. "On-the-fly" syntax checking information may be incorrect. [C:\Users\Facun\Desktop\TD1_TPS_Locales\Exercise_Guide_Chapter_9\guia_9\guia_9.srcs\sources_1\new\myLatchD_Clr.vhd:]
WARNING: [filemgmt 56-199] Attempt to get parsing info during refresh. "On-the-fly" syntax checking information may be incorrect. [C:\Users\Facun\Desktop\TD1_TPS_Locales\Exercise_Guide_Chapter_9\guia_9\guia_9.srcs\sources_1\new\myFFDR.vhd:]
WARNING: [filemgmt 56-199] Attempt to get parsing info during refresh. "On-the-fly" syntax checking information may be incorrect. [C:\Users\Facun\Desktop\TD1_TPS_Locales\Exercise_Guide_Chapter_9\guia_9\guia_9.srcs\sources_1\new\myFFDREnaClr.vhd:]
WARNING: [filemgmt 56-199] Attempt to get parsing info during refresh. "On-the-fly" syntax checking information may be incorrect. [C:\Users\Facun\Desktop\TD1_TPS_Locales\Exercise_Guide_Chapter_9\guia_9\guia_9.srcs\sources_1\new\myFFDREnaClr.vhd:]
WARNING: [filemgmt 56-199] Attempt to get parsing info during refresh. "On-the-fly" syntax checking information may be incorrect. [C:\Users\Facun\Desktop\TD1_TPS_Locales\Exercise_Guide_Chapter_9\guia_9\guia_9.srcs\sources_1\new\myFFDREna.vhd:]
WARNING: [filemgmt 56-199] Attempt to get parsing info during refresh. "On-the-fly" syntax checking information may be incorrect. [C:\Users\Facun\Desktop\TD1_TPS_Locales\Exercise_Guide_Chapter_9\guia_9\guia_9.srcs\sources_1\new\myFFDREnaClr.vhd:]
WARNING: [filemgmt 56-199] Attempt to get parsing info during refresh. "On-the-fly" syntax checking information may be incorrect. [C:\Users\Facun\Desktop\TD1_TPS_Locales\Exercise_Guide_Chapter_9\guia_9\guia_9.srcs\sources_1\new\myFFDREN.vhd:]
WARNING: [filemgmt 56-199] Attempt to get parsing info during refresh. "On-the-fly" syntax checking information may be incorrect. [C:\Users\Facun\Desktop\TD1_TPS_Locales\Exercise_Guide_Chapter_9\guia_9\guia_9.srcs\sources_1\new\myLatchD_Clr.vhd:]
WARNING: [filemgmt 56-199] Attempt to get parsing info during refresh. "On-the-fly" syntax checking information may be incorrect. [C:\Users\Facun\Desktop\TD1_TPS_Locales\Exercise_Guide_Chapter_9\guia_9\guia_9.srcs\sources_1\new\myFFDR.vhd:]
WARNING: [filemgmt 56-199] Attempt to get parsing info during refresh. "On-the-fly" syntax checking information may be incorrect. [C:\Users\Facun\Desktop\TD1_TPS_Locales\Exercise_Guide_Chapter_9\guia_9\guia_9.srcs\sources_1\new\myLatchD_Clr.vhd:]
WARNING: [filemgmt 56-199] Attempt to get parsing info during refresh. "On-the-fly" syntax checking information may be incorrect. [C:\Users\Facun\Desktop\TD1_TPS_Locales\Exercise_Guide_Chapter_9\guia_9\guia_9.srcs\sources_1\new\myLatchD_Clr.vhd:]
WARNING: [filemgmt 56-199] Attempt to get parsing info during refresh. "On-the-fly" syntax checking information may be incorrect. [C:\Users\Facun\Desktop\TD1_TPS_Locales\Exercise_Guide_Chapter_9\guia_9\guia_9.srcs\sources_1\new\myFFDREna.vhd:]
WARNING: [filemgmt 56-199] Attempt to get parsing info during refresh. "On-the-fly" syntax checking information may be incorrect. [C:\Users\Facun\Desktop\TD1_TPS_Locales\Exercise_Guide_Chapter_9\guia_9\guia_9.srcs\sources_1\new\myFFDREnaClr.vhd:]
WARNING: [filemgmt 56-199] Attempt to get parsing info during refresh. "On-the-fly" syntax checking information may be incorrect. [C:\Users\Facun\Desktop\TD1_TPS_Locales\Exercise_Guide_Chapter_9\guia_9\guia_9.srcs\sources_1\new\myFFDREN.vhd:]
WARNING: [filemgmt 56-199] Attempt to get parsing info during refresh. "On-the-fly" syntax checking information may be incorrect. [C:\Users\Facun\Desktop\TD1_TPS_Locales\Exercise_Guide_Chapter_9\guia_9\guia_9.srcs\sources_1\new\myLatchD_Clr.vhd:]
WARNING: [filemgmt 56-199] Attempt to get parsing info during refresh. "On-the-fly" syntax checking information may be incorrect. [C:\Users\Facun\Desktop\TD1_TPS_Locales\Exercise_Guide_Chapter_9\guia_9\guia_9.srcs\sources_1\new\myFFDR.vhd:]
WARNING: [filemgmt 56-199] Attempt to get parsing info during refresh. "On-the-fly" syntax checking information may be incorrect. [C:\Users\Facun\Desktop\TD1_TPS_Locales\Exercise_Guide_Chapter_9\guia_9\guia_9.srcs\sources_1\new\myFFDREN.vhd:]
WARNING: [filemgmt 56-199] Attempt to get parsing info during refresh. "On-the-fly" syntax checking information may be incorrect. [C:\Users\Facun\Desktop\TD1_TPS_Locales\Exercise_Guide_Chapter_9\guia_9\guia_9.srcs\sources_1\new\myFFDREN.vhd:]
WARNING: [filemgmt 56-199] Attempt to get parsing info during refresh. "On-the-fly" syntax checking information may be incorrect. [C:\Users\Facun\Desktop\TD1_TPS_Locales\Exercise_Guide_Chapter_9\guia_9\guia_9.srcs\sources_1\new\myFFDREna.vhd:]
WARNING: [filemgmt 56-199] Attempt to get parsing info during refresh. "On-the-fly" syntax checking information may be incorrect. [C:\Users\Facun\Desktop\TD1_TPS_Locales\Exercise_Guide_Chapter_9\guia_9\guia_9.srcs\sources_1\new\FFT.vhd:]
WARNING: [filemgmt 56-199] Attempt to get parsing info during refresh. "On-the-fly" syntax checking information may be incorrect. [C:\Users\Facun\Desktop\TD1_TPS_Locales\Exercise_Guide_Chapter_9\guia_9\guia_9.srcs\sources_1\new\myFFDREnaClr.vhd:]
WARNING: [filemgmt 56-199] Attempt to get parsing info during refresh. "On-the-fly" syntax checking information may be incorrect. [C:\Users\Facun\Desktop\TD1_TPS_Locales\Exercise_Guide_Chapter_9\guia_9\guia_9.srcs\sources_1\new\myFFDREN.vhd:]
WARNING: [filemgmt 56-199] Attempt to get parsing info during refresh. "On-the-fly" syntax checking information may be incorrect. [C:\Users\Facun\Desktop\TD1_TPS_Locales\Exercise_Guide_Chapter_9\guia_9\guia_9.srcs\sources_1\new\myLatchD_Clr.vhd:]
WARNING: [filemgmt 56-199] Attempt to get parsing info during refresh. "On-the-fly" syntax checking information may be incorrect. [C:\Users\Facun\Desktop\TD1_TPS_Locales\Exercise_Guide_Chapter_9\guia_9\guia_9.srcs\sources_1\new\myFFDR.vhd:]
WARNING: [filemgmt 56-199] Attempt to get parsing info during refresh. "On-the-fly" syntax checking information may be incorrect. [C:\Users\Facun\Desktop\TD1_TPS_Locales\Exercise_Guide_Chapter_9\guia_9\guia_9.srcs\sources_1\new\myFFDR.vhd:]
WARNING: [filemgmt 56-199] Attempt to get parsing info during refresh. "On-the-fly" syntax checking information may be incorrect. [C:\Users\Facun\Desktop\TD1_TPS_Locales\Exercise_Guide_Chapter_9\guia_9\guia_9.srcs\sources_1\new\myFFDR.vhd:]
WARNING: [filemgmt 56-199] Attempt to get parsing info during refresh. "On-the-fly" syntax checking information may be incorrect. [C:\Users\Facun\Desktop\TD1_TPS_Locales\Exercise_Guide_Chapter_9\guia_9\guia_9.srcs\sources_1\new\myFFDREna.vhd:]
WARNING: [filemgmt 56-199] Attempt to get parsing info during refresh. "On-the-fly" syntax checking information may be incorrect. [C:\Users\Facun\Desktop\TD1_TPS_Locales\Exercise_Guide_Chapter_9\guia_9\guia_9.srcs\sources_1\new\FFT.vhd:]
WARNING: [filemgmt 56-199] Attempt to get parsing info during refresh. "On-the-fly" syntax checking information may be incorrect. [C:\Users\Facun\Desktop\TD1_TPS_Locales\Exercise_Guide_Chapter_9\guia_9\guia_9.srcs\sources_1\new\myFFDREnaClr.vhd:]
WARNING: [filemgmt 56-199] Attempt to get parsing info during refresh. "On-the-fly" syntax checking information may be incorrect. [C:\Users\Facun\Desktop\TD1_TPS_Locales\Exercise_Guide_Chapter_9\guia_9\guia_9.srcs\sources_1\new\myFFDREN.vhd:]
WARNING: [filemgmt 56-199] Attempt to get parsing info during refresh. "On-the-fly" syntax checking information may be incorrect. [C:\Users\Facun\Desktop\TD1_TPS_Locales\Exercise_Guide_Chapter_9\guia_9\guia_9.srcs\sources_1\new\myLatchD_Clr.vhd:]
WARNING: [filemgmt 56-199] Attempt to get parsing info during refresh. "On-the-fly" syntax checking information may be incorrect. [C:\Users\Facun\Desktop\TD1_TPS_Locales\Exercise_Guide_Chapter_9\guia_9\guia_9.srcs\sources_1\new\myFFDR.vhd:]
WARNING: [filemgmt 56-199] Attempt to get parsing info during refresh. "On-the-fly" syntax checking information may be incorrect. [C:\Users\Facun\Desktop\TD1_TPS_Locales\Exercise_Guide_Chapter_9\guia_9\guia_9.srcs\sources_1\new\myFFDREnaClr.vhd:]
WARNING: [filemgmt 56-199] Attempt to get parsing info during refresh. "On-the-fly" syntax checking information may be incorrect. [C:\Users\Facun\Desktop\TD1_TPS_Locales\Exercise_Guide_Chapter_9\guia_9\guia_9.srcs\sources_1\new\myFFDREnaClr.vhd:]
WARNING: [filemgmt 56-199] Attempt to get parsing info during refresh. "On-the-fly" syntax checking information may be incorrect. [C:\Users\Facun\Desktop\TD1_TPS_Locales\Exercise_Guide_Chapter_9\guia_9\guia_9.srcs\sources_1\new\myFFDREna.vhd:]
WARNING: [filemgmt 56-199] Attempt to get parsing info during refresh. "On-the-fly" syntax checking information may be incorrect. [C:\Users\Facun\Desktop\TD1_TPS_Locales\Exercise_Guide_Chapter_9\guia_9\guia_9.srcs\sources_1\new\FFT.vhd:]
WARNING: [filemgmt 56-199] Attempt to get parsing info during refresh. "On-the-fly" syntax checking information may be incorrect. [C:\Users\Facun\Desktop\TD1_TPS_Locales\Exercise_Guide_Chapter_9\guia_9\guia_9.srcs\sources_1\new\myFFDREnaClr.vhd:]
WARNING: [filemgmt 56-199] Attempt to get parsing info during refresh. "On-the-fly" syntax checking information may be incorrect. [C:\Users\Facun\Desktop\TD1_TPS_Locales\Exercise_Guide_Chapter_9\guia_9\guia_9.srcs\sources_1\new\myFFDREN.vhd:]
WARNING: [filemgmt 56-199] Attempt to get parsing info during refresh. "On-the-fly" syntax checking information may be incorrect. [C:\Users\Facun\Desktop\TD1_TPS_Locales\Exercise_Guide_Chapter_9\guia_9\guia_9.srcs\sources_1\new\myLatchD_Clr.vhd:]
WARNING: [filemgmt 56-199] Attempt to get parsing info during refresh. "On-the-fly" syntax checking information may be incorrect. [C:\Users\Facun\Desktop\TD1_TPS_Locales\Exercise_Guide_Chapter_9\guia_9\guia_9.srcs\sources_1\new\myFFDR.vhd:]
WARNING: [filemgmt 56-199] Attempt to get parsing info during refresh. "On-the-fly" syntax checking information may be incorrect. [C:\Users\Facun\Desktop\TD1_TPS_Locales\Exercise_Guide_Chapter_9\guia_9\guia_9.srcs\sources_1\new\FFT.vhd:]
WARNING: [filemgmt 56-199] Attempt to get parsing info during refresh. "On-the-fly" syntax checking information may be incorrect. [C:\Users\Facun\Desktop\TD1_TPS_Locales\Exercise_Guide_Chapter_9\guia_9\guia_9.srcs\sources_1\new\FFT.vhd:]
ERROR: [Common 17-180] Spawn failed: No error
WARNING: [filemgmt 56-199] Attempt to get parsing info during refresh. "On-the-fly" syntax checking information may be incorrect. [C:\Users\Facun\Desktop\TD1_TPS_Locales\Exercise_Guide_Chapter_9\guia_9\guia_9.srcs\sources_1\new\myFFDREna.vhd:]
WARNING: [filemgmt 56-199] Attempt to get parsing info during refresh. "On-the-fly" syntax checking information may be incorrect. [C:\Users\Facun\Desktop\TD1_TPS_Locales\Exercise_Guide_Chapter_9\guia_9\guia_9.srcs\sources_1\new\FFT.vhd:]
WARNING: [filemgmt 56-199] Attempt to get parsing info during refresh. "On-the-fly" syntax checking information may be incorrect. [C:\Users\Facun\Desktop\TD1_TPS_Locales\Exercise_Guide_Chapter_9\guia_9\guia_9.srcs\sources_1\new\myFFDREnaClr.vhd:]
WARNING: [filemgmt 56-199] Attempt to get parsing info during refresh. "On-the-fly" syntax checking information may be incorrect. [C:\Users\Facun\Desktop\TD1_TPS_Locales\Exercise_Guide_Chapter_9\guia_9\guia_9.srcs\sources_1\new\myFFDREN.vhd:]
WARNING: [filemgmt 56-199] Attempt to get parsing info during refresh. "On-the-fly" syntax checking information may be incorrect. [C:\Users\Facun\Desktop\TD1_TPS_Locales\Exercise_Guide_Chapter_9\guia_9\guia_9.srcs\sources_1\new\myLatchD_Clr.vhd:]
WARNING: [filemgmt 56-199] Attempt to get parsing info during refresh. "On-the-fly" syntax checking information may be incorrect. [C:\Users\Facun\Desktop\TD1_TPS_Locales\Exercise_Guide_Chapter_9\guia_9\guia_9.srcs\sources_1\new\myFFDR.vhd:]
WARNING: [filemgmt 56-199] Attempt to get parsing info during refresh. "On-the-fly" syntax checking information may be incorrect. [C:\Users\Facun\Desktop\TD1_TPS_Locales\Exercise_Guide_Chapter_9\guia_9\guia_9.srcs\sources_1\new\myLatchD_Clr.vhd:]
WARNING: [filemgmt 56-199] Attempt to get parsing info during refresh. "On-the-fly" syntax checking information may be incorrect. [C:\Users\Facun\Desktop\TD1_TPS_Locales\Exercise_Guide_Chapter_9\guia_9\guia_9.srcs\sources_1\new\myLatchD_Clr.vhd:]
ERROR: [Common 17-180] Spawn failed: No error
WARNING: [filemgmt 56-199] Attempt to get parsing info during refresh. "On-the-fly" syntax checking information may be incorrect. [C:\Users\Facun\Desktop\TD1_TPS_Locales\Exercise_Guide_Chapter_9\guia_9\guia_9.srcs\sources_1\new\myFFDREna.vhd:]
WARNING: [filemgmt 56-199] Attempt to get parsing info during refresh. "On-the-fly" syntax checking information may be incorrect. [C:\Users\Facun\Desktop\TD1_TPS_Locales\Exercise_Guide_Chapter_9\guia_9\guia_9.srcs\sources_1\new\FFT.vhd:]
WARNING: [filemgmt 56-199] Attempt to get parsing info during refresh. "On-the-fly" syntax checking information may be incorrect. [C:\Users\Facun\Desktop\TD1_TPS_Locales\Exercise_Guide_Chapter_9\guia_9\guia_9.srcs\sources_1\new\myFFDREnaClr.vhd:]
WARNING: [filemgmt 56-199] Attempt to get parsing info during refresh. "On-the-fly" syntax checking information may be incorrect. [C:\Users\Facun\Desktop\TD1_TPS_Locales\Exercise_Guide_Chapter_9\guia_9\guia_9.srcs\sources_1\new\myFFDREN.vhd:]
WARNING: [filemgmt 56-199] Attempt to get parsing info during refresh. "On-the-fly" syntax checking information may be incorrect. [C:\Users\Facun\Desktop\TD1_TPS_Locales\Exercise_Guide_Chapter_9\guia_9\guia_9.srcs\sources_1\new\myLatchD_Clr.vhd:]
WARNING: [filemgmt 56-199] Attempt to get parsing info during refresh. "On-the-fly" syntax checking information may be incorrect. [C:\Users\Facun\Desktop\TD1_TPS_Locales\Exercise_Guide_Chapter_9\guia_9\guia_9.srcs\sources_1\new\myFFDR.vhd:]
WARNING: [filemgmt 56-199] Attempt to get parsing info during refresh. "On-the-fly" syntax checking information may be incorrect. [C:\Users\Facun\Desktop\TD1_TPS_Locales\Exercise_Guide_Chapter_9\guia_9\guia_9.srcs\sources_1\new\myFFDREna.vhd:]
WARNING: [filemgmt 56-199] Attempt to get parsing info during refresh. "On-the-fly" syntax checking information may be incorrect. [C:\Users\Facun\Desktop\TD1_TPS_Locales\Exercise_Guide_Chapter_9\guia_9\guia_9.srcs\sources_1\new\myFFDREna.vhd:]
ERROR: [Common 17-180] Spawn failed: No error
WARNING: [filemgmt 56-199] Attempt to get parsing info during refresh. "On-the-fly" syntax checking information may be incorrect. [C:\Users\Facun\Desktop\TD1_TPS_Locales\Exercise_Guide_Chapter_9\guia_9\guia_9.srcs\sources_1\new\myFFDREna.vhd:]
WARNING: [filemgmt 56-199] Attempt to get parsing info during refresh. "On-the-fly" syntax checking information may be incorrect. [C:\Users\Facun\Desktop\TD1_TPS_Locales\Exercise_Guide_Chapter_9\guia_9\guia_9.srcs\sources_1\new\FFT.vhd:]
WARNING: [filemgmt 56-199] Attempt to get parsing info during refresh. "On-the-fly" syntax checking information may be incorrect. [C:\Users\Facun\Desktop\TD1_TPS_Locales\Exercise_Guide_Chapter_9\guia_9\guia_9.srcs\sources_1\new\myFFDREnaClr.vhd:]
WARNING: [filemgmt 56-199] Attempt to get parsing info during refresh. "On-the-fly" syntax checking information may be incorrect. [C:\Users\Facun\Desktop\TD1_TPS_Locales\Exercise_Guide_Chapter_9\guia_9\guia_9.srcs\sources_1\new\myFFDREN.vhd:]
WARNING: [filemgmt 56-199] Attempt to get parsing info during refresh. "On-the-fly" syntax checking information may be incorrect. [C:\Users\Facun\Desktop\TD1_TPS_Locales\Exercise_Guide_Chapter_9\guia_9\guia_9.srcs\sources_1\new\myLatchD_Clr.vhd:]
WARNING: [filemgmt 56-199] Attempt to get parsing info during refresh. "On-the-fly" syntax checking information may be incorrect. [C:\Users\Facun\Desktop\TD1_TPS_Locales\Exercise_Guide_Chapter_9\guia_9\guia_9.srcs\sources_1\new\myFFDR.vhd:]
WARNING: [filemgmt 56-199] Attempt to get parsing info during refresh. "On-the-fly" syntax checking information may be incorrect. [C:\Users\Facun\Desktop\TD1_TPS_Locales\Exercise_Guide_Chapter_9\guia_9\guia_9.srcs\sources_1\new\myFFDR.vhd:]
WARNING: [filemgmt 56-199] Attempt to get parsing info during refresh. "On-the-fly" syntax checking information may be incorrect. [C:\Users\Facun\Desktop\TD1_TPS_Locales\Exercise_Guide_Chapter_9\guia_9\guia_9.srcs\sources_1\new\myFFDR.vhd:]
WARNING: [filemgmt 56-199] Attempt to get parsing info during refresh. "On-the-fly" syntax checking information may be incorrect. [C:\Users\Facun\Desktop\TD1_TPS_Locales\Exercise_Guide_Chapter_9\guia_9\guia_9.srcs\sources_1\new\myFFDREna.vhd:]
WARNING: [filemgmt 56-199] Attempt to get parsing info during refresh. "On-the-fly" syntax checking information may be incorrect. [C:\Users\Facun\Desktop\TD1_TPS_Locales\Exercise_Guide_Chapter_9\guia_9\guia_9.srcs\sources_1\new\FFT.vhd:]
WARNING: [filemgmt 56-199] Attempt to get parsing info during refresh. "On-the-fly" syntax checking information may be incorrect. [C:\Users\Facun\Desktop\TD1_TPS_Locales\Exercise_Guide_Chapter_9\guia_9\guia_9.srcs\sources_1\new\myFFDREnaClr.vhd:]
WARNING: [filemgmt 56-199] Attempt to get parsing info during refresh. "On-the-fly" syntax checking information may be incorrect. [C:\Users\Facun\Desktop\TD1_TPS_Locales\Exercise_Guide_Chapter_9\guia_9\guia_9.srcs\sources_1\new\myFFDREN.vhd:]
WARNING: [filemgmt 56-199] Attempt to get parsing info during refresh. "On-the-fly" syntax checking information may be incorrect. [C:\Users\Facun\Desktop\TD1_TPS_Locales\Exercise_Guide_Chapter_9\guia_9\guia_9.srcs\sources_1\new\myLatchD_Clr.vhd:]
WARNING: [filemgmt 56-199] Attempt to get parsing info during refresh. "On-the-fly" syntax checking information may be incorrect. [C:\Users\Facun\Desktop\TD1_TPS_Locales\Exercise_Guide_Chapter_9\guia_9\guia_9.srcs\sources_1\new\myFFDR.vhd:]
WARNING: [filemgmt 56-199] Attempt to get parsing info during refresh. "On-the-fly" syntax checking information may be incorrect. [C:\Users\Facun\Desktop\TD1_TPS_Locales\Exercise_Guide_Chapter_9\guia_9\guia_9.srcs\sources_1\new\myFFDREnaClr.vhd:]
WARNING: [filemgmt 56-199] Attempt to get parsing info during refresh. "On-the-fly" syntax checking information may be incorrect. [C:\Users\Facun\Desktop\TD1_TPS_Locales\Exercise_Guide_Chapter_9\guia_9\guia_9.srcs\sources_1\new\myFFDREnaClr.vhd:]
WARNING: [filemgmt 56-199] Attempt to get parsing info during refresh. "On-the-fly" syntax checking information may be incorrect. [C:\Users\Facun\Desktop\TD1_TPS_Locales\Exercise_Guide_Chapter_9\guia_9\guia_9.srcs\sources_1\new\myFFDREna.vhd:]
WARNING: [filemgmt 56-199] Attempt to get parsing info during refresh. "On-the-fly" syntax checking information may be incorrect. [C:\Users\Facun\Desktop\TD1_TPS_Locales\Exercise_Guide_Chapter_9\guia_9\guia_9.srcs\sources_1\new\FFT.vhd:]
WARNING: [filemgmt 56-199] Attempt to get parsing info during refresh. "On-the-fly" syntax checking information may be incorrect. [C:\Users\Facun\Desktop\TD1_TPS_Locales\Exercise_Guide_Chapter_9\guia_9\guia_9.srcs\sources_1\new\myFFDREnaClr.vhd:]
WARNING: [filemgmt 56-199] Attempt to get parsing info during refresh. "On-the-fly" syntax checking information may be incorrect. [C:\Users\Facun\Desktop\TD1_TPS_Locales\Exercise_Guide_Chapter_9\guia_9\guia_9.srcs\sources_1\new\myFFDREN.vhd:]
WARNING: [filemgmt 56-199] Attempt to get parsing info during refresh. "On-the-fly" syntax checking information may be incorrect. [C:\Users\Facun\Desktop\TD1_TPS_Locales\Exercise_Guide_Chapter_9\guia_9\guia_9.srcs\sources_1\new\myLatchD_Clr.vhd:]
WARNING: [filemgmt 56-199] Attempt to get parsing info during refresh. "On-the-fly" syntax checking information may be incorrect. [C:\Users\Facun\Desktop\TD1_TPS_Locales\Exercise_Guide_Chapter_9\guia_9\guia_9.srcs\sources_1\new\myFFDR.vhd:]
WARNING: [filemgmt 56-199] Attempt to get parsing info during refresh. "On-the-fly" syntax checking information may be incorrect. [C:\Users\Facun\Desktop\TD1_TPS_Locales\Exercise_Guide_Chapter_9\guia_9\guia_9.srcs\sources_1\new\FFT.vhd:]
WARNING: [filemgmt 56-199] Attempt to get parsing info during refresh. "On-the-fly" syntax checking information may be incorrect. [C:\Users\Facun\Desktop\TD1_TPS_Locales\Exercise_Guide_Chapter_9\guia_9\guia_9.srcs\sources_1\new\FFT.vhd:]
ERROR: [Common 17-180] Spawn failed: No error
WARNING: [filemgmt 56-199] Attempt to get parsing info during refresh. "On-the-fly" syntax checking information may be incorrect. [C:\Users\Facun\Desktop\TD1_TPS_Locales\Exercise_Guide_Chapter_9\guia_9\guia_9.srcs\sources_1\new\myFFDREna.vhd:]
WARNING: [filemgmt 56-199] Attempt to get parsing info during refresh. "On-the-fly" syntax checking information may be incorrect. [C:\Users\Facun\Desktop\TD1_TPS_Locales\Exercise_Guide_Chapter_9\guia_9\guia_9.srcs\sources_1\new\FFT.vhd:]
WARNING: [filemgmt 56-199] Attempt to get parsing info during refresh. "On-the-fly" syntax checking information may be incorrect. [C:\Users\Facun\Desktop\TD1_TPS_Locales\Exercise_Guide_Chapter_9\guia_9\guia_9.srcs\sources_1\new\myFFDREnaClr.vhd:]
WARNING: [filemgmt 56-199] Attempt to get parsing info during refresh. "On-the-fly" syntax checking information may be incorrect. [C:\Users\Facun\Desktop\TD1_TPS_Locales\Exercise_Guide_Chapter_9\guia_9\guia_9.srcs\sources_1\new\myFFDREN.vhd:]
WARNING: [filemgmt 56-199] Attempt to get parsing info during refresh. "On-the-fly" syntax checking information may be incorrect. [C:\Users\Facun\Desktop\TD1_TPS_Locales\Exercise_Guide_Chapter_9\guia_9\guia_9.srcs\sources_1\new\myLatchD_Clr.vhd:]
WARNING: [filemgmt 56-199] Attempt to get parsing info during refresh. "On-the-fly" syntax checking information may be incorrect. [C:\Users\Facun\Desktop\TD1_TPS_Locales\Exercise_Guide_Chapter_9\guia_9\guia_9.srcs\sources_1\new\myFFDR.vhd:]
WARNING: [filemgmt 56-199] Attempt to get parsing info during refresh. "On-the-fly" syntax checking information may be incorrect. [C:\Users\Facun\Desktop\TD1_TPS_Locales\Exercise_Guide_Chapter_9\guia_9\guia_9.srcs\sources_1\new\myLatchD_Clr.vhd:]
WARNING: [filemgmt 56-199] Attempt to get parsing info during refresh. "On-the-fly" syntax checking information may be incorrect. [C:\Users\Facun\Desktop\TD1_TPS_Locales\Exercise_Guide_Chapter_9\guia_9\guia_9.srcs\sources_1\new\myLatchD_Clr.vhd:]
ERROR: [Common 17-180] Spawn failed: No error
WARNING: [filemgmt 56-199] Attempt to get parsing info during refresh. "On-the-fly" syntax checking information may be incorrect. [C:\Users\Facun\Desktop\TD1_TPS_Locales\Exercise_Guide_Chapter_9\guia_9\guia_9.srcs\sources_1\new\myFFDREna.vhd:]
WARNING: [filemgmt 56-199] Attempt to get parsing info during refresh. "On-the-fly" syntax checking information may be incorrect. [C:\Users\Facun\Desktop\TD1_TPS_Locales\Exercise_Guide_Chapter_9\guia_9\guia_9.srcs\sources_1\new\FFT.vhd:]
WARNING: [filemgmt 56-199] Attempt to get parsing info during refresh. "On-the-fly" syntax checking information may be incorrect. [C:\Users\Facun\Desktop\TD1_TPS_Locales\Exercise_Guide_Chapter_9\guia_9\guia_9.srcs\sources_1\new\myFFDREnaClr.vhd:]
WARNING: [filemgmt 56-199] Attempt to get parsing info during refresh. "On-the-fly" syntax checking information may be incorrect. [C:\Users\Facun\Desktop\TD1_TPS_Locales\Exercise_Guide_Chapter_9\guia_9\guia_9.srcs\sources_1\new\myFFDREN.vhd:]
WARNING: [filemgmt 56-199] Attempt to get parsing info during refresh. "On-the-fly" syntax checking information may be incorrect. [C:\Users\Facun\Desktop\TD1_TPS_Locales\Exercise_Guide_Chapter_9\guia_9\guia_9.srcs\sources_1\new\myLatchD_Clr.vhd:]
WARNING: [filemgmt 56-199] Attempt to get parsing info during refresh. "On-the-fly" syntax checking information may be incorrect. [C:\Users\Facun\Desktop\TD1_TPS_Locales\Exercise_Guide_Chapter_9\guia_9\guia_9.srcs\sources_1\new\myFFDR.vhd:]
WARNING: [filemgmt 56-199] Attempt to get parsing info during refresh. "On-the-fly" syntax checking information may be incorrect. [C:\Users\Facun\Desktop\TD1_TPS_Locales\Exercise_Guide_Chapter_9\guia_9\guia_9.srcs\sources_1\new\myFFDREna.vhd:]
WARNING: [filemgmt 56-199] Attempt to get parsing info during refresh. "On-the-fly" syntax checking information may be incorrect. [C:\Users\Facun\Desktop\TD1_TPS_Locales\Exercise_Guide_Chapter_9\guia_9\guia_9.srcs\sources_1\new\myFFDREna.vhd:]
ERROR: [Common 17-180] Spawn failed: No error
WARNING: [filemgmt 56-199] Attempt to get parsing info during refresh. "On-the-fly" syntax checking information may be incorrect. [C:\Users\Facun\Desktop\TD1_TPS_Locales\Exercise_Guide_Chapter_9\guia_9\guia_9.srcs\sources_1\new\myFFDREna.vhd:]
WARNING: [filemgmt 56-199] Attempt to get parsing info during refresh. "On-the-fly" syntax checking information may be incorrect. [C:\Users\Facun\Desktop\TD1_TPS_Locales\Exercise_Guide_Chapter_9\guia_9\guia_9.srcs\sources_1\new\FFT.vhd:]
WARNING: [filemgmt 56-199] Attempt to get parsing info during refresh. "On-the-fly" syntax checking information may be incorrect. [C:\Users\Facun\Desktop\TD1_TPS_Locales\Exercise_Guide_Chapter_9\guia_9\guia_9.srcs\sources_1\new\myFFDREnaClr.vhd:]
WARNING: [filemgmt 56-199] Attempt to get parsing info during refresh. "On-the-fly" syntax checking information may be incorrect. [C:\Users\Facun\Desktop\TD1_TPS_Locales\Exercise_Guide_Chapter_9\guia_9\guia_9.srcs\sources_1\new\myFFDREN.vhd:]
WARNING: [filemgmt 56-199] Attempt to get parsing info during refresh. "On-the-fly" syntax checking information may be incorrect. [C:\Users\Facun\Desktop\TD1_TPS_Locales\Exercise_Guide_Chapter_9\guia_9\guia_9.srcs\sources_1\new\myLatchD_Clr.vhd:]
WARNING: [filemgmt 56-199] Attempt to get parsing info during refresh. "On-the-fly" syntax checking information may be incorrect. [C:\Users\Facun\Desktop\TD1_TPS_Locales\Exercise_Guide_Chapter_9\guia_9\guia_9.srcs\sources_1\new\myFFDR.vhd:]
WARNING: [filemgmt 56-199] Attempt to get parsing info during refresh. "On-the-fly" syntax checking information may be incorrect. [C:\Users\Facun\Desktop\TD1_TPS_Locales\Exercise_Guide_Chapter_9\guia_9\guia_9.srcs\sources_1\new\myFFDR.vhd:]
WARNING: [filemgmt 56-199] Attempt to get parsing info during refresh. "On-the-fly" syntax checking information may be incorrect. [C:\Users\Facun\Desktop\TD1_TPS_Locales\Exercise_Guide_Chapter_9\guia_9\guia_9.srcs\sources_1\new\myFFDR.vhd:]
WARNING: [filemgmt 56-199] Attempt to get parsing info during refresh. "On-the-fly" syntax checking information may be incorrect. [C:\Users\Facun\Desktop\TD1_TPS_Locales\Exercise_Guide_Chapter_9\guia_9\guia_9.srcs\sources_1\new\myFFDREna.vhd:]
WARNING: [filemgmt 56-199] Attempt to get parsing info during refresh. "On-the-fly" syntax checking information may be incorrect. [C:\Users\Facun\Desktop\TD1_TPS_Locales\Exercise_Guide_Chapter_9\guia_9\guia_9.srcs\sources_1\new\FFT.vhd:]
WARNING: [filemgmt 56-199] Attempt to get parsing info during refresh. "On-the-fly" syntax checking information may be incorrect. [C:\Users\Facun\Desktop\TD1_TPS_Locales\Exercise_Guide_Chapter_9\guia_9\guia_9.srcs\sources_1\new\myFFDREnaClr.vhd:]
WARNING: [filemgmt 56-199] Attempt to get parsing info during refresh. "On-the-fly" syntax checking information may be incorrect. [C:\Users\Facun\Desktop\TD1_TPS_Locales\Exercise_Guide_Chapter_9\guia_9\guia_9.srcs\sources_1\new\myFFDREN.vhd:]
WARNING: [filemgmt 56-199] Attempt to get parsing info during refresh. "On-the-fly" syntax checking information may be incorrect. [C:\Users\Facun\Desktop\TD1_TPS_Locales\Exercise_Guide_Chapter_9\guia_9\guia_9.srcs\sources_1\new\myLatchD_Clr.vhd:]
WARNING: [filemgmt 56-199] Attempt to get parsing info during refresh. "On-the-fly" syntax checking information may be incorrect. [C:\Users\Facun\Desktop\TD1_TPS_Locales\Exercise_Guide_Chapter_9\guia_9\guia_9.srcs\sources_1\new\myFFDR.vhd:]
WARNING: [filemgmt 56-199] Attempt to get parsing info during refresh. "On-the-fly" syntax checking information may be incorrect. [C:\Users\Facun\Desktop\TD1_TPS_Locales\Exercise_Guide_Chapter_9\guia_9\guia_9.srcs\sources_1\new\myFFDREnaClr.vhd:]
WARNING: [filemgmt 56-199] Attempt to get parsing info during refresh. "On-the-fly" syntax checking information may be incorrect. [C:\Users\Facun\Desktop\TD1_TPS_Locales\Exercise_Guide_Chapter_9\guia_9\guia_9.srcs\sources_1\new\myFFDREnaClr.vhd:]
WARNING: [filemgmt 56-199] Attempt to get parsing info during refresh. "On-the-fly" syntax checking information may be incorrect. [C:\Users\Facun\Desktop\TD1_TPS_Locales\Exercise_Guide_Chapter_9\guia_9\guia_9.srcs\sources_1\new\myFFDREna.vhd:]
WARNING: [filemgmt 56-199] Attempt to get parsing info during refresh. "On-the-fly" syntax checking information may be incorrect. [C:\Users\Facun\Desktop\TD1_TPS_Locales\Exercise_Guide_Chapter_9\guia_9\guia_9.srcs\sources_1\new\FFT.vhd:]
WARNING: [filemgmt 56-199] Attempt to get parsing info during refresh. "On-the-fly" syntax checking information may be incorrect. [C:\Users\Facun\Desktop\TD1_TPS_Locales\Exercise_Guide_Chapter_9\guia_9\guia_9.srcs\sources_1\new\myFFDREnaClr.vhd:]
WARNING: [filemgmt 56-199] Attempt to get parsing info during refresh. "On-the-fly" syntax checking information may be incorrect. [C:\Users\Facun\Desktop\TD1_TPS_Locales\Exercise_Guide_Chapter_9\guia_9\guia_9.srcs\sources_1\new\myFFDREN.vhd:]
WARNING: [filemgmt 56-199] Attempt to get parsing info during refresh. "On-the-fly" syntax checking information may be incorrect. [C:\Users\Facun\Desktop\TD1_TPS_Locales\Exercise_Guide_Chapter_9\guia_9\guia_9.srcs\sources_1\new\myLatchD_Clr.vhd:]
WARNING: [filemgmt 56-199] Attempt to get parsing info during refresh. "On-the-fly" syntax checking information may be incorrect. [C:\Users\Facun\Desktop\TD1_TPS_Locales\Exercise_Guide_Chapter_9\guia_9\guia_9.srcs\sources_1\new\myFFDR.vhd:]
WARNING: [filemgmt 56-199] Attempt to get parsing info during refresh. "On-the-fly" syntax checking information may be incorrect. [C:\Users\Facun\Desktop\TD1_TPS_Locales\Exercise_Guide_Chapter_9\guia_9\guia_9.srcs\sources_1\new\FFT.vhd:]
WARNING: [filemgmt 56-199] Attempt to get parsing info during refresh. "On-the-fly" syntax checking information may be incorrect. [C:\Users\Facun\Desktop\TD1_TPS_Locales\Exercise_Guide_Chapter_9\guia_9\guia_9.srcs\sources_1\new\FFT.vhd:]
WARNING: [filemgmt 56-199] Attempt to get parsing info during refresh. "On-the-fly" syntax checking information may be incorrect. [C:\Users\Facun\Desktop\TD1_TPS_Locales\Exercise_Guide_Chapter_9\guia_9\guia_9.srcs\sources_1\new\myFFDREna.vhd:]
WARNING: [filemgmt 56-199] Attempt to get parsing info during refresh. "On-the-fly" syntax checking information may be incorrect. [C:\Users\Facun\Desktop\TD1_TPS_Locales\Exercise_Guide_Chapter_9\guia_9\guia_9.srcs\sources_1\new\FFT.vhd:]
WARNING: [filemgmt 56-199] Attempt to get parsing info during refresh. "On-the-fly" syntax checking information may be incorrect. [C:\Users\Facun\Desktop\TD1_TPS_Locales\Exercise_Guide_Chapter_9\guia_9\guia_9.srcs\sources_1\new\myFFDREnaClr.vhd:]
WARNING: [filemgmt 56-199] Attempt to get parsing info during refresh. "On-the-fly" syntax checking information may be incorrect. [C:\Users\Facun\Desktop\TD1_TPS_Locales\Exercise_Guide_Chapter_9\guia_9\guia_9.srcs\sources_1\new\myFFDREN.vhd:]
WARNING: [filemgmt 56-199] Attempt to get parsing info during refresh. "On-the-fly" syntax checking information may be incorrect. [C:\Users\Facun\Desktop\TD1_TPS_Locales\Exercise_Guide_Chapter_9\guia_9\guia_9.srcs\sources_1\new\myLatchD_Clr.vhd:]
WARNING: [filemgmt 56-199] Attempt to get parsing info during refresh. "On-the-fly" syntax checking information may be incorrect. [C:\Users\Facun\Desktop\TD1_TPS_Locales\Exercise_Guide_Chapter_9\guia_9\guia_9.srcs\sources_1\new\myFFDR.vhd:]
WARNING: [filemgmt 56-199] Attempt to get parsing info during refresh. "On-the-fly" syntax checking information may be incorrect. [C:\Users\Facun\Desktop\TD1_TPS_Locales\Exercise_Guide_Chapter_9\guia_9\guia_9.srcs\sources_1\new\myLatchD_Clr.vhd:]
WARNING: [filemgmt 56-199] Attempt to get parsing info during refresh. "On-the-fly" syntax checking information may be incorrect. [C:\Users\Facun\Desktop\TD1_TPS_Locales\Exercise_Guide_Chapter_9\guia_9\guia_9.srcs\sources_1\new\myLatchD_Clr.vhd:]
ERROR: [Common 17-180] Spawn failed: No error
WARNING: [filemgmt 56-199] Attempt to get parsing info during refresh. "On-the-fly" syntax checking information may be incorrect. [C:\Users\Facun\Desktop\TD1_TPS_Locales\Exercise_Guide_Chapter_9\guia_9\guia_9.srcs\sources_1\new\myFFDREna.vhd:]
WARNING: [filemgmt 56-199] Attempt to get parsing info during refresh. "On-the-fly" syntax checking information may be incorrect. [C:\Users\Facun\Desktop\TD1_TPS_Locales\Exercise_Guide_Chapter_9\guia_9\guia_9.srcs\sources_1\new\FFT.vhd:]
WARNING: [filemgmt 56-199] Attempt to get parsing info during refresh. "On-the-fly" syntax checking information may be incorrect. [C:\Users\Facun\Desktop\TD1_TPS_Locales\Exercise_Guide_Chapter_9\guia_9\guia_9.srcs\sources_1\new\myFFDREnaClr.vhd:]
WARNING: [filemgmt 56-199] Attempt to get parsing info during refresh. "On-the-fly" syntax checking information may be incorrect. [C:\Users\Facun\Desktop\TD1_TPS_Locales\Exercise_Guide_Chapter_9\guia_9\guia_9.srcs\sources_1\new\myFFDREN.vhd:]
WARNING: [filemgmt 56-199] Attempt to get parsing info during refresh. "On-the-fly" syntax checking information may be incorrect. [C:\Users\Facun\Desktop\TD1_TPS_Locales\Exercise_Guide_Chapter_9\guia_9\guia_9.srcs\sources_1\new\myLatchD_Clr.vhd:]
WARNING: [filemgmt 56-199] Attempt to get parsing info during refresh. "On-the-fly" syntax checking information may be incorrect. [C:\Users\Facun\Desktop\TD1_TPS_Locales\Exercise_Guide_Chapter_9\guia_9\guia_9.srcs\sources_1\new\myFFDR.vhd:]
WARNING: [filemgmt 56-199] Attempt to get parsing info during refresh. "On-the-fly" syntax checking information may be incorrect. [C:\Users\Facun\Desktop\TD1_TPS_Locales\Exercise_Guide_Chapter_9\guia_9\guia_9.srcs\sources_1\new\myFFDREN.vhd:]
WARNING: [filemgmt 56-199] Attempt to get parsing info during refresh. "On-the-fly" syntax checking information may be incorrect. [C:\Users\Facun\Desktop\TD1_TPS_Locales\Exercise_Guide_Chapter_9\guia_9\guia_9.srcs\sources_1\new\myFFDREN.vhd:]
WARNING: [filemgmt 56-199] Attempt to get parsing info during refresh. "On-the-fly" syntax checking information may be incorrect. [C:\Users\Facun\Desktop\TD1_TPS_Locales\Exercise_Guide_Chapter_9\guia_9\guia_9.srcs\sources_1\new\myFFDREna.vhd:]
WARNING: [filemgmt 56-199] Attempt to get parsing info during refresh. "On-the-fly" syntax checking information may be incorrect. [C:\Users\Facun\Desktop\TD1_TPS_Locales\Exercise_Guide_Chapter_9\guia_9\guia_9.srcs\sources_1\new\FFT.vhd:]
WARNING: [filemgmt 56-199] Attempt to get parsing info during refresh. "On-the-fly" syntax checking information may be incorrect. [C:\Users\Facun\Desktop\TD1_TPS_Locales\Exercise_Guide_Chapter_9\guia_9\guia_9.srcs\sources_1\new\myFFDREnaClr.vhd:]
WARNING: [filemgmt 56-199] Attempt to get parsing info during refresh. "On-the-fly" syntax checking information may be incorrect. [C:\Users\Facun\Desktop\TD1_TPS_Locales\Exercise_Guide_Chapter_9\guia_9\guia_9.srcs\sources_1\new\myFFDREN.vhd:]
WARNING: [filemgmt 56-199] Attempt to get parsing info during refresh. "On-the-fly" syntax checking information may be incorrect. [C:\Users\Facun\Desktop\TD1_TPS_Locales\Exercise_Guide_Chapter_9\guia_9\guia_9.srcs\sources_1\new\myLatchD_Clr.vhd:]
WARNING: [filemgmt 56-199] Attempt to get parsing info during refresh. "On-the-fly" syntax checking information may be incorrect. [C:\Users\Facun\Desktop\TD1_TPS_Locales\Exercise_Guide_Chapter_9\guia_9\guia_9.srcs\sources_1\new\myFFDR.vhd:]
WARNING: [filemgmt 56-199] Attempt to get parsing info during refresh. "On-the-fly" syntax checking information may be incorrect. [C:\Users\Facun\Desktop\TD1_TPS_Locales\Exercise_Guide_Chapter_9\guia_9\guia_9.srcs\sources_1\new\myFFDREna.vhd:]
WARNING: [filemgmt 56-199] Attempt to get parsing info during refresh. "On-the-fly" syntax checking information may be incorrect. [C:\Users\Facun\Desktop\TD1_TPS_Locales\Exercise_Guide_Chapter_9\guia_9\guia_9.srcs\sources_1\new\myFFDREna.vhd:]
ERROR: [Common 17-180] Spawn failed: No error
WARNING: [filemgmt 56-199] Attempt to get parsing info during refresh. "On-the-fly" syntax checking information may be incorrect. [C:\Users\Facun\Desktop\TD1_TPS_Locales\Exercise_Guide_Chapter_9\guia_9\guia_9.srcs\sources_1\new\myFFDREna.vhd:]
WARNING: [filemgmt 56-199] Attempt to get parsing info during refresh. "On-the-fly" syntax checking information may be incorrect. [C:\Users\Facun\Desktop\TD1_TPS_Locales\Exercise_Guide_Chapter_9\guia_9\guia_9.srcs\sources_1\new\FFT.vhd:]
WARNING: [filemgmt 56-199] Attempt to get parsing info during refresh. "On-the-fly" syntax checking information may be incorrect. [C:\Users\Facun\Desktop\TD1_TPS_Locales\Exercise_Guide_Chapter_9\guia_9\guia_9.srcs\sources_1\new\myFFDREnaClr.vhd:]
WARNING: [filemgmt 56-199] Attempt to get parsing info during refresh. "On-the-fly" syntax checking information may be incorrect. [C:\Users\Facun\Desktop\TD1_TPS_Locales\Exercise_Guide_Chapter_9\guia_9\guia_9.srcs\sources_1\new\myFFDREN.vhd:]
WARNING: [filemgmt 56-199] Attempt to get parsing info during refresh. "On-the-fly" syntax checking information may be incorrect. [C:\Users\Facun\Desktop\TD1_TPS_Locales\Exercise_Guide_Chapter_9\guia_9\guia_9.srcs\sources_1\new\myLatchD_Clr.vhd:]
WARNING: [filemgmt 56-199] Attempt to get parsing info during refresh. "On-the-fly" syntax checking information may be incorrect. [C:\Users\Facun\Desktop\TD1_TPS_Locales\Exercise_Guide_Chapter_9\guia_9\guia_9.srcs\sources_1\new\myFFDR.vhd:]
WARNING: [filemgmt 56-199] Attempt to get parsing info during refresh. "On-the-fly" syntax checking information may be incorrect. [C:\Users\Facun\Desktop\TD1_TPS_Locales\Exercise_Guide_Chapter_9\guia_9\guia_9.srcs\sources_1\new\myFFDREna.vhd:]
WARNING: [filemgmt 56-199] Attempt to get parsing info during refresh. "On-the-fly" syntax checking information may be incorrect. [C:\Users\Facun\Desktop\TD1_TPS_Locales\Exercise_Guide_Chapter_9\guia_9\guia_9.srcs\sources_1\new\myFFDREna.vhd:]
WARNING: [filemgmt 56-199] Attempt to get parsing info during refresh. "On-the-fly" syntax checking information may be incorrect. [C:\Users\Facun\Desktop\TD1_TPS_Locales\Exercise_Guide_Chapter_9\guia_9\guia_9.srcs\sources_1\new\myFFDREna.vhd:]
WARNING: [filemgmt 56-199] Attempt to get parsing info during refresh. "On-the-fly" syntax checking information may be incorrect. [C:\Users\Facun\Desktop\TD1_TPS_Locales\Exercise_Guide_Chapter_9\guia_9\guia_9.srcs\sources_1\new\FFT.vhd:]
WARNING: [filemgmt 56-199] Attempt to get parsing info during refresh. "On-the-fly" syntax checking information may be incorrect. [C:\Users\Facun\Desktop\TD1_TPS_Locales\Exercise_Guide_Chapter_9\guia_9\guia_9.srcs\sources_1\new\myFFDREnaClr.vhd:]
WARNING: [filemgmt 56-199] Attempt to get parsing info during refresh. "On-the-fly" syntax checking information may be incorrect. [C:\Users\Facun\Desktop\TD1_TPS_Locales\Exercise_Guide_Chapter_9\guia_9\guia_9.srcs\sources_1\new\myFFDREN.vhd:]
WARNING: [filemgmt 56-199] Attempt to get parsing info during refresh. "On-the-fly" syntax checking information may be incorrect. [C:\Users\Facun\Desktop\TD1_TPS_Locales\Exercise_Guide_Chapter_9\guia_9\guia_9.srcs\sources_1\new\myLatchD_Clr.vhd:]
WARNING: [filemgmt 56-199] Attempt to get parsing info during refresh. "On-the-fly" syntax checking information may be incorrect. [C:\Users\Facun\Desktop\TD1_TPS_Locales\Exercise_Guide_Chapter_9\guia_9\guia_9.srcs\sources_1\new\myFFDR.vhd:]
WARNING: [filemgmt 56-199] Attempt to get parsing info during refresh. "On-the-fly" syntax checking information may be incorrect. [C:\Users\Facun\Desktop\TD1_TPS_Locales\Exercise_Guide_Chapter_9\guia_9\guia_9.srcs\sources_1\new\myFFDREnaClr.vhd:]
WARNING: [filemgmt 56-199] Attempt to get parsing info during refresh. "On-the-fly" syntax checking information may be incorrect. [C:\Users\Facun\Desktop\TD1_TPS_Locales\Exercise_Guide_Chapter_9\guia_9\guia_9.srcs\sources_1\new\myFFDREnaClr.vhd:]
WARNING: [filemgmt 56-199] Attempt to get parsing info during refresh. "On-the-fly" syntax checking information may be incorrect. [C:\Users\Facun\Desktop\TD1_TPS_Locales\Exercise_Guide_Chapter_9\guia_9\guia_9.srcs\sources_1\new\myFFDREna.vhd:]
WARNING: [filemgmt 56-199] Attempt to get parsing info during refresh. "On-the-fly" syntax checking information may be incorrect. [C:\Users\Facun\Desktop\TD1_TPS_Locales\Exercise_Guide_Chapter_9\guia_9\guia_9.srcs\sources_1\new\FFT.vhd:]
WARNING: [filemgmt 56-199] Attempt to get parsing info during refresh. "On-the-fly" syntax checking information may be incorrect. [C:\Users\Facun\Desktop\TD1_TPS_Locales\Exercise_Guide_Chapter_9\guia_9\guia_9.srcs\sources_1\new\myFFDREnaClr.vhd:]
WARNING: [filemgmt 56-199] Attempt to get parsing info during refresh. "On-the-fly" syntax checking information may be incorrect. [C:\Users\Facun\Desktop\TD1_TPS_Locales\Exercise_Guide_Chapter_9\guia_9\guia_9.srcs\sources_1\new\myFFDREN.vhd:]
WARNING: [filemgmt 56-199] Attempt to get parsing info during refresh. "On-the-fly" syntax checking information may be incorrect. [C:\Users\Facun\Desktop\TD1_TPS_Locales\Exercise_Guide_Chapter_9\guia_9\guia_9.srcs\sources_1\new\myLatchD_Clr.vhd:]
WARNING: [filemgmt 56-199] Attempt to get parsing info during refresh. "On-the-fly" syntax checking information may be incorrect. [C:\Users\Facun\Desktop\TD1_TPS_Locales\Exercise_Guide_Chapter_9\guia_9\guia_9.srcs\sources_1\new\myFFDR.vhd:]
WARNING: [filemgmt 56-199] Attempt to get parsing info during refresh. "On-the-fly" syntax checking information may be incorrect. [C:\Users\Facun\Desktop\TD1_TPS_Locales\Exercise_Guide_Chapter_9\guia_9\guia_9.srcs\sources_1\new\myFFDREN.vhd:]
WARNING: [filemgmt 56-199] Attempt to get parsing info during refresh. "On-the-fly" syntax checking information may be incorrect. [C:\Users\Facun\Desktop\TD1_TPS_Locales\Exercise_Guide_Chapter_9\guia_9\guia_9.srcs\sources_1\new\myFFDREN.vhd:]
ERROR: [Common 17-180] Spawn failed: No error
WARNING: [filemgmt 56-199] Attempt to get parsing info during refresh. "On-the-fly" syntax checking information may be incorrect. [C:\Users\Facun\Desktop\TD1_TPS_Locales\Exercise_Guide_Chapter_9\guia_9\guia_9.srcs\sources_1\new\myFFDREna.vhd:]
WARNING: [filemgmt 56-199] Attempt to get parsing info during refresh. "On-the-fly" syntax checking information may be incorrect. [C:\Users\Facun\Desktop\TD1_TPS_Locales\Exercise_Guide_Chapter_9\guia_9\guia_9.srcs\sources_1\new\FFT.vhd:]
WARNING: [filemgmt 56-199] Attempt to get parsing info during refresh. "On-the-fly" syntax checking information may be incorrect. [C:\Users\Facun\Desktop\TD1_TPS_Locales\Exercise_Guide_Chapter_9\guia_9\guia_9.srcs\sources_1\new\myFFDREnaClr.vhd:]
WARNING: [filemgmt 56-199] Attempt to get parsing info during refresh. "On-the-fly" syntax checking information may be incorrect. [C:\Users\Facun\Desktop\TD1_TPS_Locales\Exercise_Guide_Chapter_9\guia_9\guia_9.srcs\sources_1\new\myFFDREN.vhd:]
WARNING: [filemgmt 56-199] Attempt to get parsing info during refresh. "On-the-fly" syntax checking information may be incorrect. [C:\Users\Facun\Desktop\TD1_TPS_Locales\Exercise_Guide_Chapter_9\guia_9\guia_9.srcs\sources_1\new\myLatchD_Clr.vhd:]
WARNING: [filemgmt 56-199] Attempt to get parsing info during refresh. "On-the-fly" syntax checking information may be incorrect. [C:\Users\Facun\Desktop\TD1_TPS_Locales\Exercise_Guide_Chapter_9\guia_9\guia_9.srcs\sources_1\new\myFFDR.vhd:]
WARNING: [filemgmt 56-199] Attempt to get parsing info during refresh. "On-the-fly" syntax checking information may be incorrect. [C:\Users\Facun\Desktop\TD1_TPS_Locales\Exercise_Guide_Chapter_9\guia_9\guia_9.srcs\sources_1\new\FFT.vhd:]
WARNING: [filemgmt 56-199] Attempt to get parsing info during refresh. "On-the-fly" syntax checking information may be incorrect. [C:\Users\Facun\Desktop\TD1_TPS_Locales\Exercise_Guide_Chapter_9\guia_9\guia_9.srcs\sources_1\new\FFT.vhd:]
ERROR: [Common 17-180] Spawn failed: No error
ERROR: [Common 17-180] Spawn failed: No error
WARNING: [filemgmt 56-199] Attempt to get parsing info during refresh. "On-the-fly" syntax checking information may be incorrect. [C:\Users\Facun\Desktop\TD1_TPS_Locales\Exercise_Guide_Chapter_9\guia_9\guia_9.srcs\sources_1\new\myFFDREna.vhd:]
WARNING: [filemgmt 56-199] Attempt to get parsing info during refresh. "On-the-fly" syntax checking information may be incorrect. [C:\Users\Facun\Desktop\TD1_TPS_Locales\Exercise_Guide_Chapter_9\guia_9\guia_9.srcs\sources_1\new\FFT.vhd:]
WARNING: [filemgmt 56-199] Attempt to get parsing info during refresh. "On-the-fly" syntax checking information may be incorrect. [C:\Users\Facun\Desktop\TD1_TPS_Locales\Exercise_Guide_Chapter_9\guia_9\guia_9.srcs\sources_1\new\myFFDREnaClr.vhd:]
WARNING: [filemgmt 56-199] Attempt to get parsing info during refresh. "On-the-fly" syntax checking information may be incorrect. [C:\Users\Facun\Desktop\TD1_TPS_Locales\Exercise_Guide_Chapter_9\guia_9\guia_9.srcs\sources_1\new\myFFDREN.vhd:]
WARNING: [filemgmt 56-199] Attempt to get parsing info during refresh. "On-the-fly" syntax checking information may be incorrect. [C:\Users\Facun\Desktop\TD1_TPS_Locales\Exercise_Guide_Chapter_9\guia_9\guia_9.srcs\sources_1\new\myLatchD_Clr.vhd:]
WARNING: [filemgmt 56-199] Attempt to get parsing info during refresh. "On-the-fly" syntax checking information may be incorrect. [C:\Users\Facun\Desktop\TD1_TPS_Locales\Exercise_Guide_Chapter_9\guia_9\guia_9.srcs\sources_1\new\myFFDR.vhd:]
WARNING: [filemgmt 56-199] Attempt to get parsing info during refresh. "On-the-fly" syntax checking information may be incorrect. [C:\Users\Facun\Desktop\TD1_TPS_Locales\Exercise_Guide_Chapter_9\guia_9\guia_9.srcs\sources_1\new\myFFDR.vhd:]
WARNING: [filemgmt 56-199] Attempt to get parsing info during refresh. "On-the-fly" syntax checking information may be incorrect. [C:\Users\Facun\Desktop\TD1_TPS_Locales\Exercise_Guide_Chapter_9\guia_9\guia_9.srcs\sources_1\new\myFFDR.vhd:]
WARNING: [filemgmt 56-199] Attempt to get parsing info during refresh. "On-the-fly" syntax checking information may be incorrect. [C:\Users\Facun\Desktop\TD1_TPS_Locales\Exercise_Guide_Chapter_9\guia_9\guia_9.srcs\sources_1\new\myFFDREna.vhd:]
WARNING: [filemgmt 56-199] Attempt to get parsing info during refresh. "On-the-fly" syntax checking information may be incorrect. [C:\Users\Facun\Desktop\TD1_TPS_Locales\Exercise_Guide_Chapter_9\guia_9\guia_9.srcs\sources_1\new\FFT.vhd:]
WARNING: [filemgmt 56-199] Attempt to get parsing info during refresh. "On-the-fly" syntax checking information may be incorrect. [C:\Users\Facun\Desktop\TD1_TPS_Locales\Exercise_Guide_Chapter_9\guia_9\guia_9.srcs\sources_1\new\myFFDREnaClr.vhd:]
WARNING: [filemgmt 56-199] Attempt to get parsing info during refresh. "On-the-fly" syntax checking information may be incorrect. [C:\Users\Facun\Desktop\TD1_TPS_Locales\Exercise_Guide_Chapter_9\guia_9\guia_9.srcs\sources_1\new\myFFDREN.vhd:]
WARNING: [filemgmt 56-199] Attempt to get parsing info during refresh. "On-the-fly" syntax checking information may be incorrect. [C:\Users\Facun\Desktop\TD1_TPS_Locales\Exercise_Guide_Chapter_9\guia_9\guia_9.srcs\sources_1\new\myLatchD_Clr.vhd:]
WARNING: [filemgmt 56-199] Attempt to get parsing info during refresh. "On-the-fly" syntax checking information may be incorrect. [C:\Users\Facun\Desktop\TD1_TPS_Locales\Exercise_Guide_Chapter_9\guia_9\guia_9.srcs\sources_1\new\myFFDR.vhd:]
WARNING: [filemgmt 56-199] Attempt to get parsing info during refresh. "On-the-fly" syntax checking information may be incorrect. [C:\Users\Facun\Desktop\TD1_TPS_Locales\Exercise_Guide_Chapter_9\guia_9\guia_9.srcs\sources_1\new\myFFDREnaClr.vhd:]
WARNING: [filemgmt 56-199] Attempt to get parsing info during refresh. "On-the-fly" syntax checking information may be incorrect. [C:\Users\Facun\Desktop\TD1_TPS_Locales\Exercise_Guide_Chapter_9\guia_9\guia_9.srcs\sources_1\new\myFFDREnaClr.vhd:]
WARNING: [filemgmt 56-199] Attempt to get parsing info during refresh. "On-the-fly" syntax checking information may be incorrect. [C:\Users\Facun\Desktop\TD1_TPS_Locales\Exercise_Guide_Chapter_9\guia_9\guia_9.srcs\sources_1\new\myFFDREna.vhd:]
WARNING: [filemgmt 56-199] Attempt to get parsing info during refresh. "On-the-fly" syntax checking information may be incorrect. [C:\Users\Facun\Desktop\TD1_TPS_Locales\Exercise_Guide_Chapter_9\guia_9\guia_9.srcs\sources_1\new\FFT.vhd:]
WARNING: [filemgmt 56-199] Attempt to get parsing info during refresh. "On-the-fly" syntax checking information may be incorrect. [C:\Users\Facun\Desktop\TD1_TPS_Locales\Exercise_Guide_Chapter_9\guia_9\guia_9.srcs\sources_1\new\myFFDREnaClr.vhd:]
WARNING: [filemgmt 56-199] Attempt to get parsing info during refresh. "On-the-fly" syntax checking information may be incorrect. [C:\Users\Facun\Desktop\TD1_TPS_Locales\Exercise_Guide_Chapter_9\guia_9\guia_9.srcs\sources_1\new\myFFDREN.vhd:]
WARNING: [filemgmt 56-199] Attempt to get parsing info during refresh. "On-the-fly" syntax checking information may be incorrect. [C:\Users\Facun\Desktop\TD1_TPS_Locales\Exercise_Guide_Chapter_9\guia_9\guia_9.srcs\sources_1\new\myLatchD_Clr.vhd:]
WARNING: [filemgmt 56-199] Attempt to get parsing info during refresh. "On-the-fly" syntax checking information may be incorrect. [C:\Users\Facun\Desktop\TD1_TPS_Locales\Exercise_Guide_Chapter_9\guia_9\guia_9.srcs\sources_1\new\myFFDR.vhd:]
WARNING: [filemgmt 56-199] Attempt to get parsing info during refresh. "On-the-fly" syntax checking information may be incorrect. [C:\Users\Facun\Desktop\TD1_TPS_Locales\Exercise_Guide_Chapter_9\guia_9\guia_9.srcs\sources_1\new\FFT.vhd:]
WARNING: [filemgmt 56-199] Attempt to get parsing info during refresh. "On-the-fly" syntax checking information may be incorrect. [C:\Users\Facun\Desktop\TD1_TPS_Locales\Exercise_Guide_Chapter_9\guia_9\guia_9.srcs\sources_1\new\FFT.vhd:]
ERROR: [Common 17-180] Spawn failed: No error
WARNING: [filemgmt 56-199] Attempt to get parsing info during refresh. "On-the-fly" syntax checking information may be incorrect. [C:\Users\Facun\Desktop\TD1_TPS_Locales\Exercise_Guide_Chapter_9\guia_9\guia_9.srcs\sources_1\new\myFFDREna.vhd:]
WARNING: [filemgmt 56-199] Attempt to get parsing info during refresh. "On-the-fly" syntax checking information may be incorrect. [C:\Users\Facun\Desktop\TD1_TPS_Locales\Exercise_Guide_Chapter_9\guia_9\guia_9.srcs\sources_1\new\FFT.vhd:]
WARNING: [filemgmt 56-199] Attempt to get parsing info during refresh. "On-the-fly" syntax checking information may be incorrect. [C:\Users\Facun\Desktop\TD1_TPS_Locales\Exercise_Guide_Chapter_9\guia_9\guia_9.srcs\sources_1\new\myFFDREnaClr.vhd:]
WARNING: [filemgmt 56-199] Attempt to get parsing info during refresh. "On-the-fly" syntax checking information may be incorrect. [C:\Users\Facun\Desktop\TD1_TPS_Locales\Exercise_Guide_Chapter_9\guia_9\guia_9.srcs\sources_1\new\myFFDREN.vhd:]
WARNING: [filemgmt 56-199] Attempt to get parsing info during refresh. "On-the-fly" syntax checking information may be incorrect. [C:\Users\Facun\Desktop\TD1_TPS_Locales\Exercise_Guide_Chapter_9\guia_9\guia_9.srcs\sources_1\new\myLatchD_Clr.vhd:]
WARNING: [filemgmt 56-199] Attempt to get parsing info during refresh. "On-the-fly" syntax checking information may be incorrect. [C:\Users\Facun\Desktop\TD1_TPS_Locales\Exercise_Guide_Chapter_9\guia_9\guia_9.srcs\sources_1\new\myFFDR.vhd:]
WARNING: [filemgmt 56-199] Attempt to get parsing info during refresh. "On-the-fly" syntax checking information may be incorrect. [C:\Users\Facun\Desktop\TD1_TPS_Locales\Exercise_Guide_Chapter_9\guia_9\guia_9.srcs\sources_1\new\myFFDREna.vhd:]
WARNING: [filemgmt 56-199] Attempt to get parsing info during refresh. "On-the-fly" syntax checking information may be incorrect. [C:\Users\Facun\Desktop\TD1_TPS_Locales\Exercise_Guide_Chapter_9\guia_9\guia_9.srcs\sources_1\new\myFFDREna.vhd:]
ERROR: [Common 17-180] Spawn failed: No error
WARNING: [filemgmt 56-199] Attempt to get parsing info during refresh. "On-the-fly" syntax checking information may be incorrect. [C:\Users\Facun\Desktop\TD1_TPS_Locales\Exercise_Guide_Chapter_9\guia_9\guia_9.srcs\sources_1\new\myFFDREna.vhd:]
WARNING: [filemgmt 56-199] Attempt to get parsing info during refresh. "On-the-fly" syntax checking information may be incorrect. [C:\Users\Facun\Desktop\TD1_TPS_Locales\Exercise_Guide_Chapter_9\guia_9\guia_9.srcs\sources_1\new\FFT.vhd:]
WARNING: [filemgmt 56-199] Attempt to get parsing info during refresh. "On-the-fly" syntax checking information may be incorrect. [C:\Users\Facun\Desktop\TD1_TPS_Locales\Exercise_Guide_Chapter_9\guia_9\guia_9.srcs\sources_1\new\myFFDREnaClr.vhd:]
WARNING: [filemgmt 56-199] Attempt to get parsing info during refresh. "On-the-fly" syntax checking information may be incorrect. [C:\Users\Facun\Desktop\TD1_TPS_Locales\Exercise_Guide_Chapter_9\guia_9\guia_9.srcs\sources_1\new\myFFDREN.vhd:]
WARNING: [filemgmt 56-199] Attempt to get parsing info during refresh. "On-the-fly" syntax checking information may be incorrect. [C:\Users\Facun\Desktop\TD1_TPS_Locales\Exercise_Guide_Chapter_9\guia_9\guia_9.srcs\sources_1\new\myLatchD_Clr.vhd:]
WARNING: [filemgmt 56-199] Attempt to get parsing info during refresh. "On-the-fly" syntax checking information may be incorrect. [C:\Users\Facun\Desktop\TD1_TPS_Locales\Exercise_Guide_Chapter_9\guia_9\guia_9.srcs\sources_1\new\myFFDR.vhd:]
WARNING: [filemgmt 56-199] Attempt to get parsing info during refresh. "On-the-fly" syntax checking information may be incorrect. [C:\Users\Facun\Desktop\TD1_TPS_Locales\Exercise_Guide_Chapter_9\guia_9\guia_9.srcs\sources_1\new\myFFDREN.vhd:]
WARNING: [filemgmt 56-199] Attempt to get parsing info during refresh. "On-the-fly" syntax checking information may be incorrect. [C:\Users\Facun\Desktop\TD1_TPS_Locales\Exercise_Guide_Chapter_9\guia_9\guia_9.srcs\sources_1\new\myFFDREN.vhd:]
ERROR: [Common 17-180] Spawn failed: No error
WARNING: [filemgmt 56-199] Attempt to get parsing info during refresh. "On-the-fly" syntax checking information may be incorrect. [C:\Users\Facun\Desktop\TD1_TPS_Locales\Exercise_Guide_Chapter_9\guia_9\guia_9.srcs\sources_1\new\myFFDREna.vhd:]
WARNING: [filemgmt 56-199] Attempt to get parsing info during refresh. "On-the-fly" syntax checking information may be incorrect. [C:\Users\Facun\Desktop\TD1_TPS_Locales\Exercise_Guide_Chapter_9\guia_9\guia_9.srcs\sources_1\new\FFT.vhd:]
WARNING: [filemgmt 56-199] Attempt to get parsing info during refresh. "On-the-fly" syntax checking information may be incorrect. [C:\Users\Facun\Desktop\TD1_TPS_Locales\Exercise_Guide_Chapter_9\guia_9\guia_9.srcs\sources_1\new\myFFDREnaClr.vhd:]
WARNING: [filemgmt 56-199] Attempt to get parsing info during refresh. "On-the-fly" syntax checking information may be incorrect. [C:\Users\Facun\Desktop\TD1_TPS_Locales\Exercise_Guide_Chapter_9\guia_9\guia_9.srcs\sources_1\new\myFFDREN.vhd:]
WARNING: [filemgmt 56-199] Attempt to get parsing info during refresh. "On-the-fly" syntax checking information may be incorrect. [C:\Users\Facun\Desktop\TD1_TPS_Locales\Exercise_Guide_Chapter_9\guia_9\guia_9.srcs\sources_1\new\myLatchD_Clr.vhd:]
WARNING: [filemgmt 56-199] Attempt to get parsing info during refresh. "On-the-fly" syntax checking information may be incorrect. [C:\Users\Facun\Desktop\TD1_TPS_Locales\Exercise_Guide_Chapter_9\guia_9\guia_9.srcs\sources_1\new\myFFDR.vhd:]
WARNING: [filemgmt 56-199] Attempt to get parsing info during refresh. "On-the-fly" syntax checking information may be incorrect. [C:\Users\Facun\Desktop\TD1_TPS_Locales\Exercise_Guide_Chapter_9\guia_9\guia_9.srcs\sources_1\new\myFFDR.vhd:]
WARNING: [filemgmt 56-199] Attempt to get parsing info during refresh. "On-the-fly" syntax checking information may be incorrect. [C:\Users\Facun\Desktop\TD1_TPS_Locales\Exercise_Guide_Chapter_9\guia_9\guia_9.srcs\sources_1\new\myFFDR.vhd:]
WARNING: [filemgmt 56-199] Attempt to get parsing info during refresh. "On-the-fly" syntax checking information may be incorrect. [C:\Users\Facun\Desktop\TD1_TPS_Locales\Exercise_Guide_Chapter_9\guia_9\guia_9.srcs\sources_1\new\myFFDREna.vhd:]
WARNING: [filemgmt 56-199] Attempt to get parsing info during refresh. "On-the-fly" syntax checking information may be incorrect. [C:\Users\Facun\Desktop\TD1_TPS_Locales\Exercise_Guide_Chapter_9\guia_9\guia_9.srcs\sources_1\new\FFT.vhd:]
WARNING: [filemgmt 56-199] Attempt to get parsing info during refresh. "On-the-fly" syntax checking information may be incorrect. [C:\Users\Facun\Desktop\TD1_TPS_Locales\Exercise_Guide_Chapter_9\guia_9\guia_9.srcs\sources_1\new\myFFDREnaClr.vhd:]
WARNING: [filemgmt 56-199] Attempt to get parsing info during refresh. "On-the-fly" syntax checking information may be incorrect. [C:\Users\Facun\Desktop\TD1_TPS_Locales\Exercise_Guide_Chapter_9\guia_9\guia_9.srcs\sources_1\new\myFFDREN.vhd:]
WARNING: [filemgmt 56-199] Attempt to get parsing info during refresh. "On-the-fly" syntax checking information may be incorrect. [C:\Users\Facun\Desktop\TD1_TPS_Locales\Exercise_Guide_Chapter_9\guia_9\guia_9.srcs\sources_1\new\myLatchD_Clr.vhd:]
WARNING: [filemgmt 56-199] Attempt to get parsing info during refresh. "On-the-fly" syntax checking information may be incorrect. [C:\Users\Facun\Desktop\TD1_TPS_Locales\Exercise_Guide_Chapter_9\guia_9\guia_9.srcs\sources_1\new\myFFDR.vhd:]
WARNING: [filemgmt 56-199] Attempt to get parsing info during refresh. "On-the-fly" syntax checking information may be incorrect. [C:\Users\Facun\Desktop\TD1_TPS_Locales\Exercise_Guide_Chapter_9\guia_9\guia_9.srcs\sources_1\new\myFFDREnaClr.vhd:]
WARNING: [filemgmt 56-199] Attempt to get parsing info during refresh. "On-the-fly" syntax checking information may be incorrect. [C:\Users\Facun\Desktop\TD1_TPS_Locales\Exercise_Guide_Chapter_9\guia_9\guia_9.srcs\sources_1\new\myFFDREnaClr.vhd:]
WARNING: [filemgmt 56-199] Attempt to get parsing info during refresh. "On-the-fly" syntax checking information may be incorrect. [C:\Users\Facun\Desktop\TD1_TPS_Locales\Exercise_Guide_Chapter_9\guia_9\guia_9.srcs\sources_1\new\myFFDREna.vhd:]
WARNING: [filemgmt 56-199] Attempt to get parsing info during refresh. "On-the-fly" syntax checking information may be incorrect. [C:\Users\Facun\Desktop\TD1_TPS_Locales\Exercise_Guide_Chapter_9\guia_9\guia_9.srcs\sources_1\new\FFT.vhd:]
WARNING: [filemgmt 56-199] Attempt to get parsing info during refresh. "On-the-fly" syntax checking information may be incorrect. [C:\Users\Facun\Desktop\TD1_TPS_Locales\Exercise_Guide_Chapter_9\guia_9\guia_9.srcs\sources_1\new\myFFDREnaClr.vhd:]
WARNING: [filemgmt 56-199] Attempt to get parsing info during refresh. "On-the-fly" syntax checking information may be incorrect. [C:\Users\Facun\Desktop\TD1_TPS_Locales\Exercise_Guide_Chapter_9\guia_9\guia_9.srcs\sources_1\new\myFFDREN.vhd:]
WARNING: [filemgmt 56-199] Attempt to get parsing info during refresh. "On-the-fly" syntax checking information may be incorrect. [C:\Users\Facun\Desktop\TD1_TPS_Locales\Exercise_Guide_Chapter_9\guia_9\guia_9.srcs\sources_1\new\myLatchD_Clr.vhd:]
WARNING: [filemgmt 56-199] Attempt to get parsing info during refresh. "On-the-fly" syntax checking information may be incorrect. [C:\Users\Facun\Desktop\TD1_TPS_Locales\Exercise_Guide_Chapter_9\guia_9\guia_9.srcs\sources_1\new\myFFDR.vhd:]
WARNING: [filemgmt 56-199] Attempt to get parsing info during refresh. "On-the-fly" syntax checking information may be incorrect. [C:\Users\Facun\Desktop\TD1_TPS_Locales\Exercise_Guide_Chapter_9\guia_9\guia_9.srcs\sources_1\new\FFT.vhd:]
WARNING: [filemgmt 56-199] Attempt to get parsing info during refresh. "On-the-fly" syntax checking information may be incorrect. [C:\Users\Facun\Desktop\TD1_TPS_Locales\Exercise_Guide_Chapter_9\guia_9\guia_9.srcs\sources_1\new\FFT.vhd:]
ERROR: [Common 17-180] Spawn failed: No error
WARNING: [filemgmt 56-199] Attempt to get parsing info during refresh. "On-the-fly" syntax checking information may be incorrect. [C:\Users\Facun\Desktop\TD1_TPS_Locales\Exercise_Guide_Chapter_9\guia_9\guia_9.srcs\sources_1\new\myFFDREna.vhd:]
WARNING: [filemgmt 56-199] Attempt to get parsing info during refresh. "On-the-fly" syntax checking information may be incorrect. [C:\Users\Facun\Desktop\TD1_TPS_Locales\Exercise_Guide_Chapter_9\guia_9\guia_9.srcs\sources_1\new\FFT.vhd:]
WARNING: [filemgmt 56-199] Attempt to get parsing info during refresh. "On-the-fly" syntax checking information may be incorrect. [C:\Users\Facun\Desktop\TD1_TPS_Locales\Exercise_Guide_Chapter_9\guia_9\guia_9.srcs\sources_1\new\myFFDREnaClr.vhd:]
WARNING: [filemgmt 56-199] Attempt to get parsing info during refresh. "On-the-fly" syntax checking information may be incorrect. [C:\Users\Facun\Desktop\TD1_TPS_Locales\Exercise_Guide_Chapter_9\guia_9\guia_9.srcs\sources_1\new\myFFDREN.vhd:]
WARNING: [filemgmt 56-199] Attempt to get parsing info during refresh. "On-the-fly" syntax checking information may be incorrect. [C:\Users\Facun\Desktop\TD1_TPS_Locales\Exercise_Guide_Chapter_9\guia_9\guia_9.srcs\sources_1\new\myLatchD_Clr.vhd:]
WARNING: [filemgmt 56-199] Attempt to get parsing info during refresh. "On-the-fly" syntax checking information may be incorrect. [C:\Users\Facun\Desktop\TD1_TPS_Locales\Exercise_Guide_Chapter_9\guia_9\guia_9.srcs\sources_1\new\myFFDR.vhd:]
WARNING: [filemgmt 56-199] Attempt to get parsing info during refresh. "On-the-fly" syntax checking information may be incorrect. [C:\Users\Facun\Desktop\TD1_TPS_Locales\Exercise_Guide_Chapter_9\guia_9\guia_9.srcs\sources_1\new\myLatchD_Clr.vhd:]
WARNING: [filemgmt 56-199] Attempt to get parsing info during refresh. "On-the-fly" syntax checking information may be incorrect. [C:\Users\Facun\Desktop\TD1_TPS_Locales\Exercise_Guide_Chapter_9\guia_9\guia_9.srcs\sources_1\new\myLatchD_Clr.vhd:]
ERROR: [Common 17-180] Spawn failed: No error
WARNING: [filemgmt 56-199] Attempt to get parsing info during refresh. "On-the-fly" syntax checking information may be incorrect. [C:\Users\Facun\Desktop\TD1_TPS_Locales\Exercise_Guide_Chapter_9\guia_9\guia_9.srcs\sources_1\new\myFFDREna.vhd:]
WARNING: [filemgmt 56-199] Attempt to get parsing info during refresh. "On-the-fly" syntax checking information may be incorrect. [C:\Users\Facun\Desktop\TD1_TPS_Locales\Exercise_Guide_Chapter_9\guia_9\guia_9.srcs\sources_1\new\FFT.vhd:]
WARNING: [filemgmt 56-199] Attempt to get parsing info during refresh. "On-the-fly" syntax checking information may be incorrect. [C:\Users\Facun\Desktop\TD1_TPS_Locales\Exercise_Guide_Chapter_9\guia_9\guia_9.srcs\sources_1\new\myFFDREnaClr.vhd:]
WARNING: [filemgmt 56-199] Attempt to get parsing info during refresh. "On-the-fly" syntax checking information may be incorrect. [C:\Users\Facun\Desktop\TD1_TPS_Locales\Exercise_Guide_Chapter_9\guia_9\guia_9.srcs\sources_1\new\myFFDREN.vhd:]
WARNING: [filemgmt 56-199] Attempt to get parsing info during refresh. "On-the-fly" syntax checking information may be incorrect. [C:\Users\Facun\Desktop\TD1_TPS_Locales\Exercise_Guide_Chapter_9\guia_9\guia_9.srcs\sources_1\new\myLatchD_Clr.vhd:]
WARNING: [filemgmt 56-199] Attempt to get parsing info during refresh. "On-the-fly" syntax checking information may be incorrect. [C:\Users\Facun\Desktop\TD1_TPS_Locales\Exercise_Guide_Chapter_9\guia_9\guia_9.srcs\sources_1\new\myFFDR.vhd:]
WARNING: [filemgmt 56-199] Attempt to get parsing info during refresh. "On-the-fly" syntax checking information may be incorrect. [C:\Users\Facun\Desktop\TD1_TPS_Locales\Exercise_Guide_Chapter_9\guia_9\guia_9.srcs\sources_1\new\myFFDREN.vhd:]
WARNING: [filemgmt 56-199] Attempt to get parsing info during refresh. "On-the-fly" syntax checking information may be incorrect. [C:\Users\Facun\Desktop\TD1_TPS_Locales\Exercise_Guide_Chapter_9\guia_9\guia_9.srcs\sources_1\new\myFFDREN.vhd:]
ERROR: [Common 17-180] Spawn failed: No error
set_property SOURCE_SET sources_1 [get_filesets sim_1]
import_files -fileset sim_1 -norecurse {C:/Users/Facun/Desktop/TD1_TPS_Locales/Exercise_Guide_Chapter_9/guia_9_tb/myFFDREna_tb.vhd C:/Users/Facun/Desktop/TD1_TPS_Locales/Exercise_Guide_Chapter_9/guia_9_tb/myLatchD_Clr_tb.vhd C:/Users/Facun/Desktop/TD1_TPS_Locales/Exercise_Guide_Chapter_9/guia_9_tb/myFFDR_tb.vhd C:/Users/Facun/Desktop/TD1_TPS_Locales/Exercise_Guide_Chapter_9/guia_9_tb/myFFDREnaClr_tb.vhd C:/Users/Facun/Desktop/TD1_TPS_Locales/Exercise_Guide_Chapter_9/guia_9_tb/FFT_tb.vhd C:/Users/Facun/Desktop/TD1_TPS_Locales/Exercise_Guide_Chapter_9/guia_9_tb/myFFDR_Rasync_tb.vhd C:/Users/Facun/Desktop/TD1_TPS_Locales/Exercise_Guide_Chapter_9/guia_9_tb/myFFDREN_tb.vhd C:/Users/Facun/Desktop/TD1_TPS_Locales/Exercise_Guide_Chapter_9/guia_9_tb/myLatchD_tb.vhd}
WARNING: [filemgmt 56-199] Attempt to get parsing info during refresh. "On-the-fly" syntax checking information may be incorrect. [C:\Users\Facun\Desktop\TD1_TPS_Locales\Exercise_Guide_Chapter_9\guia_9\guia_9.srcs\sources_1\new\myFFDREna.vhd:]
WARNING: [filemgmt 56-199] Attempt to get parsing info during refresh. "On-the-fly" syntax checking information may be incorrect. [C:\Users\Facun\Desktop\TD1_TPS_Locales\Exercise_Guide_Chapter_9\guia_9\guia_9.srcs\sources_1\new\FFT.vhd:]
WARNING: [filemgmt 56-199] Attempt to get parsing info during refresh. "On-the-fly" syntax checking information may be incorrect. [C:\Users\Facun\Desktop\TD1_TPS_Locales\Exercise_Guide_Chapter_9\guia_9\guia_9.srcs\sources_1\new\myFFDREnaClr.vhd:]
WARNING: [filemgmt 56-199] Attempt to get parsing info during refresh. "On-the-fly" syntax checking information may be incorrect. [C:\Users\Facun\Desktop\TD1_TPS_Locales\Exercise_Guide_Chapter_9\guia_9\guia_9.srcs\sources_1\new\myFFDREN.vhd:]
WARNING: [filemgmt 56-199] Attempt to get parsing info during refresh. "On-the-fly" syntax checking information may be incorrect. [C:\Users\Facun\Desktop\TD1_TPS_Locales\Exercise_Guide_Chapter_9\guia_9\guia_9.srcs\sources_1\new\myLatchD_Clr.vhd:]
WARNING: [filemgmt 56-199] Attempt to get parsing info during refresh. "On-the-fly" syntax checking information may be incorrect. [C:\Users\Facun\Desktop\TD1_TPS_Locales\Exercise_Guide_Chapter_9\guia_9\guia_9.srcs\sources_1\new\myFFDR.vhd:]
WARNING: [filemgmt 56-199] Attempt to get parsing info during refresh. "On-the-fly" syntax checking information may be incorrect. [C:\Users\Facun\Desktop\TD1_TPS_Locales\Exercise_Guide_Chapter_9\guia_9\guia_9.srcs\sources_1\new\myFFDR.vhd:]
WARNING: [filemgmt 56-199] Attempt to get parsing info during refresh. "On-the-fly" syntax checking information may be incorrect. [C:\Users\Facun\Desktop\TD1_TPS_Locales\Exercise_Guide_Chapter_9\guia_9\guia_9.srcs\sources_1\new\myFFDR.vhd:]
WARNING: [filemgmt 56-199] Attempt to get parsing info during refresh. "On-the-fly" syntax checking information may be incorrect. [C:\Users\Facun\Desktop\TD1_TPS_Locales\Exercise_Guide_Chapter_9\guia_9\guia_9.srcs\sources_1\new\myFFDREna.vhd:]
WARNING: [filemgmt 56-199] Attempt to get parsing info during refresh. "On-the-fly" syntax checking information may be incorrect. [C:\Users\Facun\Desktop\TD1_TPS_Locales\Exercise_Guide_Chapter_9\guia_9\guia_9.srcs\sources_1\new\FFT.vhd:]
WARNING: [filemgmt 56-199] Attempt to get parsing info during refresh. "On-the-fly" syntax checking information may be incorrect. [C:\Users\Facun\Desktop\TD1_TPS_Locales\Exercise_Guide_Chapter_9\guia_9\guia_9.srcs\sources_1\new\myFFDREnaClr.vhd:]
WARNING: [filemgmt 56-199] Attempt to get parsing info during refresh. "On-the-fly" syntax checking information may be incorrect. [C:\Users\Facun\Desktop\TD1_TPS_Locales\Exercise_Guide_Chapter_9\guia_9\guia_9.srcs\sources_1\new\myFFDREN.vhd:]
WARNING: [filemgmt 56-199] Attempt to get parsing info during refresh. "On-the-fly" syntax checking information may be incorrect. [C:\Users\Facun\Desktop\TD1_TPS_Locales\Exercise_Guide_Chapter_9\guia_9\guia_9.srcs\sources_1\new\myLatchD_Clr.vhd:]
WARNING: [filemgmt 56-199] Attempt to get parsing info during refresh. "On-the-fly" syntax checking information may be incorrect. [C:\Users\Facun\Desktop\TD1_TPS_Locales\Exercise_Guide_Chapter_9\guia_9\guia_9.srcs\sources_1\new\myFFDR.vhd:]
WARNING: [filemgmt 56-199] Attempt to get parsing info during refresh. "On-the-fly" syntax checking information may be incorrect. [C:\Users\Facun\Desktop\TD1_TPS_Locales\Exercise_Guide_Chapter_9\guia_9\guia_9.srcs\sources_1\new\myFFDREna.vhd:]
WARNING: [filemgmt 56-199] Attempt to get parsing info during refresh. "On-the-fly" syntax checking information may be incorrect. [C:\Users\Facun\Desktop\TD1_TPS_Locales\Exercise_Guide_Chapter_9\guia_9\guia_9.srcs\sources_1\new\myFFDREna.vhd:]
WARNING: [filemgmt 56-199] Attempt to get parsing info during refresh. "On-the-fly" syntax checking information may be incorrect. [C:\Users\Facun\Desktop\TD1_TPS_Locales\Exercise_Guide_Chapter_9\guia_9\guia_9.srcs\sources_1\new\myFFDREna.vhd:]
WARNING: [filemgmt 56-199] Attempt to get parsing info during refresh. "On-the-fly" syntax checking information may be incorrect. [C:\Users\Facun\Desktop\TD1_TPS_Locales\Exercise_Guide_Chapter_9\guia_9\guia_9.srcs\sources_1\new\FFT.vhd:]
WARNING: [filemgmt 56-199] Attempt to get parsing info during refresh. "On-the-fly" syntax checking information may be incorrect. [C:\Users\Facun\Desktop\TD1_TPS_Locales\Exercise_Guide_Chapter_9\guia_9\guia_9.srcs\sources_1\new\myFFDREnaClr.vhd:]
WARNING: [filemgmt 56-199] Attempt to get parsing info during refresh. "On-the-fly" syntax checking information may be incorrect. [C:\Users\Facun\Desktop\TD1_TPS_Locales\Exercise_Guide_Chapter_9\guia_9\guia_9.srcs\sources_1\new\myFFDREN.vhd:]
WARNING: [filemgmt 56-199] Attempt to get parsing info during refresh. "On-the-fly" syntax checking information may be incorrect. [C:\Users\Facun\Desktop\TD1_TPS_Locales\Exercise_Guide_Chapter_9\guia_9\guia_9.srcs\sources_1\new\myLatchD_Clr.vhd:]
WARNING: [filemgmt 56-199] Attempt to get parsing info during refresh. "On-the-fly" syntax checking information may be incorrect. [C:\Users\Facun\Desktop\TD1_TPS_Locales\Exercise_Guide_Chapter_9\guia_9\guia_9.srcs\sources_1\new\myFFDR.vhd:]
WARNING: [filemgmt 56-199] Attempt to get parsing info during refresh. "On-the-fly" syntax checking information may be incorrect. [C:\Users\Facun\Desktop\TD1_TPS_Locales\Exercise_Guide_Chapter_9\guia_9\guia_9.srcs\sources_1\new\FFT.vhd:]
WARNING: [filemgmt 56-199] Attempt to get parsing info during refresh. "On-the-fly" syntax checking information may be incorrect. [C:\Users\Facun\Desktop\TD1_TPS_Locales\Exercise_Guide_Chapter_9\guia_9\guia_9.srcs\sources_1\new\FFT.vhd:]
ERROR: [Common 17-180] Spawn failed: No error
WARNING: [filemgmt 56-199] Attempt to get parsing info during refresh. "On-the-fly" syntax checking information may be incorrect. [C:\Users\Facun\Desktop\TD1_TPS_Locales\Exercise_Guide_Chapter_9\guia_9\guia_9.srcs\sources_1\new\myFFDREna.vhd:]
WARNING: [filemgmt 56-199] Attempt to get parsing info during refresh. "On-the-fly" syntax checking information may be incorrect. [C:\Users\Facun\Desktop\TD1_TPS_Locales\Exercise_Guide_Chapter_9\guia_9\guia_9.srcs\sources_1\new\FFT.vhd:]
WARNING: [filemgmt 56-199] Attempt to get parsing info during refresh. "On-the-fly" syntax checking information may be incorrect. [C:\Users\Facun\Desktop\TD1_TPS_Locales\Exercise_Guide_Chapter_9\guia_9\guia_9.srcs\sources_1\new\myFFDREnaClr.vhd:]
WARNING: [filemgmt 56-199] Attempt to get parsing info during refresh. "On-the-fly" syntax checking information may be incorrect. [C:\Users\Facun\Desktop\TD1_TPS_Locales\Exercise_Guide_Chapter_9\guia_9\guia_9.srcs\sources_1\new\myFFDREN.vhd:]
WARNING: [filemgmt 56-199] Attempt to get parsing info during refresh. "On-the-fly" syntax checking information may be incorrect. [C:\Users\Facun\Desktop\TD1_TPS_Locales\Exercise_Guide_Chapter_9\guia_9\guia_9.srcs\sources_1\new\myLatchD_Clr.vhd:]
WARNING: [filemgmt 56-199] Attempt to get parsing info during refresh. "On-the-fly" syntax checking information may be incorrect. [C:\Users\Facun\Desktop\TD1_TPS_Locales\Exercise_Guide_Chapter_9\guia_9\guia_9.srcs\sources_1\new\myFFDR.vhd:]
WARNING: [filemgmt 56-199] Attempt to get parsing info during refresh. "On-the-fly" syntax checking information may be incorrect. [C:\Users\Facun\Desktop\TD1_TPS_Locales\Exercise_Guide_Chapter_9\guia_9\guia_9.srcs\sources_1\new\myLatchD_Clr.vhd:]
WARNING: [filemgmt 56-199] Attempt to get parsing info during refresh. "On-the-fly" syntax checking information may be incorrect. [C:\Users\Facun\Desktop\TD1_TPS_Locales\Exercise_Guide_Chapter_9\guia_9\guia_9.srcs\sources_1\new\myLatchD_Clr.vhd:]
ERROR: [Common 17-180] Spawn failed: No error
WARNING: [filemgmt 56-199] Attempt to get parsing info during refresh. "On-the-fly" syntax checking information may be incorrect. [C:\Users\Facun\Desktop\TD1_TPS_Locales\Exercise_Guide_Chapter_9\guia_9\guia_9.srcs\sources_1\new\myFFDREna.vhd:]
WARNING: [filemgmt 56-199] Attempt to get parsing info during refresh. "On-the-fly" syntax checking information may be incorrect. [C:\Users\Facun\Desktop\TD1_TPS_Locales\Exercise_Guide_Chapter_9\guia_9\guia_9.srcs\sources_1\new\FFT.vhd:]
WARNING: [filemgmt 56-199] Attempt to get parsing info during refresh. "On-the-fly" syntax checking information may be incorrect. [C:\Users\Facun\Desktop\TD1_TPS_Locales\Exercise_Guide_Chapter_9\guia_9\guia_9.srcs\sources_1\new\myFFDREnaClr.vhd:]
WARNING: [filemgmt 56-199] Attempt to get parsing info during refresh. "On-the-fly" syntax checking information may be incorrect. [C:\Users\Facun\Desktop\TD1_TPS_Locales\Exercise_Guide_Chapter_9\guia_9\guia_9.srcs\sources_1\new\myFFDREN.vhd:]
WARNING: [filemgmt 56-199] Attempt to get parsing info during refresh. "On-the-fly" syntax checking information may be incorrect. [C:\Users\Facun\Desktop\TD1_TPS_Locales\Exercise_Guide_Chapter_9\guia_9\guia_9.srcs\sources_1\new\myLatchD_Clr.vhd:]
WARNING: [filemgmt 56-199] Attempt to get parsing info during refresh. "On-the-fly" syntax checking information may be incorrect. [C:\Users\Facun\Desktop\TD1_TPS_Locales\Exercise_Guide_Chapter_9\guia_9\guia_9.srcs\sources_1\new\myFFDR.vhd:]
WARNING: [filemgmt 56-199] Attempt to get parsing info during refresh. "On-the-fly" syntax checking information may be incorrect. [C:\Users\Facun\Desktop\TD1_TPS_Locales\Exercise_Guide_Chapter_9\guia_9\guia_9.srcs\sources_1\new\myFFDREN.vhd:]
WARNING: [filemgmt 56-199] Attempt to get parsing info during refresh. "On-the-fly" syntax checking information may be incorrect. [C:\Users\Facun\Desktop\TD1_TPS_Locales\Exercise_Guide_Chapter_9\guia_9\guia_9.srcs\sources_1\new\myFFDREN.vhd:]
ERROR: [Common 17-180] Spawn failed: No error
update_compile_order -fileset sim_1
WARNING: [filemgmt 56-199] Attempt to get parsing info during refresh. "On-the-fly" syntax checking information may be incorrect. [C:\Users\Facun\Desktop\TD1_TPS_Locales\Exercise_Guide_Chapter_9\guia_9\guia_9.srcs\sources_1\new\myFFDREna.vhd:]
WARNING: [filemgmt 56-199] Attempt to get parsing info during refresh. "On-the-fly" syntax checking information may be incorrect. [C:\Users\Facun\Desktop\TD1_TPS_Locales\Exercise_Guide_Chapter_9\guia_9\guia_9.srcs\sources_1\new\FFT.vhd:]
WARNING: [filemgmt 56-199] Attempt to get parsing info during refresh. "On-the-fly" syntax checking information may be incorrect. [C:\Users\Facun\Desktop\TD1_TPS_Locales\Exercise_Guide_Chapter_9\guia_9\guia_9.srcs\sources_1\new\myFFDREnaClr.vhd:]
WARNING: [filemgmt 56-199] Attempt to get parsing info during refresh. "On-the-fly" syntax checking information may be incorrect. [C:\Users\Facun\Desktop\TD1_TPS_Locales\Exercise_Guide_Chapter_9\guia_9\guia_9.srcs\sources_1\new\myFFDREN.vhd:]
WARNING: [filemgmt 56-199] Attempt to get parsing info during refresh. "On-the-fly" syntax checking information may be incorrect. [C:\Users\Facun\Desktop\TD1_TPS_Locales\Exercise_Guide_Chapter_9\guia_9\guia_9.srcs\sources_1\new\myLatchD_Clr.vhd:]
WARNING: [filemgmt 56-199] Attempt to get parsing info during refresh. "On-the-fly" syntax checking information may be incorrect. [C:\Users\Facun\Desktop\TD1_TPS_Locales\Exercise_Guide_Chapter_9\guia_9\guia_9.srcs\sources_1\new\myFFDR.vhd:]
WARNING: [filemgmt 56-199] Attempt to get parsing info during refresh. "On-the-fly" syntax checking information may be incorrect. [C:\Users\Facun\Desktop\TD1_TPS_Locales\Exercise_Guide_Chapter_9\guia_9\guia_9.srcs\sources_1\new\myLatchD_Clr.vhd:]
WARNING: [filemgmt 56-199] Attempt to get parsing info during refresh. "On-the-fly" syntax checking information may be incorrect. [C:\Users\Facun\Desktop\TD1_TPS_Locales\Exercise_Guide_Chapter_9\guia_9\guia_9.srcs\sources_1\new\myLatchD_Clr.vhd:]
WARNING: [filemgmt 56-199] Attempt to get parsing info during refresh. "On-the-fly" syntax checking information may be incorrect. [C:\Users\Facun\Desktop\TD1_TPS_Locales\Exercise_Guide_Chapter_9\guia_9\guia_9.srcs\sources_1\new\myFFDREna.vhd:]
WARNING: [filemgmt 56-199] Attempt to get parsing info during refresh. "On-the-fly" syntax checking information may be incorrect. [C:\Users\Facun\Desktop\TD1_TPS_Locales\Exercise_Guide_Chapter_9\guia_9\guia_9.srcs\sources_1\new\FFT.vhd:]
WARNING: [filemgmt 56-199] Attempt to get parsing info during refresh. "On-the-fly" syntax checking information may be incorrect. [C:\Users\Facun\Desktop\TD1_TPS_Locales\Exercise_Guide_Chapter_9\guia_9\guia_9.srcs\sources_1\new\myFFDREnaClr.vhd:]
WARNING: [filemgmt 56-199] Attempt to get parsing info during refresh. "On-the-fly" syntax checking information may be incorrect. [C:\Users\Facun\Desktop\TD1_TPS_Locales\Exercise_Guide_Chapter_9\guia_9\guia_9.srcs\sources_1\new\myFFDREN.vhd:]
WARNING: [filemgmt 56-199] Attempt to get parsing info during refresh. "On-the-fly" syntax checking information may be incorrect. [C:\Users\Facun\Desktop\TD1_TPS_Locales\Exercise_Guide_Chapter_9\guia_9\guia_9.srcs\sources_1\new\myLatchD_Clr.vhd:]
WARNING: [filemgmt 56-199] Attempt to get parsing info during refresh. "On-the-fly" syntax checking information may be incorrect. [C:\Users\Facun\Desktop\TD1_TPS_Locales\Exercise_Guide_Chapter_9\guia_9\guia_9.srcs\sources_1\new\myFFDR.vhd:]
WARNING: [filemgmt 56-199] Attempt to get parsing info during refresh. "On-the-fly" syntax checking information may be incorrect. [C:\Users\Facun\Desktop\TD1_TPS_Locales\Exercise_Guide_Chapter_9\guia_9\guia_9.srcs\sources_1\new\myFFDREnaClr.vhd:]
WARNING: [filemgmt 56-199] Attempt to get parsing info during refresh. "On-the-fly" syntax checking information may be incorrect. [C:\Users\Facun\Desktop\TD1_TPS_Locales\Exercise_Guide_Chapter_9\guia_9\guia_9.srcs\sources_1\new\myFFDREnaClr.vhd:]
WARNING: [filemgmt 56-199] Attempt to get parsing info during refresh. "On-the-fly" syntax checking information may be incorrect. [C:\Users\Facun\Desktop\TD1_TPS_Locales\Exercise_Guide_Chapter_9\guia_9\guia_9.srcs\sources_1\new\myFFDREna.vhd:]
WARNING: [filemgmt 56-199] Attempt to get parsing info during refresh. "On-the-fly" syntax checking information may be incorrect. [C:\Users\Facun\Desktop\TD1_TPS_Locales\Exercise_Guide_Chapter_9\guia_9\guia_9.srcs\sources_1\new\FFT.vhd:]
WARNING: [filemgmt 56-199] Attempt to get parsing info during refresh. "On-the-fly" syntax checking information may be incorrect. [C:\Users\Facun\Desktop\TD1_TPS_Locales\Exercise_Guide_Chapter_9\guia_9\guia_9.srcs\sources_1\new\myFFDREnaClr.vhd:]
WARNING: [filemgmt 56-199] Attempt to get parsing info during refresh. "On-the-fly" syntax checking information may be incorrect. [C:\Users\Facun\Desktop\TD1_TPS_Locales\Exercise_Guide_Chapter_9\guia_9\guia_9.srcs\sources_1\new\myFFDREN.vhd:]
WARNING: [filemgmt 56-199] Attempt to get parsing info during refresh. "On-the-fly" syntax checking information may be incorrect. [C:\Users\Facun\Desktop\TD1_TPS_Locales\Exercise_Guide_Chapter_9\guia_9\guia_9.srcs\sources_1\new\myLatchD_Clr.vhd:]
WARNING: [filemgmt 56-199] Attempt to get parsing info during refresh. "On-the-fly" syntax checking information may be incorrect. [C:\Users\Facun\Desktop\TD1_TPS_Locales\Exercise_Guide_Chapter_9\guia_9\guia_9.srcs\sources_1\new\myFFDR.vhd:]
WARNING: [filemgmt 56-199] Attempt to get parsing info during refresh. "On-the-fly" syntax checking information may be incorrect. [C:\Users\Facun\Desktop\TD1_TPS_Locales\Exercise_Guide_Chapter_9\guia_9\guia_9.srcs\sources_1\new\FFT.vhd:]
WARNING: [filemgmt 56-199] Attempt to get parsing info during refresh. "On-the-fly" syntax checking information may be incorrect. [C:\Users\Facun\Desktop\TD1_TPS_Locales\Exercise_Guide_Chapter_9\guia_9\guia_9.srcs\sources_1\new\FFT.vhd:]
ERROR: [Common 17-180] Spawn failed: No error
WARNING: [filemgmt 56-199] Attempt to get parsing info during refresh. "On-the-fly" syntax checking information may be incorrect. [C:\Users\Facun\Desktop\TD1_TPS_Locales\Exercise_Guide_Chapter_9\guia_9\guia_9.srcs\sources_1\new\myFFDREna.vhd:]
WARNING: [filemgmt 56-199] Attempt to get parsing info during refresh. "On-the-fly" syntax checking information may be incorrect. [C:\Users\Facun\Desktop\TD1_TPS_Locales\Exercise_Guide_Chapter_9\guia_9\guia_9.srcs\sources_1\new\FFT.vhd:]
WARNING: [filemgmt 56-199] Attempt to get parsing info during refresh. "On-the-fly" syntax checking information may be incorrect. [C:\Users\Facun\Desktop\TD1_TPS_Locales\Exercise_Guide_Chapter_9\guia_9\guia_9.srcs\sources_1\new\myFFDREnaClr.vhd:]
WARNING: [filemgmt 56-199] Attempt to get parsing info during refresh. "On-the-fly" syntax checking information may be incorrect. [C:\Users\Facun\Desktop\TD1_TPS_Locales\Exercise_Guide_Chapter_9\guia_9\guia_9.srcs\sources_1\new\myFFDREN.vhd:]
WARNING: [filemgmt 56-199] Attempt to get parsing info during refresh. "On-the-fly" syntax checking information may be incorrect. [C:\Users\Facun\Desktop\TD1_TPS_Locales\Exercise_Guide_Chapter_9\guia_9\guia_9.srcs\sources_1\new\myLatchD_Clr.vhd:]
WARNING: [filemgmt 56-199] Attempt to get parsing info during refresh. "On-the-fly" syntax checking information may be incorrect. [C:\Users\Facun\Desktop\TD1_TPS_Locales\Exercise_Guide_Chapter_9\guia_9\guia_9.srcs\sources_1\new\myFFDR.vhd:]
WARNING: [filemgmt 56-199] Attempt to get parsing info during refresh. "On-the-fly" syntax checking information may be incorrect. [C:\Users\Facun\Desktop\TD1_TPS_Locales\Exercise_Guide_Chapter_9\guia_9\guia_9.srcs\sources_1\new\myFFDREN.vhd:]
WARNING: [filemgmt 56-199] Attempt to get parsing info during refresh. "On-the-fly" syntax checking information may be incorrect. [C:\Users\Facun\Desktop\TD1_TPS_Locales\Exercise_Guide_Chapter_9\guia_9\guia_9.srcs\sources_1\new\myFFDREN.vhd:]
ERROR: [Common 17-180] Spawn failed: No error
WARNING: [filemgmt 56-199] Attempt to get parsing info during refresh. "On-the-fly" syntax checking information may be incorrect. [C:\Users\Facun\Desktop\TD1_TPS_Locales\Exercise_Guide_Chapter_9\guia_9\guia_9.srcs\sources_1\new\myFFDREna.vhd:]
WARNING: [filemgmt 56-199] Attempt to get parsing info during refresh. "On-the-fly" syntax checking information may be incorrect. [C:\Users\Facun\Desktop\TD1_TPS_Locales\Exercise_Guide_Chapter_9\guia_9\guia_9.srcs\sources_1\new\FFT.vhd:]
WARNING: [filemgmt 56-199] Attempt to get parsing info during refresh. "On-the-fly" syntax checking information may be incorrect. [C:\Users\Facun\Desktop\TD1_TPS_Locales\Exercise_Guide_Chapter_9\guia_9\guia_9.srcs\sources_1\new\myFFDREnaClr.vhd:]
WARNING: [filemgmt 56-199] Attempt to get parsing info during refresh. "On-the-fly" syntax checking information may be incorrect. [C:\Users\Facun\Desktop\TD1_TPS_Locales\Exercise_Guide_Chapter_9\guia_9\guia_9.srcs\sources_1\new\myFFDREN.vhd:]
WARNING: [filemgmt 56-199] Attempt to get parsing info during refresh. "On-the-fly" syntax checking information may be incorrect. [C:\Users\Facun\Desktop\TD1_TPS_Locales\Exercise_Guide_Chapter_9\guia_9\guia_9.srcs\sources_1\new\myLatchD_Clr.vhd:]
WARNING: [filemgmt 56-199] Attempt to get parsing info during refresh. "On-the-fly" syntax checking information may be incorrect. [C:\Users\Facun\Desktop\TD1_TPS_Locales\Exercise_Guide_Chapter_9\guia_9\guia_9.srcs\sources_1\new\myFFDR.vhd:]
WARNING: [filemgmt 56-199] Attempt to get parsing info during refresh. "On-the-fly" syntax checking information may be incorrect. [C:\Users\Facun\Desktop\TD1_TPS_Locales\Exercise_Guide_Chapter_9\guia_9\guia_9.srcs\sources_1\new\myFFDREna.vhd:]
WARNING: [filemgmt 56-199] Attempt to get parsing info during refresh. "On-the-fly" syntax checking information may be incorrect. [C:\Users\Facun\Desktop\TD1_TPS_Locales\Exercise_Guide_Chapter_9\guia_9\guia_9.srcs\sources_1\new\myFFDREna.vhd:]
ERROR: [Common 17-180] Spawn failed: No error
WARNING: [filemgmt 56-199] Attempt to get parsing info during refresh. "On-the-fly" syntax checking information may be incorrect. [C:\Users\Facun\Desktop\TD1_TPS_Locales\Exercise_Guide_Chapter_9\guia_9\guia_9.srcs\sources_1\new\myFFDREna.vhd:]
WARNING: [filemgmt 56-199] Attempt to get parsing info during refresh. "On-the-fly" syntax checking information may be incorrect. [C:\Users\Facun\Desktop\TD1_TPS_Locales\Exercise_Guide_Chapter_9\guia_9\guia_9.srcs\sources_1\new\FFT.vhd:]
WARNING: [filemgmt 56-199] Attempt to get parsing info during refresh. "On-the-fly" syntax checking information may be incorrect. [C:\Users\Facun\Desktop\TD1_TPS_Locales\Exercise_Guide_Chapter_9\guia_9\guia_9.srcs\sources_1\new\myFFDREnaClr.vhd:]
WARNING: [filemgmt 56-199] Attempt to get parsing info during refresh. "On-the-fly" syntax checking information may be incorrect. [C:\Users\Facun\Desktop\TD1_TPS_Locales\Exercise_Guide_Chapter_9\guia_9\guia_9.srcs\sources_1\new\myFFDREN.vhd:]
WARNING: [filemgmt 56-199] Attempt to get parsing info during refresh. "On-the-fly" syntax checking information may be incorrect. [C:\Users\Facun\Desktop\TD1_TPS_Locales\Exercise_Guide_Chapter_9\guia_9\guia_9.srcs\sources_1\new\myLatchD_Clr.vhd:]
WARNING: [filemgmt 56-199] Attempt to get parsing info during refresh. "On-the-fly" syntax checking information may be incorrect. [C:\Users\Facun\Desktop\TD1_TPS_Locales\Exercise_Guide_Chapter_9\guia_9\guia_9.srcs\sources_1\new\myFFDR.vhd:]
WARNING: [filemgmt 56-199] Attempt to get parsing info during refresh. "On-the-fly" syntax checking information may be incorrect. [C:\Users\Facun\Desktop\TD1_TPS_Locales\Exercise_Guide_Chapter_9\guia_9\guia_9.srcs\sources_1\new\myFFDR.vhd:]
WARNING: [filemgmt 56-199] Attempt to get parsing info during refresh. "On-the-fly" syntax checking information may be incorrect. [C:\Users\Facun\Desktop\TD1_TPS_Locales\Exercise_Guide_Chapter_9\guia_9\guia_9.srcs\sources_1\new\myFFDR.vhd:]
WARNING: [filemgmt 56-199] Attempt to get parsing info during refresh. "On-the-fly" syntax checking information may be incorrect. [C:\Users\Facun\Desktop\TD1_TPS_Locales\Exercise_Guide_Chapter_9\guia_9\guia_9.srcs\sources_1\new\myFFDREna.vhd:]
WARNING: [filemgmt 56-199] Attempt to get parsing info during refresh. "On-the-fly" syntax checking information may be incorrect. [C:\Users\Facun\Desktop\TD1_TPS_Locales\Exercise_Guide_Chapter_9\guia_9\guia_9.srcs\sources_1\new\FFT.vhd:]
WARNING: [filemgmt 56-199] Attempt to get parsing info during refresh. "On-the-fly" syntax checking information may be incorrect. [C:\Users\Facun\Desktop\TD1_TPS_Locales\Exercise_Guide_Chapter_9\guia_9\guia_9.srcs\sources_1\new\myFFDREnaClr.vhd:]
WARNING: [filemgmt 56-199] Attempt to get parsing info during refresh. "On-the-fly" syntax checking information may be incorrect. [C:\Users\Facun\Desktop\TD1_TPS_Locales\Exercise_Guide_Chapter_9\guia_9\guia_9.srcs\sources_1\new\myFFDREN.vhd:]
WARNING: [filemgmt 56-199] Attempt to get parsing info during refresh. "On-the-fly" syntax checking information may be incorrect. [C:\Users\Facun\Desktop\TD1_TPS_Locales\Exercise_Guide_Chapter_9\guia_9\guia_9.srcs\sources_1\new\myLatchD_Clr.vhd:]
WARNING: [filemgmt 56-199] Attempt to get parsing info during refresh. "On-the-fly" syntax checking information may be incorrect. [C:\Users\Facun\Desktop\TD1_TPS_Locales\Exercise_Guide_Chapter_9\guia_9\guia_9.srcs\sources_1\new\myFFDR.vhd:]
WARNING: [filemgmt 56-199] Attempt to get parsing info during refresh. "On-the-fly" syntax checking information may be incorrect. [C:\Users\Facun\Desktop\TD1_TPS_Locales\Exercise_Guide_Chapter_9\guia_9\guia_9.srcs\sources_1\new\myFFDREnaClr.vhd:]
WARNING: [filemgmt 56-199] Attempt to get parsing info during refresh. "On-the-fly" syntax checking information may be incorrect. [C:\Users\Facun\Desktop\TD1_TPS_Locales\Exercise_Guide_Chapter_9\guia_9\guia_9.srcs\sources_1\new\myFFDREnaClr.vhd:]
WARNING: [filemgmt 56-199] Attempt to get parsing info during refresh. "On-the-fly" syntax checking information may be incorrect. [C:\Users\Facun\Desktop\TD1_TPS_Locales\Exercise_Guide_Chapter_9\guia_9\guia_9.srcs\sources_1\new\myFFDREna.vhd:]
WARNING: [filemgmt 56-199] Attempt to get parsing info during refresh. "On-the-fly" syntax checking information may be incorrect. [C:\Users\Facun\Desktop\TD1_TPS_Locales\Exercise_Guide_Chapter_9\guia_9\guia_9.srcs\sources_1\new\FFT.vhd:]
WARNING: [filemgmt 56-199] Attempt to get parsing info during refresh. "On-the-fly" syntax checking information may be incorrect. [C:\Users\Facun\Desktop\TD1_TPS_Locales\Exercise_Guide_Chapter_9\guia_9\guia_9.srcs\sources_1\new\myFFDREnaClr.vhd:]
WARNING: [filemgmt 56-199] Attempt to get parsing info during refresh. "On-the-fly" syntax checking information may be incorrect. [C:\Users\Facun\Desktop\TD1_TPS_Locales\Exercise_Guide_Chapter_9\guia_9\guia_9.srcs\sources_1\new\myFFDREN.vhd:]
WARNING: [filemgmt 56-199] Attempt to get parsing info during refresh. "On-the-fly" syntax checking information may be incorrect. [C:\Users\Facun\Desktop\TD1_TPS_Locales\Exercise_Guide_Chapter_9\guia_9\guia_9.srcs\sources_1\new\myLatchD_Clr.vhd:]
WARNING: [filemgmt 56-199] Attempt to get parsing info during refresh. "On-the-fly" syntax checking information may be incorrect. [C:\Users\Facun\Desktop\TD1_TPS_Locales\Exercise_Guide_Chapter_9\guia_9\guia_9.srcs\sources_1\new\myFFDR.vhd:]
WARNING: [filemgmt 56-199] Attempt to get parsing info during refresh. "On-the-fly" syntax checking information may be incorrect. [C:\Users\Facun\Desktop\TD1_TPS_Locales\Exercise_Guide_Chapter_9\guia_9\guia_9.srcs\sources_1\new\FFT.vhd:]
WARNING: [filemgmt 56-199] Attempt to get parsing info during refresh. "On-the-fly" syntax checking information may be incorrect. [C:\Users\Facun\Desktop\TD1_TPS_Locales\Exercise_Guide_Chapter_9\guia_9\guia_9.srcs\sources_1\new\FFT.vhd:]
ERROR: [Common 17-180] Spawn failed: No error
WARNING: [filemgmt 56-199] Attempt to get parsing info during refresh. "On-the-fly" syntax checking information may be incorrect. [C:\Users\Facun\Desktop\TD1_TPS_Locales\Exercise_Guide_Chapter_9\guia_9\guia_9.srcs\sources_1\new\myFFDREna.vhd:]
WARNING: [filemgmt 56-199] Attempt to get parsing info during refresh. "On-the-fly" syntax checking information may be incorrect. [C:\Users\Facun\Desktop\TD1_TPS_Locales\Exercise_Guide_Chapter_9\guia_9\guia_9.srcs\sources_1\new\FFT.vhd:]
WARNING: [filemgmt 56-199] Attempt to get parsing info during refresh. "On-the-fly" syntax checking information may be incorrect. [C:\Users\Facun\Desktop\TD1_TPS_Locales\Exercise_Guide_Chapter_9\guia_9\guia_9.srcs\sources_1\new\myFFDREnaClr.vhd:]
WARNING: [filemgmt 56-199] Attempt to get parsing info during refresh. "On-the-fly" syntax checking information may be incorrect. [C:\Users\Facun\Desktop\TD1_TPS_Locales\Exercise_Guide_Chapter_9\guia_9\guia_9.srcs\sources_1\new\myFFDREN.vhd:]
WARNING: [filemgmt 56-199] Attempt to get parsing info during refresh. "On-the-fly" syntax checking information may be incorrect. [C:\Users\Facun\Desktop\TD1_TPS_Locales\Exercise_Guide_Chapter_9\guia_9\guia_9.srcs\sources_1\new\myLatchD_Clr.vhd:]
WARNING: [filemgmt 56-199] Attempt to get parsing info during refresh. "On-the-fly" syntax checking information may be incorrect. [C:\Users\Facun\Desktop\TD1_TPS_Locales\Exercise_Guide_Chapter_9\guia_9\guia_9.srcs\sources_1\new\myFFDR.vhd:]
WARNING: [filemgmt 56-199] Attempt to get parsing info during refresh. "On-the-fly" syntax checking information may be incorrect. [C:\Users\Facun\Desktop\TD1_TPS_Locales\Exercise_Guide_Chapter_9\guia_9\guia_9.srcs\sources_1\new\myLatchD_Clr.vhd:]
WARNING: [filemgmt 56-199] Attempt to get parsing info during refresh. "On-the-fly" syntax checking information may be incorrect. [C:\Users\Facun\Desktop\TD1_TPS_Locales\Exercise_Guide_Chapter_9\guia_9\guia_9.srcs\sources_1\new\myLatchD_Clr.vhd:]
ERROR: [Common 17-180] Spawn failed: No error
WARNING: [filemgmt 56-199] Attempt to get parsing info during refresh. "On-the-fly" syntax checking information may be incorrect. [C:\Users\Facun\Desktop\TD1_TPS_Locales\Exercise_Guide_Chapter_9\guia_9\guia_9.srcs\sources_1\new\myFFDREna.vhd:]
WARNING: [filemgmt 56-199] Attempt to get parsing info during refresh. "On-the-fly" syntax checking information may be incorrect. [C:\Users\Facun\Desktop\TD1_TPS_Locales\Exercise_Guide_Chapter_9\guia_9\guia_9.srcs\sources_1\new\FFT.vhd:]
WARNING: [filemgmt 56-199] Attempt to get parsing info during refresh. "On-the-fly" syntax checking information may be incorrect. [C:\Users\Facun\Desktop\TD1_TPS_Locales\Exercise_Guide_Chapter_9\guia_9\guia_9.srcs\sources_1\new\myFFDREnaClr.vhd:]
WARNING: [filemgmt 56-199] Attempt to get parsing info during refresh. "On-the-fly" syntax checking information may be incorrect. [C:\Users\Facun\Desktop\TD1_TPS_Locales\Exercise_Guide_Chapter_9\guia_9\guia_9.srcs\sources_1\new\myFFDREN.vhd:]
WARNING: [filemgmt 56-199] Attempt to get parsing info during refresh. "On-the-fly" syntax checking information may be incorrect. [C:\Users\Facun\Desktop\TD1_TPS_Locales\Exercise_Guide_Chapter_9\guia_9\guia_9.srcs\sources_1\new\myLatchD_Clr.vhd:]
WARNING: [filemgmt 56-199] Attempt to get parsing info during refresh. "On-the-fly" syntax checking information may be incorrect. [C:\Users\Facun\Desktop\TD1_TPS_Locales\Exercise_Guide_Chapter_9\guia_9\guia_9.srcs\sources_1\new\myFFDR.vhd:]
WARNING: [filemgmt 56-199] Attempt to get parsing info during refresh. "On-the-fly" syntax checking information may be incorrect. [C:\Users\Facun\Desktop\TD1_TPS_Locales\Exercise_Guide_Chapter_9\guia_9\guia_9.srcs\sources_1\new\myFFDREna.vhd:]
WARNING: [filemgmt 56-199] Attempt to get parsing info during refresh. "On-the-fly" syntax checking information may be incorrect. [C:\Users\Facun\Desktop\TD1_TPS_Locales\Exercise_Guide_Chapter_9\guia_9\guia_9.srcs\sources_1\new\myFFDREna.vhd:]
ERROR: [Common 17-180] Spawn failed: No error
update_compile_order -fileset sim_1
WARNING: [filemgmt 56-199] Attempt to get parsing info during refresh. "On-the-fly" syntax checking information may be incorrect. [C:\Users\Facun\Desktop\TD1_TPS_Locales\Exercise_Guide_Chapter_9\guia_9\guia_9.srcs\sources_1\new\myFFDREna.vhd:]
WARNING: [filemgmt 56-199] Attempt to get parsing info during refresh. "On-the-fly" syntax checking information may be incorrect. [C:\Users\Facun\Desktop\TD1_TPS_Locales\Exercise_Guide_Chapter_9\guia_9\guia_9.srcs\sources_1\new\FFT.vhd:]
WARNING: [filemgmt 56-199] Attempt to get parsing info during refresh. "On-the-fly" syntax checking information may be incorrect. [C:\Users\Facun\Desktop\TD1_TPS_Locales\Exercise_Guide_Chapter_9\guia_9\guia_9.srcs\sources_1\new\myFFDREnaClr.vhd:]
WARNING: [filemgmt 56-199] Attempt to get parsing info during refresh. "On-the-fly" syntax checking information may be incorrect. [C:\Users\Facun\Desktop\TD1_TPS_Locales\Exercise_Guide_Chapter_9\guia_9\guia_9.srcs\sources_1\new\myFFDREN.vhd:]
WARNING: [filemgmt 56-199] Attempt to get parsing info during refresh. "On-the-fly" syntax checking information may be incorrect. [C:\Users\Facun\Desktop\TD1_TPS_Locales\Exercise_Guide_Chapter_9\guia_9\guia_9.srcs\sources_1\new\myLatchD_Clr.vhd:]
WARNING: [filemgmt 56-199] Attempt to get parsing info during refresh. "On-the-fly" syntax checking information may be incorrect. [C:\Users\Facun\Desktop\TD1_TPS_Locales\Exercise_Guide_Chapter_9\guia_9\guia_9.srcs\sources_1\new\myFFDR.vhd:]
WARNING: [filemgmt 56-199] Attempt to get parsing info during refresh. "On-the-fly" syntax checking information may be incorrect. [C:\Users\Facun\Desktop\TD1_TPS_Locales\Exercise_Guide_Chapter_9\guia_9\guia_9.srcs\sources_1\new\FFT.vhd:]
WARNING: [filemgmt 56-199] Attempt to get parsing info during refresh. "On-the-fly" syntax checking information may be incorrect. [C:\Users\Facun\Desktop\TD1_TPS_Locales\Exercise_Guide_Chapter_9\guia_9\guia_9.srcs\sources_1\new\FFT.vhd:]
WARNING: [filemgmt 56-199] Attempt to get parsing info during refresh. "On-the-fly" syntax checking information may be incorrect. [C:\Users\Facun\Desktop\TD1_TPS_Locales\Exercise_Guide_Chapter_9\guia_9\guia_9.srcs\sources_1\new\myFFDREna.vhd:]
WARNING: [filemgmt 56-199] Attempt to get parsing info during refresh. "On-the-fly" syntax checking information may be incorrect. [C:\Users\Facun\Desktop\TD1_TPS_Locales\Exercise_Guide_Chapter_9\guia_9\guia_9.srcs\sources_1\new\FFT.vhd:]
WARNING: [filemgmt 56-199] Attempt to get parsing info during refresh. "On-the-fly" syntax checking information may be incorrect. [C:\Users\Facun\Desktop\TD1_TPS_Locales\Exercise_Guide_Chapter_9\guia_9\guia_9.srcs\sources_1\new\myFFDREnaClr.vhd:]
WARNING: [filemgmt 56-199] Attempt to get parsing info during refresh. "On-the-fly" syntax checking information may be incorrect. [C:\Users\Facun\Desktop\TD1_TPS_Locales\Exercise_Guide_Chapter_9\guia_9\guia_9.srcs\sources_1\new\myFFDREN.vhd:]
WARNING: [filemgmt 56-199] Attempt to get parsing info during refresh. "On-the-fly" syntax checking information may be incorrect. [C:\Users\Facun\Desktop\TD1_TPS_Locales\Exercise_Guide_Chapter_9\guia_9\guia_9.srcs\sources_1\new\myLatchD_Clr.vhd:]
WARNING: [filemgmt 56-199] Attempt to get parsing info during refresh. "On-the-fly" syntax checking information may be incorrect. [C:\Users\Facun\Desktop\TD1_TPS_Locales\Exercise_Guide_Chapter_9\guia_9\guia_9.srcs\sources_1\new\myFFDR.vhd:]
WARNING: [filemgmt 56-199] Attempt to get parsing info during refresh. "On-the-fly" syntax checking information may be incorrect. [C:\Users\Facun\Desktop\TD1_TPS_Locales\Exercise_Guide_Chapter_9\guia_9\guia_9.srcs\sources_1\new\myFFDREna.vhd:]
WARNING: [filemgmt 56-199] Attempt to get parsing info during refresh. "On-the-fly" syntax checking information may be incorrect. [C:\Users\Facun\Desktop\TD1_TPS_Locales\Exercise_Guide_Chapter_9\guia_9\guia_9.srcs\sources_1\new\myFFDREna.vhd:]
WARNING: [filemgmt 56-199] Attempt to get parsing info during refresh. "On-the-fly" syntax checking information may be incorrect. [C:\Users\Facun\Desktop\TD1_TPS_Locales\Exercise_Guide_Chapter_9\guia_9\guia_9.srcs\sources_1\new\myFFDREna.vhd:]
WARNING: [filemgmt 56-199] Attempt to get parsing info during refresh. "On-the-fly" syntax checking information may be incorrect. [C:\Users\Facun\Desktop\TD1_TPS_Locales\Exercise_Guide_Chapter_9\guia_9\guia_9.srcs\sources_1\new\FFT.vhd:]
WARNING: [filemgmt 56-199] Attempt to get parsing info during refresh. "On-the-fly" syntax checking information may be incorrect. [C:\Users\Facun\Desktop\TD1_TPS_Locales\Exercise_Guide_Chapter_9\guia_9\guia_9.srcs\sources_1\new\myFFDREnaClr.vhd:]
WARNING: [filemgmt 56-199] Attempt to get parsing info during refresh. "On-the-fly" syntax checking information may be incorrect. [C:\Users\Facun\Desktop\TD1_TPS_Locales\Exercise_Guide_Chapter_9\guia_9\guia_9.srcs\sources_1\new\myFFDREN.vhd:]
WARNING: [filemgmt 56-199] Attempt to get parsing info during refresh. "On-the-fly" syntax checking information may be incorrect. [C:\Users\Facun\Desktop\TD1_TPS_Locales\Exercise_Guide_Chapter_9\guia_9\guia_9.srcs\sources_1\new\myLatchD_Clr.vhd:]
WARNING: [filemgmt 56-199] Attempt to get parsing info during refresh. "On-the-fly" syntax checking information may be incorrect. [C:\Users\Facun\Desktop\TD1_TPS_Locales\Exercise_Guide_Chapter_9\guia_9\guia_9.srcs\sources_1\new\myFFDR.vhd:]
WARNING: [filemgmt 56-199] Attempt to get parsing info during refresh. "On-the-fly" syntax checking information may be incorrect. [C:\Users\Facun\Desktop\TD1_TPS_Locales\Exercise_Guide_Chapter_9\guia_9\guia_9.srcs\sources_1\new\myFFDREN.vhd:]
WARNING: [filemgmt 56-199] Attempt to get parsing info during refresh. "On-the-fly" syntax checking information may be incorrect. [C:\Users\Facun\Desktop\TD1_TPS_Locales\Exercise_Guide_Chapter_9\guia_9\guia_9.srcs\sources_1\new\myFFDREN.vhd:]
ERROR: [Common 17-180] Spawn failed: No error
WARNING: [filemgmt 56-199] Attempt to get parsing info during refresh. "On-the-fly" syntax checking information may be incorrect. [C:\Users\Facun\Desktop\TD1_TPS_Locales\Exercise_Guide_Chapter_9\guia_9\guia_9.srcs\sources_1\new\myFFDREna.vhd:]
WARNING: [filemgmt 56-199] Attempt to get parsing info during refresh. "On-the-fly" syntax checking information may be incorrect. [C:\Users\Facun\Desktop\TD1_TPS_Locales\Exercise_Guide_Chapter_9\guia_9\guia_9.srcs\sources_1\new\FFT.vhd:]
WARNING: [filemgmt 56-199] Attempt to get parsing info during refresh. "On-the-fly" syntax checking information may be incorrect. [C:\Users\Facun\Desktop\TD1_TPS_Locales\Exercise_Guide_Chapter_9\guia_9\guia_9.srcs\sources_1\new\myFFDREnaClr.vhd:]
WARNING: [filemgmt 56-199] Attempt to get parsing info during refresh. "On-the-fly" syntax checking information may be incorrect. [C:\Users\Facun\Desktop\TD1_TPS_Locales\Exercise_Guide_Chapter_9\guia_9\guia_9.srcs\sources_1\new\myFFDREN.vhd:]
WARNING: [filemgmt 56-199] Attempt to get parsing info during refresh. "On-the-fly" syntax checking information may be incorrect. [C:\Users\Facun\Desktop\TD1_TPS_Locales\Exercise_Guide_Chapter_9\guia_9\guia_9.srcs\sources_1\new\myLatchD_Clr.vhd:]
WARNING: [filemgmt 56-199] Attempt to get parsing info during refresh. "On-the-fly" syntax checking information may be incorrect. [C:\Users\Facun\Desktop\TD1_TPS_Locales\Exercise_Guide_Chapter_9\guia_9\guia_9.srcs\sources_1\new\myFFDR.vhd:]
WARNING: [filemgmt 56-199] Attempt to get parsing info during refresh. "On-the-fly" syntax checking information may be incorrect. [C:\Users\Facun\Desktop\TD1_TPS_Locales\Exercise_Guide_Chapter_9\guia_9\guia_9.srcs\sources_1\new\myLatchD_Clr.vhd:]
WARNING: [filemgmt 56-199] Attempt to get parsing info during refresh. "On-the-fly" syntax checking information may be incorrect. [C:\Users\Facun\Desktop\TD1_TPS_Locales\Exercise_Guide_Chapter_9\guia_9\guia_9.srcs\sources_1\new\myLatchD_Clr.vhd:]
ERROR: [Common 17-180] Spawn failed: No error
WARNING: [filemgmt 56-199] Attempt to get parsing info during refresh. "On-the-fly" syntax checking information may be incorrect. [C:\Users\Facun\Desktop\TD1_TPS_Locales\Exercise_Guide_Chapter_9\guia_9\guia_9.srcs\sources_1\new\myFFDREna.vhd:]
WARNING: [filemgmt 56-199] Attempt to get parsing info during refresh. "On-the-fly" syntax checking information may be incorrect. [C:\Users\Facun\Desktop\TD1_TPS_Locales\Exercise_Guide_Chapter_9\guia_9\guia_9.srcs\sources_1\new\FFT.vhd:]
WARNING: [filemgmt 56-199] Attempt to get parsing info during refresh. "On-the-fly" syntax checking information may be incorrect. [C:\Users\Facun\Desktop\TD1_TPS_Locales\Exercise_Guide_Chapter_9\guia_9\guia_9.srcs\sources_1\new\myFFDREnaClr.vhd:]
WARNING: [filemgmt 56-199] Attempt to get parsing info during refresh. "On-the-fly" syntax checking information may be incorrect. [C:\Users\Facun\Desktop\TD1_TPS_Locales\Exercise_Guide_Chapter_9\guia_9\guia_9.srcs\sources_1\new\myFFDREN.vhd:]
WARNING: [filemgmt 56-199] Attempt to get parsing info during refresh. "On-the-fly" syntax checking information may be incorrect. [C:\Users\Facun\Desktop\TD1_TPS_Locales\Exercise_Guide_Chapter_9\guia_9\guia_9.srcs\sources_1\new\myLatchD_Clr.vhd:]
WARNING: [filemgmt 56-199] Attempt to get parsing info during refresh. "On-the-fly" syntax checking information may be incorrect. [C:\Users\Facun\Desktop\TD1_TPS_Locales\Exercise_Guide_Chapter_9\guia_9\guia_9.srcs\sources_1\new\myFFDR.vhd:]
WARNING: [filemgmt 56-199] Attempt to get parsing info during refresh. "On-the-fly" syntax checking information may be incorrect. [C:\Users\Facun\Desktop\TD1_TPS_Locales\Exercise_Guide_Chapter_9\guia_9\guia_9.srcs\sources_1\new\myFFDREnaClr.vhd:]
WARNING: [filemgmt 56-199] Attempt to get parsing info during refresh. "On-the-fly" syntax checking information may be incorrect. [C:\Users\Facun\Desktop\TD1_TPS_Locales\Exercise_Guide_Chapter_9\guia_9\guia_9.srcs\sources_1\new\myFFDREnaClr.vhd:]
ERROR: [Common 17-180] Spawn failed: No error
close [ open C:/Users/Facun/Desktop/TD1_TPS_Locales/Exercise_Guide_Chapter_9/guia_9/guia_9.srcs/sources_1/new/myLatchD.vhd w ]
add_files C:/Users/Facun/Desktop/TD1_TPS_Locales/Exercise_Guide_Chapter_9/guia_9/guia_9.srcs/sources_1/new/myLatchD.vhd
WARNING: [filemgmt 56-199] Attempt to get parsing info during refresh. "On-the-fly" syntax checking information may be incorrect. [C:\Users\Facun\Desktop\TD1_TPS_Locales\Exercise_Guide_Chapter_9\guia_9\guia_9.srcs\sources_1\new\myFFDREna.vhd:]
WARNING: [filemgmt 56-199] Attempt to get parsing info during refresh. "On-the-fly" syntax checking information may be incorrect. [C:\Users\Facun\Desktop\TD1_TPS_Locales\Exercise_Guide_Chapter_9\guia_9\guia_9.srcs\sources_1\new\FFT.vhd:]
WARNING: [filemgmt 56-199] Attempt to get parsing info during refresh. "On-the-fly" syntax checking information may be incorrect. [C:\Users\Facun\Desktop\TD1_TPS_Locales\Exercise_Guide_Chapter_9\guia_9\guia_9.srcs\sources_1\new\myFFDREnaClr.vhd:]
WARNING: [filemgmt 56-199] Attempt to get parsing info during refresh. "On-the-fly" syntax checking information may be incorrect. [C:\Users\Facun\Desktop\TD1_TPS_Locales\Exercise_Guide_Chapter_9\guia_9\guia_9.srcs\sources_1\new\myFFDREN.vhd:]
WARNING: [filemgmt 56-199] Attempt to get parsing info during refresh. "On-the-fly" syntax checking information may be incorrect. [C:\Users\Facun\Desktop\TD1_TPS_Locales\Exercise_Guide_Chapter_9\guia_9\guia_9.srcs\sources_1\new\myLatchD_Clr.vhd:]
WARNING: [filemgmt 56-199] Attempt to get parsing info during refresh. "On-the-fly" syntax checking information may be incorrect. [C:\Users\Facun\Desktop\TD1_TPS_Locales\Exercise_Guide_Chapter_9\guia_9\guia_9.srcs\sources_1\new\myFFDR.vhd:]
WARNING: [filemgmt 56-199] Attempt to get parsing info during refresh. "On-the-fly" syntax checking information may be incorrect. [C:\Users\Facun\Desktop\TD1_TPS_Locales\Exercise_Guide_Chapter_9\guia_9\guia_9.srcs\sources_1\new\myFFDR.vhd:]
WARNING: [filemgmt 56-199] Attempt to get parsing info during refresh. "On-the-fly" syntax checking information may be incorrect. [C:\Users\Facun\Desktop\TD1_TPS_Locales\Exercise_Guide_Chapter_9\guia_9\guia_9.srcs\sources_1\new\myFFDR.vhd:]
WARNING: [filemgmt 56-199] Attempt to get parsing info during refresh. "On-the-fly" syntax checking information may be incorrect. [C:\Users\Facun\Desktop\TD1_TPS_Locales\Exercise_Guide_Chapter_9\guia_9\guia_9.srcs\sources_1\new\myFFDREna.vhd:]
WARNING: [filemgmt 56-199] Attempt to get parsing info during refresh. "On-the-fly" syntax checking information may be incorrect. [C:\Users\Facun\Desktop\TD1_TPS_Locales\Exercise_Guide_Chapter_9\guia_9\guia_9.srcs\sources_1\new\FFT.vhd:]
WARNING: [filemgmt 56-199] Attempt to get parsing info during refresh. "On-the-fly" syntax checking information may be incorrect. [C:\Users\Facun\Desktop\TD1_TPS_Locales\Exercise_Guide_Chapter_9\guia_9\guia_9.srcs\sources_1\new\myFFDREnaClr.vhd:]
WARNING: [filemgmt 56-199] Attempt to get parsing info during refresh. "On-the-fly" syntax checking information may be incorrect. [C:\Users\Facun\Desktop\TD1_TPS_Locales\Exercise_Guide_Chapter_9\guia_9\guia_9.srcs\sources_1\new\myFFDREN.vhd:]
WARNING: [filemgmt 56-199] Attempt to get parsing info during refresh. "On-the-fly" syntax checking information may be incorrect. [C:\Users\Facun\Desktop\TD1_TPS_Locales\Exercise_Guide_Chapter_9\guia_9\guia_9.srcs\sources_1\new\myLatchD_Clr.vhd:]
WARNING: [filemgmt 56-199] Attempt to get parsing info during refresh. "On-the-fly" syntax checking information may be incorrect. [C:\Users\Facun\Desktop\TD1_TPS_Locales\Exercise_Guide_Chapter_9\guia_9\guia_9.srcs\sources_1\new\myFFDR.vhd:]
WARNING: [filemgmt 56-199] Attempt to get parsing info during refresh. "On-the-fly" syntax checking information may be incorrect. [C:\Users\Facun\Desktop\TD1_TPS_Locales\Exercise_Guide_Chapter_9\guia_9\guia_9.srcs\sources_1\new\myFFDREnaClr.vhd:]
WARNING: [filemgmt 56-199] Attempt to get parsing info during refresh. "On-the-fly" syntax checking information may be incorrect. [C:\Users\Facun\Desktop\TD1_TPS_Locales\Exercise_Guide_Chapter_9\guia_9\guia_9.srcs\sources_1\new\myFFDREnaClr.vhd:]
WARNING: [filemgmt 56-199] Attempt to get parsing info during refresh. "On-the-fly" syntax checking information may be incorrect. [C:\Users\Facun\Desktop\TD1_TPS_Locales\Exercise_Guide_Chapter_9\guia_9\guia_9.srcs\sources_1\new\myFFDREna.vhd:]
WARNING: [filemgmt 56-199] Attempt to get parsing info during refresh. "On-the-fly" syntax checking information may be incorrect. [C:\Users\Facun\Desktop\TD1_TPS_Locales\Exercise_Guide_Chapter_9\guia_9\guia_9.srcs\sources_1\new\FFT.vhd:]
WARNING: [filemgmt 56-199] Attempt to get parsing info during refresh. "On-the-fly" syntax checking information may be incorrect. [C:\Users\Facun\Desktop\TD1_TPS_Locales\Exercise_Guide_Chapter_9\guia_9\guia_9.srcs\sources_1\new\myFFDREnaClr.vhd:]
WARNING: [filemgmt 56-199] Attempt to get parsing info during refresh. "On-the-fly" syntax checking information may be incorrect. [C:\Users\Facun\Desktop\TD1_TPS_Locales\Exercise_Guide_Chapter_9\guia_9\guia_9.srcs\sources_1\new\myFFDREN.vhd:]
WARNING: [filemgmt 56-199] Attempt to get parsing info during refresh. "On-the-fly" syntax checking information may be incorrect. [C:\Users\Facun\Desktop\TD1_TPS_Locales\Exercise_Guide_Chapter_9\guia_9\guia_9.srcs\sources_1\new\myLatchD_Clr.vhd:]
WARNING: [filemgmt 56-199] Attempt to get parsing info during refresh. "On-the-fly" syntax checking information may be incorrect. [C:\Users\Facun\Desktop\TD1_TPS_Locales\Exercise_Guide_Chapter_9\guia_9\guia_9.srcs\sources_1\new\myFFDR.vhd:]
WARNING: [filemgmt 56-199] Attempt to get parsing info during refresh. "On-the-fly" syntax checking information may be incorrect. [C:\Users\Facun\Desktop\TD1_TPS_Locales\Exercise_Guide_Chapter_9\guia_9\guia_9.srcs\sources_1\new\FFT.vhd:]
WARNING: [filemgmt 56-199] Attempt to get parsing info during refresh. "On-the-fly" syntax checking information may be incorrect. [C:\Users\Facun\Desktop\TD1_TPS_Locales\Exercise_Guide_Chapter_9\guia_9\guia_9.srcs\sources_1\new\FFT.vhd:]
WARNING: [filemgmt 56-199] Attempt to get parsing info during refresh. "On-the-fly" syntax checking information may be incorrect. [C:\Users\Facun\Desktop\TD1_TPS_Locales\Exercise_Guide_Chapter_9\guia_9\guia_9.srcs\sources_1\new\myFFDREna.vhd:]
WARNING: [filemgmt 56-199] Attempt to get parsing info during refresh. "On-the-fly" syntax checking information may be incorrect. [C:\Users\Facun\Desktop\TD1_TPS_Locales\Exercise_Guide_Chapter_9\guia_9\guia_9.srcs\sources_1\new\FFT.vhd:]
WARNING: [filemgmt 56-199] Attempt to get parsing info during refresh. "On-the-fly" syntax checking information may be incorrect. [C:\Users\Facun\Desktop\TD1_TPS_Locales\Exercise_Guide_Chapter_9\guia_9\guia_9.srcs\sources_1\new\myFFDREnaClr.vhd:]
WARNING: [filemgmt 56-199] Attempt to get parsing info during refresh. "On-the-fly" syntax checking information may be incorrect. [C:\Users\Facun\Desktop\TD1_TPS_Locales\Exercise_Guide_Chapter_9\guia_9\guia_9.srcs\sources_1\new\myFFDREN.vhd:]
WARNING: [filemgmt 56-199] Attempt to get parsing info during refresh. "On-the-fly" syntax checking information may be incorrect. [C:\Users\Facun\Desktop\TD1_TPS_Locales\Exercise_Guide_Chapter_9\guia_9\guia_9.srcs\sources_1\new\myLatchD_Clr.vhd:]
WARNING: [filemgmt 56-199] Attempt to get parsing info during refresh. "On-the-fly" syntax checking information may be incorrect. [C:\Users\Facun\Desktop\TD1_TPS_Locales\Exercise_Guide_Chapter_9\guia_9\guia_9.srcs\sources_1\new\myFFDR.vhd:]
WARNING: [filemgmt 56-199] Attempt to get parsing info during refresh. "On-the-fly" syntax checking information may be incorrect. [C:\Users\Facun\Desktop\TD1_TPS_Locales\Exercise_Guide_Chapter_9\guia_9\guia_9.srcs\sources_1\new\myFFDREna.vhd:]
WARNING: [filemgmt 56-199] Attempt to get parsing info during refresh. "On-the-fly" syntax checking information may be incorrect. [C:\Users\Facun\Desktop\TD1_TPS_Locales\Exercise_Guide_Chapter_9\guia_9\guia_9.srcs\sources_1\new\myFFDREna.vhd:]
ERROR: [Common 17-180] Spawn failed: No error
WARNING: [filemgmt 56-199] Attempt to get parsing info during refresh. "On-the-fly" syntax checking information may be incorrect. [C:\Users\Facun\Desktop\TD1_TPS_Locales\Exercise_Guide_Chapter_9\guia_9\guia_9.srcs\sources_1\new\myFFDREna.vhd:]
WARNING: [filemgmt 56-199] Attempt to get parsing info during refresh. "On-the-fly" syntax checking information may be incorrect. [C:\Users\Facun\Desktop\TD1_TPS_Locales\Exercise_Guide_Chapter_9\guia_9\guia_9.srcs\sources_1\new\FFT.vhd:]
WARNING: [filemgmt 56-199] Attempt to get parsing info during refresh. "On-the-fly" syntax checking information may be incorrect. [C:\Users\Facun\Desktop\TD1_TPS_Locales\Exercise_Guide_Chapter_9\guia_9\guia_9.srcs\sources_1\new\myFFDREnaClr.vhd:]
WARNING: [filemgmt 56-199] Attempt to get parsing info during refresh. "On-the-fly" syntax checking information may be incorrect. [C:\Users\Facun\Desktop\TD1_TPS_Locales\Exercise_Guide_Chapter_9\guia_9\guia_9.srcs\sources_1\new\myFFDREN.vhd:]
WARNING: [filemgmt 56-199] Attempt to get parsing info during refresh. "On-the-fly" syntax checking information may be incorrect. [C:\Users\Facun\Desktop\TD1_TPS_Locales\Exercise_Guide_Chapter_9\guia_9\guia_9.srcs\sources_1\new\myLatchD_Clr.vhd:]
WARNING: [filemgmt 56-199] Attempt to get parsing info during refresh. "On-the-fly" syntax checking information may be incorrect. [C:\Users\Facun\Desktop\TD1_TPS_Locales\Exercise_Guide_Chapter_9\guia_9\guia_9.srcs\sources_1\new\myFFDR.vhd:]
WARNING: [filemgmt 56-199] Attempt to get parsing info during refresh. "On-the-fly" syntax checking information may be incorrect. [C:\Users\Facun\Desktop\TD1_TPS_Locales\Exercise_Guide_Chapter_9\guia_9\guia_9.srcs\sources_1\new\myLatchD_Clr.vhd:]
WARNING: [filemgmt 56-199] Attempt to get parsing info during refresh. "On-the-fly" syntax checking information may be incorrect. [C:\Users\Facun\Desktop\TD1_TPS_Locales\Exercise_Guide_Chapter_9\guia_9\guia_9.srcs\sources_1\new\myLatchD_Clr.vhd:]
ERROR: [Common 17-180] Spawn failed: No error
WARNING: [filemgmt 56-199] Attempt to get parsing info during refresh. "On-the-fly" syntax checking information may be incorrect. [C:\Users\Facun\Desktop\TD1_TPS_Locales\Exercise_Guide_Chapter_9\guia_9\guia_9.srcs\sources_1\new\myFFDREna.vhd:]
WARNING: [filemgmt 56-199] Attempt to get parsing info during refresh. "On-the-fly" syntax checking information may be incorrect. [C:\Users\Facun\Desktop\TD1_TPS_Locales\Exercise_Guide_Chapter_9\guia_9\guia_9.srcs\sources_1\new\FFT.vhd:]
WARNING: [filemgmt 56-199] Attempt to get parsing info during refresh. "On-the-fly" syntax checking information may be incorrect. [C:\Users\Facun\Desktop\TD1_TPS_Locales\Exercise_Guide_Chapter_9\guia_9\guia_9.srcs\sources_1\new\myFFDREnaClr.vhd:]
WARNING: [filemgmt 56-199] Attempt to get parsing info during refresh. "On-the-fly" syntax checking information may be incorrect. [C:\Users\Facun\Desktop\TD1_TPS_Locales\Exercise_Guide_Chapter_9\guia_9\guia_9.srcs\sources_1\new\myFFDREN.vhd:]
WARNING: [filemgmt 56-199] Attempt to get parsing info during refresh. "On-the-fly" syntax checking information may be incorrect. [C:\Users\Facun\Desktop\TD1_TPS_Locales\Exercise_Guide_Chapter_9\guia_9\guia_9.srcs\sources_1\new\myLatchD_Clr.vhd:]
WARNING: [filemgmt 56-199] Attempt to get parsing info during refresh. "On-the-fly" syntax checking information may be incorrect. [C:\Users\Facun\Desktop\TD1_TPS_Locales\Exercise_Guide_Chapter_9\guia_9\guia_9.srcs\sources_1\new\myFFDR.vhd:]
WARNING: [filemgmt 56-199] Attempt to get parsing info during refresh. "On-the-fly" syntax checking information may be incorrect. [C:\Users\Facun\Desktop\TD1_TPS_Locales\Exercise_Guide_Chapter_9\guia_9\guia_9.srcs\sources_1\new\myFFDR.vhd:]
WARNING: [filemgmt 56-199] Attempt to get parsing info during refresh. "On-the-fly" syntax checking information may be incorrect. [C:\Users\Facun\Desktop\TD1_TPS_Locales\Exercise_Guide_Chapter_9\guia_9\guia_9.srcs\sources_1\new\myFFDR.vhd:]
WARNING: [filemgmt 56-199] Attempt to get parsing info during refresh. "On-the-fly" syntax checking information may be incorrect. [C:\Users\Facun\Desktop\TD1_TPS_Locales\Exercise_Guide_Chapter_9\guia_9\guia_9.srcs\sources_1\new\myFFDREna.vhd:]
WARNING: [filemgmt 56-199] Attempt to get parsing info during refresh. "On-the-fly" syntax checking information may be incorrect. [C:\Users\Facun\Desktop\TD1_TPS_Locales\Exercise_Guide_Chapter_9\guia_9\guia_9.srcs\sources_1\new\FFT.vhd:]
WARNING: [filemgmt 56-199] Attempt to get parsing info during refresh. "On-the-fly" syntax checking information may be incorrect. [C:\Users\Facun\Desktop\TD1_TPS_Locales\Exercise_Guide_Chapter_9\guia_9\guia_9.srcs\sources_1\new\myFFDREnaClr.vhd:]
WARNING: [filemgmt 56-199] Attempt to get parsing info during refresh. "On-the-fly" syntax checking information may be incorrect. [C:\Users\Facun\Desktop\TD1_TPS_Locales\Exercise_Guide_Chapter_9\guia_9\guia_9.srcs\sources_1\new\myFFDREN.vhd:]
WARNING: [filemgmt 56-199] Attempt to get parsing info during refresh. "On-the-fly" syntax checking information may be incorrect. [C:\Users\Facun\Desktop\TD1_TPS_Locales\Exercise_Guide_Chapter_9\guia_9\guia_9.srcs\sources_1\new\myLatchD_Clr.vhd:]
WARNING: [filemgmt 56-199] Attempt to get parsing info during refresh. "On-the-fly" syntax checking information may be incorrect. [C:\Users\Facun\Desktop\TD1_TPS_Locales\Exercise_Guide_Chapter_9\guia_9\guia_9.srcs\sources_1\new\myFFDR.vhd:]
WARNING: [filemgmt 56-199] Attempt to get parsing info during refresh. "On-the-fly" syntax checking information may be incorrect. [C:\Users\Facun\Desktop\TD1_TPS_Locales\Exercise_Guide_Chapter_9\guia_9\guia_9.srcs\sources_1\new\myFFDREnaClr.vhd:]
WARNING: [filemgmt 56-199] Attempt to get parsing info during refresh. "On-the-fly" syntax checking information may be incorrect. [C:\Users\Facun\Desktop\TD1_TPS_Locales\Exercise_Guide_Chapter_9\guia_9\guia_9.srcs\sources_1\new\myFFDREnaClr.vhd:]
WARNING: [filemgmt 56-199] Attempt to get parsing info during refresh. "On-the-fly" syntax checking information may be incorrect. [C:\Users\Facun\Desktop\TD1_TPS_Locales\Exercise_Guide_Chapter_9\guia_9\guia_9.srcs\sources_1\new\myFFDREna.vhd:]
WARNING: [filemgmt 56-199] Attempt to get parsing info during refresh. "On-the-fly" syntax checking information may be incorrect. [C:\Users\Facun\Desktop\TD1_TPS_Locales\Exercise_Guide_Chapter_9\guia_9\guia_9.srcs\sources_1\new\FFT.vhd:]
WARNING: [filemgmt 56-199] Attempt to get parsing info during refresh. "On-the-fly" syntax checking information may be incorrect. [C:\Users\Facun\Desktop\TD1_TPS_Locales\Exercise_Guide_Chapter_9\guia_9\guia_9.srcs\sources_1\new\myFFDREnaClr.vhd:]
WARNING: [filemgmt 56-199] Attempt to get parsing info during refresh. "On-the-fly" syntax checking information may be incorrect. [C:\Users\Facun\Desktop\TD1_TPS_Locales\Exercise_Guide_Chapter_9\guia_9\guia_9.srcs\sources_1\new\myFFDREN.vhd:]
WARNING: [filemgmt 56-199] Attempt to get parsing info during refresh. "On-the-fly" syntax checking information may be incorrect. [C:\Users\Facun\Desktop\TD1_TPS_Locales\Exercise_Guide_Chapter_9\guia_9\guia_9.srcs\sources_1\new\myLatchD_Clr.vhd:]
WARNING: [filemgmt 56-199] Attempt to get parsing info during refresh. "On-the-fly" syntax checking information may be incorrect. [C:\Users\Facun\Desktop\TD1_TPS_Locales\Exercise_Guide_Chapter_9\guia_9\guia_9.srcs\sources_1\new\myFFDR.vhd:]
WARNING: [filemgmt 56-199] Attempt to get parsing info during refresh. "On-the-fly" syntax checking information may be incorrect. [C:\Users\Facun\Desktop\TD1_TPS_Locales\Exercise_Guide_Chapter_9\guia_9\guia_9.srcs\sources_1\new\FFT.vhd:]
WARNING: [filemgmt 56-199] Attempt to get parsing info during refresh. "On-the-fly" syntax checking information may be incorrect. [C:\Users\Facun\Desktop\TD1_TPS_Locales\Exercise_Guide_Chapter_9\guia_9\guia_9.srcs\sources_1\new\FFT.vhd:]
ERROR: [Common 17-180] Spawn failed: No error
WARNING: [filemgmt 56-199] Attempt to get parsing info during refresh. "On-the-fly" syntax checking information may be incorrect. [C:\Users\Facun\Desktop\TD1_TPS_Locales\Exercise_Guide_Chapter_9\guia_9\guia_9.srcs\sources_1\new\myFFDREna.vhd:]
WARNING: [filemgmt 56-199] Attempt to get parsing info during refresh. "On-the-fly" syntax checking information may be incorrect. [C:\Users\Facun\Desktop\TD1_TPS_Locales\Exercise_Guide_Chapter_9\guia_9\guia_9.srcs\sources_1\new\FFT.vhd:]
WARNING: [filemgmt 56-199] Attempt to get parsing info during refresh. "On-the-fly" syntax checking information may be incorrect. [C:\Users\Facun\Desktop\TD1_TPS_Locales\Exercise_Guide_Chapter_9\guia_9\guia_9.srcs\sources_1\new\myFFDREnaClr.vhd:]
WARNING: [filemgmt 56-199] Attempt to get parsing info during refresh. "On-the-fly" syntax checking information may be incorrect. [C:\Users\Facun\Desktop\TD1_TPS_Locales\Exercise_Guide_Chapter_9\guia_9\guia_9.srcs\sources_1\new\myFFDREN.vhd:]
WARNING: [filemgmt 56-199] Attempt to get parsing info during refresh. "On-the-fly" syntax checking information may be incorrect. [C:\Users\Facun\Desktop\TD1_TPS_Locales\Exercise_Guide_Chapter_9\guia_9\guia_9.srcs\sources_1\new\myLatchD_Clr.vhd:]
WARNING: [filemgmt 56-199] Attempt to get parsing info during refresh. "On-the-fly" syntax checking information may be incorrect. [C:\Users\Facun\Desktop\TD1_TPS_Locales\Exercise_Guide_Chapter_9\guia_9\guia_9.srcs\sources_1\new\myLatchD_Clr.vhd:]
WARNING: [filemgmt 56-199] Attempt to get parsing info during refresh. "On-the-fly" syntax checking information may be incorrect. [C:\Users\Facun\Desktop\TD1_TPS_Locales\Exercise_Guide_Chapter_9\guia_9\guia_9.srcs\sources_1\new\myLatchD_Clr.vhd:]
ERROR: [Common 17-180] Spawn failed: No error
ERROR: [Common 17-180] Spawn failed: No error
WARNING: [filemgmt 56-199] Attempt to get parsing info during refresh. "On-the-fly" syntax checking information may be incorrect. [C:\Users\Facun\Desktop\TD1_TPS_Locales\Exercise_Guide_Chapter_9\guia_9\guia_9.srcs\sources_1\new\myFFDREna.vhd:]
WARNING: [filemgmt 56-199] Attempt to get parsing info during refresh. "On-the-fly" syntax checking information may be incorrect. [C:\Users\Facun\Desktop\TD1_TPS_Locales\Exercise_Guide_Chapter_9\guia_9\guia_9.srcs\sources_1\new\FFT.vhd:]
update_compile_order -fileset sources_1
WARNING: [filemgmt 56-199] Attempt to get parsing info during refresh. "On-the-fly" syntax checking information may be incorrect. [C:\Users\Facun\Desktop\TD1_TPS_Locales\Exercise_Guide_Chapter_9\guia_9\guia_9.srcs\sources_1\new\FFT.vhd:]
WARNING: [filemgmt 56-199] Attempt to get parsing info during refresh. "On-the-fly" syntax checking information may be incorrect. [C:\Users\Facun\Desktop\TD1_TPS_Locales\Exercise_Guide_Chapter_9\guia_9\guia_9.srcs\sources_1\new\myFFDREnaClr.vhd:]
WARNING: [filemgmt 56-199] Attempt to get parsing info during refresh. "On-the-fly" syntax checking information may be incorrect. [C:\Users\Facun\Desktop\TD1_TPS_Locales\Exercise_Guide_Chapter_9\guia_9\guia_9.srcs\sources_1\new\myFFDREN.vhd:]
WARNING: [filemgmt 56-199] Attempt to get parsing info during refresh. "On-the-fly" syntax checking information may be incorrect. [C:\Users\Facun\Desktop\TD1_TPS_Locales\Exercise_Guide_Chapter_9\guia_9\guia_9.srcs\sources_1\new\myFFDREN.vhd:]
WARNING: [filemgmt 56-199] Attempt to get parsing info during refresh. "On-the-fly" syntax checking information may be incorrect. [C:\Users\Facun\Desktop\TD1_TPS_Locales\Exercise_Guide_Chapter_9\guia_9\guia_9.srcs\sources_1\new\myFFDREN.vhd:]
WARNING: [filemgmt 56-199] Attempt to get parsing info during refresh. "On-the-fly" syntax checking information may be incorrect. [C:\Users\Facun\Desktop\TD1_TPS_Locales\Exercise_Guide_Chapter_9\guia_9\guia_9.srcs\sources_1\new\FFT.vhd:]
WARNING: [filemgmt 56-199] Attempt to get parsing info during refresh. "On-the-fly" syntax checking information may be incorrect. [C:\Users\Facun\Desktop\TD1_TPS_Locales\Exercise_Guide_Chapter_9\guia_9\guia_9.srcs\sources_1\new\FFT.vhd:]
WARNING: [filemgmt 56-199] Attempt to get parsing info during refresh. "On-the-fly" syntax checking information may be incorrect. [C:\Users\Facun\Desktop\TD1_TPS_Locales\Exercise_Guide_Chapter_9\guia_9\guia_9.srcs\sources_1\new\FFT.vhd:]
close [ open C:/Users/Facun/Desktop/TD1_TPS_Locales/Exercise_Guide_Chapter_9/guia_9/guia_9.srcs/sources_1/new/myFFDR_Rasync.vhd w ]
add_files C:/Users/Facun/Desktop/TD1_TPS_Locales/Exercise_Guide_Chapter_9/guia_9/guia_9.srcs/sources_1/new/myFFDR_Rasync.vhd
update_compile_order -fileset sources_1
WARNING: [filemgmt 56-199] Attempt to get parsing info during refresh. "On-the-fly" syntax checking information may be incorrect. [C:\Users\Facun\Desktop\TD1_TPS_Locales\Exercise_Guide_Chapter_9\guia_9\guia_9.srcs\sources_1\new\myFFDR_Rasync.vhd:]
WARNING: [filemgmt 56-199] Attempt to get parsing info during refresh. "On-the-fly" syntax checking information may be incorrect. [C:\Users\Facun\Desktop\TD1_TPS_Locales\Exercise_Guide_Chapter_9\guia_9\guia_9.srcs\sources_1\new\myLatchD.vhd:]
WARNING: [filemgmt 56-199] Attempt to get parsing info during refresh. "On-the-fly" syntax checking information may be incorrect. [C:\Users\Facun\Desktop\TD1_TPS_Locales\Exercise_Guide_Chapter_9\guia_9\guia_9.srcs\sources_1\new\myLatchD.vhd:]
WARNING: [filemgmt 56-199] Attempt to get parsing info during refresh. "On-the-fly" syntax checking information may be incorrect. [C:\Users\Facun\Desktop\TD1_TPS_Locales\Exercise_Guide_Chapter_9\guia_9\guia_9.srcs\sources_1\new\myLatchD.vhd:]
ERROR: [Common 17-180] Spawn failed: No error
WARNING: [filemgmt 56-199] Attempt to get parsing info during refresh. "On-the-fly" syntax checking information may be incorrect. [C:\Users\Facun\Desktop\TD1_TPS_Locales\Exercise_Guide_Chapter_9\guia_9\guia_9.srcs\sources_1\new\myFFDR_Rasync.vhd:]
WARNING: [filemgmt 56-199] Attempt to get parsing info during refresh. "On-the-fly" syntax checking information may be incorrect. [C:\Users\Facun\Desktop\TD1_TPS_Locales\Exercise_Guide_Chapter_9\guia_9\guia_9.srcs\sources_1\new\myLatchD.vhd:]
WARNING: [filemgmt 56-199] Attempt to get parsing info during refresh. "On-the-fly" syntax checking information may be incorrect. [C:\Users\Facun\Desktop\TD1_TPS_Locales\Exercise_Guide_Chapter_9\guia_9\guia_9.srcs\sources_1\new\myFFDR_Rasync.vhd:]
WARNING: [filemgmt 56-199] Attempt to get parsing info during refresh. "On-the-fly" syntax checking information may be incorrect. [C:\Users\Facun\Desktop\TD1_TPS_Locales\Exercise_Guide_Chapter_9\guia_9\guia_9.srcs\sources_1\new\myFFDR_Rasync.vhd:]
ERROR: [Common 17-180] Spawn failed: No error
WARNING: [filemgmt 56-199] Attempt to get parsing info during refresh. "On-the-fly" syntax checking information may be incorrect. [C:\Users\Facun\Desktop\TD1_TPS_Locales\Exercise_Guide_Chapter_9\guia_9\guia_9.srcs\sources_1\new\myFFDR_Rasync.vhd:]
WARNING: [filemgmt 56-199] Attempt to get parsing info during refresh. "On-the-fly" syntax checking information may be incorrect. [C:\Users\Facun\Desktop\TD1_TPS_Locales\Exercise_Guide_Chapter_9\guia_9\guia_9.srcs\sources_1\new\myLatchD.vhd:]
WARNING: [filemgmt 56-199] Attempt to get parsing info during refresh. "On-the-fly" syntax checking information may be incorrect. [C:\Users\Facun\Desktop\TD1_TPS_Locales\Exercise_Guide_Chapter_9\guia_9\guia_9.srcs\sources_1\new\myFFDR_Rasync.vhd:]
WARNING: [filemgmt 56-199] Attempt to get parsing info during refresh. "On-the-fly" syntax checking information may be incorrect. [C:\Users\Facun\Desktop\TD1_TPS_Locales\Exercise_Guide_Chapter_9\guia_9\guia_9.srcs\sources_1\new\myFFDR_Rasync.vhd:]
ERROR: [Common 17-180] Spawn failed: No error
WARNING: [filemgmt 56-199] Attempt to get parsing info during refresh. "On-the-fly" syntax checking information may be incorrect. [C:\Users\Facun\Desktop\TD1_TPS_Locales\Exercise_Guide_Chapter_9\guia_9\guia_9.srcs\sources_1\new\myFFDR_Rasync.vhd:]
WARNING: [filemgmt 56-199] Attempt to get parsing info during refresh. "On-the-fly" syntax checking information may be incorrect. [C:\Users\Facun\Desktop\TD1_TPS_Locales\Exercise_Guide_Chapter_9\guia_9\guia_9.srcs\sources_1\new\myLatchD.vhd:]
WARNING: [filemgmt 56-199] Attempt to get parsing info during refresh. "On-the-fly" syntax checking information may be incorrect. [C:\Users\Facun\Desktop\TD1_TPS_Locales\Exercise_Guide_Chapter_9\guia_9\guia_9.srcs\sources_1\new\myFFDR_Rasync.vhd:]
WARNING: [filemgmt 56-199] Attempt to get parsing info during refresh. "On-the-fly" syntax checking information may be incorrect. [C:\Users\Facun\Desktop\TD1_TPS_Locales\Exercise_Guide_Chapter_9\guia_9\guia_9.srcs\sources_1\new\myFFDR_Rasync.vhd:]
ERROR: [Common 17-180] Spawn failed: No error
WARNING: [filemgmt 56-199] Attempt to get parsing info during refresh. "On-the-fly" syntax checking information may be incorrect. [C:\Users\Facun\Desktop\TD1_TPS_Locales\Exercise_Guide_Chapter_9\guia_9\guia_9.srcs\sources_1\new\myFFDR_Rasync.vhd:]
WARNING: [filemgmt 56-199] Attempt to get parsing info during refresh. "On-the-fly" syntax checking information may be incorrect. [C:\Users\Facun\Desktop\TD1_TPS_Locales\Exercise_Guide_Chapter_9\guia_9\guia_9.srcs\sources_1\new\myLatchD.vhd:]
WARNING: [filemgmt 56-199] Attempt to get parsing info during refresh. "On-the-fly" syntax checking information may be incorrect. [C:\Users\Facun\Desktop\TD1_TPS_Locales\Exercise_Guide_Chapter_9\guia_9\guia_9.srcs\sources_1\new\myFFDR_Rasync.vhd:]
WARNING: [filemgmt 56-199] Attempt to get parsing info during refresh. "On-the-fly" syntax checking information may be incorrect. [C:\Users\Facun\Desktop\TD1_TPS_Locales\Exercise_Guide_Chapter_9\guia_9\guia_9.srcs\sources_1\new\myFFDR_Rasync.vhd:]
ERROR: [Common 17-180] Spawn failed: No error
WARNING: [filemgmt 56-199] Attempt to get parsing info during refresh. "On-the-fly" syntax checking information may be incorrect. [C:\Users\Facun\Desktop\TD1_TPS_Locales\Exercise_Guide_Chapter_9\guia_9\guia_9.srcs\sources_1\new\myFFDR_Rasync.vhd:]
WARNING: [filemgmt 56-199] Attempt to get parsing info during refresh. "On-the-fly" syntax checking information may be incorrect. [C:\Users\Facun\Desktop\TD1_TPS_Locales\Exercise_Guide_Chapter_9\guia_9\guia_9.srcs\sources_1\new\myLatchD.vhd:]
WARNING: [filemgmt 56-199] Attempt to get parsing info during refresh. "On-the-fly" syntax checking information may be incorrect. [C:\Users\Facun\Desktop\TD1_TPS_Locales\Exercise_Guide_Chapter_9\guia_9\guia_9.srcs\sources_1\new\myFFDR_Rasync.vhd:]
WARNING: [filemgmt 56-199] Attempt to get parsing info during refresh. "On-the-fly" syntax checking information may be incorrect. [C:\Users\Facun\Desktop\TD1_TPS_Locales\Exercise_Guide_Chapter_9\guia_9\guia_9.srcs\sources_1\new\myFFDR_Rasync.vhd:]
ERROR: [Common 17-180] Spawn failed: No error
exit
INFO: [Common 17-206] Exiting Vivado at Wed Jun 18 13:24:30 2025...
